database,id,client_order_id,customer_name,order_details,created_at,source,restored_from_edge,synced_from_edge_at,experiment_id,batch_id,test_case_id,run_id,request_number,phase
cloud,1,v41-TC01-1-1-6cb57494,V4.1 TC01 Run 1 Customer 1,"V4.1 test order 1 for normal_operation, run 1, phase workload",2026-08-22T18:05:58.542,cloud,0,,TC01-20260822T180558530355-run1-a0386f,TC01-batch-20260822T180558-a2cc9e,TC01,1,1,workload
cloud,2,v41-TC01-1-2-2d496798,V4.1 TC01 Run 1 Customer 2,"V4.1 test order 2 for normal_operation, run 1, phase workload",2026-08-22T18:05:58.914,cloud,0,,TC01-20260822T180558530355-run1-a0386f,TC01-batch-20260822T180558-a2cc9e,TC01,1,2,workload
cloud,3,v41-TC01-1-3-2443a7ec,V4.1 TC01 Run 1 Customer 3,"V4.1 test order 3 for normal_operation, run 1, phase workload",2026-08-22T18:05:59.317,cloud,0,,TC01-20260822T180558530355-run1-a0386f,TC01-batch-20260822T180558-a2cc9e,TC01,1,3,workload
cloud,4,v41-TC01-1-4-c2d7bcea,V4.1 TC01 Run 1 Customer 4,"V4.1 test order 4 for normal_operation, run 1, phase workload",2026-08-22T18:05:59.703,cloud,0,,TC01-20260822T180558530355-run1-a0386f,TC01-batch-20260822T180558-a2cc9e,TC01,1,4,workload
cloud,5,v41-TC01-1-5-8dfa2ef1,V4.1 TC01 Run 1 Customer 5,"V4.1 test order 5 for normal_operation, run 1, phase workload",2026-08-22T18:06:00.123,cloud,0,,TC01-20260822T180558530355-run1-a0386f,TC01-batch-20260822T180558-a2cc9e,TC01,1,5,workload
cloud,6,v41-TC01-1-6-c02773bb,V4.1 TC01 Run 1 Customer 6,"V4.1 test order 6 for normal_operation, run 1, phase workload",2026-08-22T18:06:00.530,cloud,0,,TC01-20260822T180558530355-run1-a0386f,TC01-batch-20260822T180558-a2cc9e,TC01,1,6,workload
cloud,7,v41-TC01-1-7-a1a4f40f,V4.1 TC01 Run 1 Customer 7,"V4.1 test order 7 for normal_operation, run 1, phase workload",2026-08-22T18:06:00.906,cloud,0,,TC01-20260822T180558530355-run1-a0386f,TC01-batch-20260822T180558-a2cc9e,TC01,1,7,workload
cloud,8,v41-TC01-1-8-8d5b13cc,V4.1 TC01 Run 1 Customer 8,"V4.1 test order 8 for normal_operation, run 1, phase workload",2026-08-22T18:06:01.331,cloud,0,,TC01-20260822T180558530355-run1-a0386f,TC01-batch-20260822T180558-a2cc9e,TC01,1,8,workload
cloud,9,v41-TC01-1-9-54173037,V4.1 TC01 Run 1 Customer 9,"V4.1 test order 9 for normal_operation, run 1, phase workload",2026-08-22T18:06:01.717,cloud,0,,TC01-20260822T180558530355-run1-a0386f,TC01-batch-20260822T180558-a2cc9e,TC01,1,9,workload
cloud,10,v41-TC01-1-10-03de9070,V4.1 TC01 Run 1 Customer 10,"V4.1 test order 10 for normal_operation, run 1, phase workload",2026-08-22T18:06:02.086,cloud,0,,TC01-20260822T180558530355-run1-a0386f,TC01-batch-20260822T180558-a2cc9e,TC01,1,10,workload
cloud,11,v41-TC01-1-11-2b24b4fb,V4.1 TC01 Run 1 Customer 11,"V4.1 test order 11 for normal_operation, run 1, phase workload",2026-08-22T18:06:02.472,cloud,0,,TC01-20260822T180558530355-run1-a0386f,TC01-batch-20260822T180558-a2cc9e,TC01,1,11,workload
cloud,12,v41-TC01-1-12-07284974,V4.1 TC01 Run 1 Customer 12,"V4.1 test order 12 for normal_operation, run 1, phase workload",2026-08-22T18:06:02.838,cloud,0,,TC01-20260822T180558530355-run1-a0386f,TC01-batch-20260822T180558-a2cc9e,TC01,1,12,workload
cloud,13,v41-TC01-1-13-a421e2fd,V4.1 TC01 Run 1 Customer 13,"V4.1 test order 13 for normal_operation, run 1, phase workload",2026-08-22T18:06:03.218,cloud,0,,TC01-20260822T180558530355-run1-a0386f,TC01-batch-20260822T180558-a2cc9e,TC01,1,13,workload
cloud,14,v41-TC01-1-14-12e6a89f,V4.1 TC01 Run 1 Customer 14,"V4.1 test order 14 for normal_operation, run 1, phase workload",2026-08-22T18:06:03.617,cloud,0,,TC01-20260822T180558530355-run1-a0386f,TC01-batch-20260822T180558-a2cc9e,TC01,1,14,workload
cloud,15,v41-TC01-1-15-9e9f29e8,V4.1 TC01 Run 1 Customer 15,"V4.1 test order 15 for normal_operation, run 1, phase workload",2026-08-22T18:06:03.987,cloud,0,,TC01-20260822T180558530355-run1-a0386f,TC01-batch-20260822T180558-a2cc9e,TC01,1,15,workload
cloud,16,v41-TC01-1-16-21a91489,V4.1 TC01 Run 1 Customer 16,"V4.1 test order 16 for normal_operation, run 1, phase workload",2026-08-22T18:06:04.350,cloud,0,,TC01-20260822T180558530355-run1-a0386f,TC01-batch-20260822T180558-a2cc9e,TC01,1,16,workload
cloud,17,v41-TC01-1-17-0515f033,V4.1 TC01 Run 1 Customer 17,"V4.1 test order 17 for normal_operation, run 1, phase workload",2026-08-22T18:06:04.729,cloud,0,,TC01-20260822T180558530355-run1-a0386f,TC01-batch-20260822T180558-a2cc9e,TC01,1,17,workload
cloud,18,v41-TC01-1-18-3cd55f64,V4.1 TC01 Run 1 Customer 18,"V4.1 test order 18 for normal_operation, run 1, phase workload",2026-08-22T18:06:05.120,cloud,0,,TC01-20260822T180558530355-run1-a0386f,TC01-batch-20260822T180558-a2cc9e,TC01,1,18,workload
cloud,19,v41-TC01-1-19-ae4d6ca8,V4.1 TC01 Run 1 Customer 19,"V4.1 test order 19 for normal_operation, run 1, phase workload",2026-08-22T18:06:05.520,cloud,0,,TC01-20260822T180558530355-run1-a0386f,TC01-batch-20260822T180558-a2cc9e,TC01,1,19,workload
cloud,20,v41-TC01-1-20-f5a5d5f8,V4.1 TC01 Run 1 Customer 20,"V4.1 test order 20 for normal_operation, run 1, phase workload",2026-08-22T18:06:05.936,cloud,0,,TC01-20260822T180558530355-run1-a0386f,TC01-batch-20260822T180558-a2cc9e,TC01,1,20,workload
cloud,21,v41-TC01-1-21-d17a99c9,V4.1 TC01 Run 1 Customer 21,"V4.1 test order 21 for normal_operation, run 1, phase workload",2026-08-22T18:06:06.365,cloud,0,,TC01-20260822T180558530355-run1-a0386f,TC01-batch-20260822T180558-a2cc9e,TC01,1,21,workload
cloud,22,v41-TC01-1-22-4fdcf002,V4.1 TC01 Run 1 Customer 22,"V4.1 test order 22 for normal_operation, run 1, phase workload",2026-08-22T18:06:06.762,cloud,0,,TC01-20260822T180558530355-run1-a0386f,TC01-batch-20260822T180558-a2cc9e,TC01,1,22,workload
cloud,23,v41-TC01-1-23-4b985cb6,V4.1 TC01 Run 1 Customer 23,"V4.1 test order 23 for normal_operation, run 1, phase workload",2026-08-22T18:06:07.222,cloud,0,,TC01-20260822T180558530355-run1-a0386f,TC01-batch-20260822T180558-a2cc9e,TC01,1,23,workload
cloud,24,v41-TC01-1-24-10e65cf5,V4.1 TC01 Run 1 Customer 24,"V4.1 test order 24 for normal_operation, run 1, phase workload",2026-08-22T18:06:07.751,cloud,0,,TC01-20260822T180558530355-run1-a0386f,TC01-batch-20260822T180558-a2cc9e,TC01,1,24,workload
cloud,25,v41-TC01-1-25-09b4f3b6,V4.1 TC01 Run 1 Customer 25,"V4.1 test order 25 for normal_operation, run 1, phase workload",2026-08-22T18:06:08.141,cloud,0,,TC01-20260822T180558530355-run1-a0386f,TC01-batch-20260822T180558-a2cc9e,TC01,1,25,workload
cloud,26,v41-TC01-1-26-05eefe23,V4.1 TC01 Run 1 Customer 26,"V4.1 test order 26 for normal_operation, run 1, phase workload",2026-08-22T18:06:08.585,cloud,0,,TC01-20260822T180558530355-run1-a0386f,TC01-batch-20260822T180558-a2cc9e,TC01,1,26,workload
cloud,27,v41-TC01-1-27-a177c2d9,V4.1 TC01 Run 1 Customer 27,"V4.1 test order 27 for normal_operation, run 1, phase workload",2026-08-22T18:06:08.977,cloud,0,,TC01-20260822T180558530355-run1-a0386f,TC01-batch-20260822T180558-a2cc9e,TC01,1,27,workload
cloud,28,v41-TC01-1-28-9050c834,V4.1 TC01 Run 1 Customer 28,"V4.1 test order 28 for normal_operation, run 1, phase workload",2026-08-22T18:06:09.396,cloud,0,,TC01-20260822T180558530355-run1-a0386f,TC01-batch-20260822T180558-a2cc9e,TC01,1,28,workload
cloud,29,v41-TC01-1-29-079eb9d1,V4.1 TC01 Run 1 Customer 29,"V4.1 test order 29 for normal_operation, run 1, phase workload",2026-08-22T18:06:09.856,cloud,0,,TC01-20260822T180558530355-run1-a0386f,TC01-batch-20260822T180558-a2cc9e,TC01,1,29,workload
cloud,30,v41-TC01-1-30-a28cbee3,V4.1 TC01 Run 1 Customer 30,"V4.1 test order 30 for normal_operation, run 1, phase workload",2026-08-22T18:06:10.289,cloud,0,,TC01-20260822T180558530355-run1-a0386f,TC01-batch-20260822T180558-a2cc9e,TC01,1,30,workload
cloud,31,v41-TC01-2-1-18459757,V4.1 TC01 Run 2 Customer 1,"V4.1 test order 1 for normal_operation, run 2, phase workload",2026-08-22T18:06:11.431,cloud,0,,TC01-20260822T180611418888-run2-3743d3,TC01-batch-20260822T180558-a2cc9e,TC01,2,1,workload
cloud,32,v41-TC01-2-2-4ca8585e,V4.1 TC01 Run 2 Customer 2,"V4.1 test order 2 for normal_operation, run 2, phase workload",2026-08-22T18:06:11.850,cloud,0,,TC01-20260822T180611418888-run2-3743d3,TC01-batch-20260822T180558-a2cc9e,TC01,2,2,workload
cloud,33,v41-TC01-2-3-ef65a11f,V4.1 TC01 Run 2 Customer 3,"V4.1 test order 3 for normal_operation, run 2, phase workload",2026-08-22T18:06:12.241,cloud,0,,TC01-20260822T180611418888-run2-3743d3,TC01-batch-20260822T180558-a2cc9e,TC01,2,3,workload
cloud,34,v41-TC01-2-4-66da3735,V4.1 TC01 Run 2 Customer 4,"V4.1 test order 4 for normal_operation, run 2, phase workload",2026-08-22T18:06:12.608,cloud,0,,TC01-20260822T180611418888-run2-3743d3,TC01-batch-20260822T180558-a2cc9e,TC01,2,4,workload
cloud,35,v41-TC01-2-5-5ed173e2,V4.1 TC01 Run 2 Customer 5,"V4.1 test order 5 for normal_operation, run 2, phase workload",2026-08-22T18:06:13.028,cloud,0,,TC01-20260822T180611418888-run2-3743d3,TC01-batch-20260822T180558-a2cc9e,TC01,2,5,workload
cloud,36,v41-TC01-2-6-e2d6af64,V4.1 TC01 Run 2 Customer 6,"V4.1 test order 6 for normal_operation, run 2, phase workload",2026-08-22T18:06:13.406,cloud,0,,TC01-20260822T180611418888-run2-3743d3,TC01-batch-20260822T180558-a2cc9e,TC01,2,6,workload
cloud,37,v41-TC01-2-7-9bb47a8f,V4.1 TC01 Run 2 Customer 7,"V4.1 test order 7 for normal_operation, run 2, phase workload",2026-08-22T18:06:13.826,cloud,0,,TC01-20260822T180611418888-run2-3743d3,TC01-batch-20260822T180558-a2cc9e,TC01,2,7,workload
cloud,38,v41-TC01-2-8-c157cc39,V4.1 TC01 Run 2 Customer 8,"V4.1 test order 8 for normal_operation, run 2, phase workload",2026-08-22T18:06:14.183,cloud,0,,TC01-20260822T180611418888-run2-3743d3,TC01-batch-20260822T180558-a2cc9e,TC01,2,8,workload
cloud,39,v41-TC01-2-9-b3d83ade,V4.1 TC01 Run 2 Customer 9,"V4.1 test order 9 for normal_operation, run 2, phase workload",2026-08-22T18:06:14.588,cloud,0,,TC01-20260822T180611418888-run2-3743d3,TC01-batch-20260822T180558-a2cc9e,TC01,2,9,workload
cloud,40,v41-TC01-2-10-f9e694db,V4.1 TC01 Run 2 Customer 10,"V4.1 test order 10 for normal_operation, run 2, phase workload",2026-08-22T18:06:14.997,cloud,0,,TC01-20260822T180611418888-run2-3743d3,TC01-batch-20260822T180558-a2cc9e,TC01,2,10,workload
cloud,41,v41-TC01-2-11-b1656cf9,V4.1 TC01 Run 2 Customer 11,"V4.1 test order 11 for normal_operation, run 2, phase workload",2026-08-22T18:06:15.396,cloud,0,,TC01-20260822T180611418888-run2-3743d3,TC01-batch-20260822T180558-a2cc9e,TC01,2,11,workload
cloud,42,v41-TC01-2-12-303c318b,V4.1 TC01 Run 2 Customer 12,"V4.1 test order 12 for normal_operation, run 2, phase workload",2026-08-22T18:06:15.783,cloud,0,,TC01-20260822T180611418888-run2-3743d3,TC01-batch-20260822T180558-a2cc9e,TC01,2,12,workload
cloud,43,v41-TC01-2-13-3225a8ac,V4.1 TC01 Run 2 Customer 13,"V4.1 test order 13 for normal_operation, run 2, phase workload",2026-08-22T18:06:16.161,cloud,0,,TC01-20260822T180611418888-run2-3743d3,TC01-batch-20260822T180558-a2cc9e,TC01,2,13,workload
cloud,44,v41-TC01-2-14-93d9a1f7,V4.1 TC01 Run 2 Customer 14,"V4.1 test order 14 for normal_operation, run 2, phase workload",2026-08-22T18:06:16.540,cloud,0,,TC01-20260822T180611418888-run2-3743d3,TC01-batch-20260822T180558-a2cc9e,TC01,2,14,workload
cloud,45,v41-TC01-2-15-f30a4dd4,V4.1 TC01 Run 2 Customer 15,"V4.1 test order 15 for normal_operation, run 2, phase workload",2026-08-22T18:06:16.928,cloud,0,,TC01-20260822T180611418888-run2-3743d3,TC01-batch-20260822T180558-a2cc9e,TC01,2,15,workload
cloud,46,v41-TC01-2-16-add0e070,V4.1 TC01 Run 2 Customer 16,"V4.1 test order 16 for normal_operation, run 2, phase workload",2026-08-22T18:06:17.317,cloud,0,,TC01-20260822T180611418888-run2-3743d3,TC01-batch-20260822T180558-a2cc9e,TC01,2,16,workload
cloud,47,v41-TC01-2-17-c68d6956,V4.1 TC01 Run 2 Customer 17,"V4.1 test order 17 for normal_operation, run 2, phase workload",2026-08-22T18:06:17.705,cloud,0,,TC01-20260822T180611418888-run2-3743d3,TC01-batch-20260822T180558-a2cc9e,TC01,2,17,workload
cloud,48,v41-TC01-2-18-f4cfff74,V4.1 TC01 Run 2 Customer 18,"V4.1 test order 18 for normal_operation, run 2, phase workload",2026-08-22T18:06:18.060,cloud,0,,TC01-20260822T180611418888-run2-3743d3,TC01-batch-20260822T180558-a2cc9e,TC01,2,18,workload
cloud,49,v41-TC01-2-19-65e436b7,V4.1 TC01 Run 2 Customer 19,"V4.1 test order 19 for normal_operation, run 2, phase workload",2026-08-22T18:06:18.440,cloud,0,,TC01-20260822T180611418888-run2-3743d3,TC01-batch-20260822T180558-a2cc9e,TC01,2,19,workload
cloud,50,v41-TC01-2-20-91eb9126,V4.1 TC01 Run 2 Customer 20,"V4.1 test order 20 for normal_operation, run 2, phase workload",2026-08-22T18:06:18.823,cloud,0,,TC01-20260822T180611418888-run2-3743d3,TC01-batch-20260822T180558-a2cc9e,TC01,2,20,workload
cloud,51,v41-TC01-2-21-35f8caa5,V4.1 TC01 Run 2 Customer 21,"V4.1 test order 21 for normal_operation, run 2, phase workload",2026-08-22T18:06:19.208,cloud,0,,TC01-20260822T180611418888-run2-3743d3,TC01-batch-20260822T180558-a2cc9e,TC01,2,21,workload
cloud,52,v41-TC01-2-22-14b62199,V4.1 TC01 Run 2 Customer 22,"V4.1 test order 22 for normal_operation, run 2, phase workload",2026-08-22T18:06:19.627,cloud,0,,TC01-20260822T180611418888-run2-3743d3,TC01-batch-20260822T180558-a2cc9e,TC01,2,22,workload
cloud,53,v41-TC01-2-23-7ea7536f,V4.1 TC01 Run 2 Customer 23,"V4.1 test order 23 for normal_operation, run 2, phase workload",2026-08-22T18:06:20.008,cloud,0,,TC01-20260822T180611418888-run2-3743d3,TC01-batch-20260822T180558-a2cc9e,TC01,2,23,workload
cloud,54,v41-TC01-2-24-775e9b05,V4.1 TC01 Run 2 Customer 24,"V4.1 test order 24 for normal_operation, run 2, phase workload",2026-08-22T18:06:20.405,cloud,0,,TC01-20260822T180611418888-run2-3743d3,TC01-batch-20260822T180558-a2cc9e,TC01,2,24,workload
cloud,55,v41-TC01-2-25-8088bfdb,V4.1 TC01 Run 2 Customer 25,"V4.1 test order 25 for normal_operation, run 2, phase workload",2026-08-22T18:06:20.784,cloud,0,,TC01-20260822T180611418888-run2-3743d3,TC01-batch-20260822T180558-a2cc9e,TC01,2,25,workload
cloud,56,v41-TC01-2-26-3fda72cb,V4.1 TC01 Run 2 Customer 26,"V4.1 test order 26 for normal_operation, run 2, phase workload",2026-08-22T18:06:21.240,cloud,0,,TC01-20260822T180611418888-run2-3743d3,TC01-batch-20260822T180558-a2cc9e,TC01,2,26,workload
cloud,57,v41-TC01-2-27-898bb49e,V4.1 TC01 Run 2 Customer 27,"V4.1 test order 27 for normal_operation, run 2, phase workload",2026-08-22T18:06:21.640,cloud,0,,TC01-20260822T180611418888-run2-3743d3,TC01-batch-20260822T180558-a2cc9e,TC01,2,27,workload
cloud,58,v41-TC01-2-28-dd5caa83,V4.1 TC01 Run 2 Customer 28,"V4.1 test order 28 for normal_operation, run 2, phase workload",2026-08-22T18:06:22.039,cloud,0,,TC01-20260822T180611418888-run2-3743d3,TC01-batch-20260822T180558-a2cc9e,TC01,2,28,workload
cloud,59,v41-TC01-2-29-e3fa8435,V4.1 TC01 Run 2 Customer 29,"V4.1 test order 29 for normal_operation, run 2, phase workload",2026-08-22T18:06:22.433,cloud,0,,TC01-20260822T180611418888-run2-3743d3,TC01-batch-20260822T180558-a2cc9e,TC01,2,29,workload
cloud,60,v41-TC01-2-30-1e2df213,V4.1 TC01 Run 2 Customer 30,"V4.1 test order 30 for normal_operation, run 2, phase workload",2026-08-22T18:06:22.839,cloud,0,,TC01-20260822T180611418888-run2-3743d3,TC01-batch-20260822T180558-a2cc9e,TC01,2,30,workload
cloud,61,v41-TC01-3-1-19baef18,V4.1 TC01 Run 3 Customer 1,"V4.1 test order 1 for normal_operation, run 3, phase workload",2026-08-22T18:06:23.872,cloud,0,,TC01-20260822T180623857411-run3-1c69a5,TC01-batch-20260822T180558-a2cc9e,TC01,3,1,workload
cloud,62,v41-TC01-3-2-600deaa9,V4.1 TC01 Run 3 Customer 2,"V4.1 test order 2 for normal_operation, run 3, phase workload",2026-08-22T18:06:24.276,cloud,0,,TC01-20260822T180623857411-run3-1c69a5,TC01-batch-20260822T180558-a2cc9e,TC01,3,2,workload
cloud,63,v41-TC01-3-3-e5da9ab2,V4.1 TC01 Run 3 Customer 3,"V4.1 test order 3 for normal_operation, run 3, phase workload",2026-08-22T18:06:24.672,cloud,0,,TC01-20260822T180623857411-run3-1c69a5,TC01-batch-20260822T180558-a2cc9e,TC01,3,3,workload
cloud,64,v41-TC01-3-4-9afc6468,V4.1 TC01 Run 3 Customer 4,"V4.1 test order 4 for normal_operation, run 3, phase workload",2026-08-22T18:06:25.082,cloud,0,,TC01-20260822T180623857411-run3-1c69a5,TC01-batch-20260822T180558-a2cc9e,TC01,3,4,workload
cloud,65,v41-TC01-3-5-2a49b8b2,V4.1 TC01 Run 3 Customer 5,"V4.1 test order 5 for normal_operation, run 3, phase workload",2026-08-22T18:06:25.461,cloud,0,,TC01-20260822T180623857411-run3-1c69a5,TC01-batch-20260822T180558-a2cc9e,TC01,3,5,workload
cloud,66,v41-TC01-3-6-c8d3b43d,V4.1 TC01 Run 3 Customer 6,"V4.1 test order 6 for normal_operation, run 3, phase workload",2026-08-22T18:06:25.861,cloud,0,,TC01-20260822T180623857411-run3-1c69a5,TC01-batch-20260822T180558-a2cc9e,TC01,3,6,workload
cloud,67,v41-TC01-3-7-aad9e782,V4.1 TC01 Run 3 Customer 7,"V4.1 test order 7 for normal_operation, run 3, phase workload",2026-08-22T18:06:26.228,cloud,0,,TC01-20260822T180623857411-run3-1c69a5,TC01-batch-20260822T180558-a2cc9e,TC01,3,7,workload
cloud,68,v41-TC01-3-8-982bd7b5,V4.1 TC01 Run 3 Customer 8,"V4.1 test order 8 for normal_operation, run 3, phase workload",2026-08-22T18:06:26.639,cloud,0,,TC01-20260822T180623857411-run3-1c69a5,TC01-batch-20260822T180558-a2cc9e,TC01,3,8,workload
cloud,69,v41-TC01-3-9-3793595d,V4.1 TC01 Run 3 Customer 9,"V4.1 test order 9 for normal_operation, run 3, phase workload",2026-08-22T18:06:27.016,cloud,0,,TC01-20260822T180623857411-run3-1c69a5,TC01-batch-20260822T180558-a2cc9e,TC01,3,9,workload
cloud,70,v41-TC01-3-10-9a6bd72f,V4.1 TC01 Run 3 Customer 10,"V4.1 test order 10 for normal_operation, run 3, phase workload",2026-08-22T18:06:27.399,cloud,0,,TC01-20260822T180623857411-run3-1c69a5,TC01-batch-20260822T180558-a2cc9e,TC01,3,10,workload
cloud,71,v41-TC01-3-11-4e206ced,V4.1 TC01 Run 3 Customer 11,"V4.1 test order 11 for normal_operation, run 3, phase workload",2026-08-22T18:06:27.797,cloud,0,,TC01-20260822T180623857411-run3-1c69a5,TC01-batch-20260822T180558-a2cc9e,TC01,3,11,workload
cloud,72,v41-TC01-3-12-00848e35,V4.1 TC01 Run 3 Customer 12,"V4.1 test order 12 for normal_operation, run 3, phase workload",2026-08-22T18:06:28.210,cloud,0,,TC01-20260822T180623857411-run3-1c69a5,TC01-batch-20260822T180558-a2cc9e,TC01,3,12,workload
cloud,73,v41-TC01-3-13-2503ab39,V4.1 TC01 Run 3 Customer 13,"V4.1 test order 13 for normal_operation, run 3, phase workload",2026-08-22T18:06:28.596,cloud,0,,TC01-20260822T180623857411-run3-1c69a5,TC01-batch-20260822T180558-a2cc9e,TC01,3,13,workload
cloud,74,v41-TC01-3-14-2e0b8fd1,V4.1 TC01 Run 3 Customer 14,"V4.1 test order 14 for normal_operation, run 3, phase workload",2026-08-22T18:06:28.965,cloud,0,,TC01-20260822T180623857411-run3-1c69a5,TC01-batch-20260822T180558-a2cc9e,TC01,3,14,workload
cloud,75,v41-TC01-3-15-f9042215,V4.1 TC01 Run 3 Customer 15,"V4.1 test order 15 for normal_operation, run 3, phase workload",2026-08-22T18:06:29.419,cloud,0,,TC01-20260822T180623857411-run3-1c69a5,TC01-batch-20260822T180558-a2cc9e,TC01,3,15,workload
cloud,76,v41-TC01-3-16-d86d7498,V4.1 TC01 Run 3 Customer 16,"V4.1 test order 16 for normal_operation, run 3, phase workload",2026-08-22T18:06:29.796,cloud,0,,TC01-20260822T180623857411-run3-1c69a5,TC01-batch-20260822T180558-a2cc9e,TC01,3,16,workload
cloud,77,v41-TC01-3-17-635824cf,V4.1 TC01 Run 3 Customer 17,"V4.1 test order 17 for normal_operation, run 3, phase workload",2026-08-22T18:06:30.178,cloud,0,,TC01-20260822T180623857411-run3-1c69a5,TC01-batch-20260822T180558-a2cc9e,TC01,3,17,workload
cloud,78,v41-TC01-3-18-70f8ef94,V4.1 TC01 Run 3 Customer 18,"V4.1 test order 18 for normal_operation, run 3, phase workload",2026-08-22T18:06:30.561,cloud,0,,TC01-20260822T180623857411-run3-1c69a5,TC01-batch-20260822T180558-a2cc9e,TC01,3,18,workload
cloud,79,v41-TC01-3-19-f3586c39,V4.1 TC01 Run 3 Customer 19,"V4.1 test order 19 for normal_operation, run 3, phase workload",2026-08-22T18:06:30.940,cloud,0,,TC01-20260822T180623857411-run3-1c69a5,TC01-batch-20260822T180558-a2cc9e,TC01,3,19,workload
cloud,80,v41-TC01-3-20-ad7e19ba,V4.1 TC01 Run 3 Customer 20,"V4.1 test order 20 for normal_operation, run 3, phase workload",2026-08-22T18:06:31.329,cloud,0,,TC01-20260822T180623857411-run3-1c69a5,TC01-batch-20260822T180558-a2cc9e,TC01,3,20,workload
cloud,81,v41-TC01-3-21-502875d6,V4.1 TC01 Run 3 Customer 21,"V4.1 test order 21 for normal_operation, run 3, phase workload",2026-08-22T18:06:31.727,cloud,0,,TC01-20260822T180623857411-run3-1c69a5,TC01-batch-20260822T180558-a2cc9e,TC01,3,21,workload
cloud,82,v41-TC01-3-22-f43ea9b6,V4.1 TC01 Run 3 Customer 22,"V4.1 test order 22 for normal_operation, run 3, phase workload",2026-08-22T18:06:32.128,cloud,0,,TC01-20260822T180623857411-run3-1c69a5,TC01-batch-20260822T180558-a2cc9e,TC01,3,22,workload
cloud,83,v41-TC01-3-23-c996cb53,V4.1 TC01 Run 3 Customer 23,"V4.1 test order 23 for normal_operation, run 3, phase workload",2026-08-22T18:06:32.524,cloud,0,,TC01-20260822T180623857411-run3-1c69a5,TC01-batch-20260822T180558-a2cc9e,TC01,3,23,workload
cloud,84,v41-TC01-3-24-50aa5936,V4.1 TC01 Run 3 Customer 24,"V4.1 test order 24 for normal_operation, run 3, phase workload",2026-08-22T18:06:32.943,cloud,0,,TC01-20260822T180623857411-run3-1c69a5,TC01-batch-20260822T180558-a2cc9e,TC01,3,24,workload
cloud,85,v41-TC01-3-25-dc517949,V4.1 TC01 Run 3 Customer 25,"V4.1 test order 25 for normal_operation, run 3, phase workload",2026-08-22T18:06:33.346,cloud,0,,TC01-20260822T180623857411-run3-1c69a5,TC01-batch-20260822T180558-a2cc9e,TC01,3,25,workload
cloud,86,v41-TC01-3-26-6ee4813e,V4.1 TC01 Run 3 Customer 26,"V4.1 test order 26 for normal_operation, run 3, phase workload",2026-08-22T18:06:33.731,cloud,0,,TC01-20260822T180623857411-run3-1c69a5,TC01-batch-20260822T180558-a2cc9e,TC01,3,26,workload
cloud,87,v41-TC01-3-27-d1cf6c62,V4.1 TC01 Run 3 Customer 27,"V4.1 test order 27 for normal_operation, run 3, phase workload",2026-08-22T18:06:34.095,cloud,0,,TC01-20260822T180623857411-run3-1c69a5,TC01-batch-20260822T180558-a2cc9e,TC01,3,27,workload
cloud,88,v41-TC01-3-28-6f5031bc,V4.1 TC01 Run 3 Customer 28,"V4.1 test order 28 for normal_operation, run 3, phase workload",2026-08-22T18:06:34.473,cloud,0,,TC01-20260822T180623857411-run3-1c69a5,TC01-batch-20260822T180558-a2cc9e,TC01,3,28,workload
cloud,89,v41-TC01-3-29-a1df7ba0,V4.1 TC01 Run 3 Customer 29,"V4.1 test order 29 for normal_operation, run 3, phase workload",2026-08-22T18:06:34.849,cloud,0,,TC01-20260822T180623857411-run3-1c69a5,TC01-batch-20260822T180558-a2cc9e,TC01,3,29,workload
cloud,90,v41-TC01-3-30-b49be65a,V4.1 TC01 Run 3 Customer 30,"V4.1 test order 30 for normal_operation, run 3, phase workload",2026-08-22T18:06:35.235,cloud,0,,TC01-20260822T180623857411-run3-1c69a5,TC01-batch-20260822T180558-a2cc9e,TC01,3,30,workload
cloud,91,v41-TC01-4-1-53c1d793,V4.1 TC01 Run 4 Customer 1,"V4.1 test order 1 for normal_operation, run 4, phase workload",2026-08-22T18:06:36.369,cloud,0,,TC01-20260822T180636341031-run4-347d01,TC01-batch-20260822T180558-a2cc9e,TC01,4,1,workload
cloud,92,v41-TC01-4-2-b784f291,V4.1 TC01 Run 4 Customer 2,"V4.1 test order 2 for normal_operation, run 4, phase workload",2026-08-22T18:06:36.797,cloud,0,,TC01-20260822T180636341031-run4-347d01,TC01-batch-20260822T180558-a2cc9e,TC01,4,2,workload
cloud,93,v41-TC01-4-3-90950d0e,V4.1 TC01 Run 4 Customer 3,"V4.1 test order 3 for normal_operation, run 4, phase workload",2026-08-22T18:06:37.189,cloud,0,,TC01-20260822T180636341031-run4-347d01,TC01-batch-20260822T180558-a2cc9e,TC01,4,3,workload
cloud,94,v41-TC01-4-4-6c8034df,V4.1 TC01 Run 4 Customer 4,"V4.1 test order 4 for normal_operation, run 4, phase workload",2026-08-22T18:06:37.588,cloud,0,,TC01-20260822T180636341031-run4-347d01,TC01-batch-20260822T180558-a2cc9e,TC01,4,4,workload
cloud,95,v41-TC01-4-5-435292b0,V4.1 TC01 Run 4 Customer 5,"V4.1 test order 5 for normal_operation, run 4, phase workload",2026-08-22T18:06:37.973,cloud,0,,TC01-20260822T180636341031-run4-347d01,TC01-batch-20260822T180558-a2cc9e,TC01,4,5,workload
cloud,96,v41-TC01-4-6-678d3e80,V4.1 TC01 Run 4 Customer 6,"V4.1 test order 6 for normal_operation, run 4, phase workload",2026-08-22T18:06:38.367,cloud,0,,TC01-20260822T180636341031-run4-347d01,TC01-batch-20260822T180558-a2cc9e,TC01,4,6,workload
cloud,97,v41-TC01-4-7-779cc39d,V4.1 TC01 Run 4 Customer 7,"V4.1 test order 7 for normal_operation, run 4, phase workload",2026-08-22T18:06:38.780,cloud,0,,TC01-20260822T180636341031-run4-347d01,TC01-batch-20260822T180558-a2cc9e,TC01,4,7,workload
cloud,98,v41-TC01-4-8-ea2f1e64,V4.1 TC01 Run 4 Customer 8,"V4.1 test order 8 for normal_operation, run 4, phase workload",2026-08-22T18:06:39.159,cloud,0,,TC01-20260822T180636341031-run4-347d01,TC01-batch-20260822T180558-a2cc9e,TC01,4,8,workload
cloud,99,v41-TC01-4-9-afa8fcc8,V4.1 TC01 Run 4 Customer 9,"V4.1 test order 9 for normal_operation, run 4, phase workload",2026-08-22T18:06:39.598,cloud,0,,TC01-20260822T180636341031-run4-347d01,TC01-batch-20260822T180558-a2cc9e,TC01,4,9,workload
cloud,100,v41-TC01-4-10-1fdbf49f,V4.1 TC01 Run 4 Customer 10,"V4.1 test order 10 for normal_operation, run 4, phase workload",2026-08-22T18:06:39.962,cloud,0,,TC01-20260822T180636341031-run4-347d01,TC01-batch-20260822T180558-a2cc9e,TC01,4,10,workload
cloud,101,v41-TC01-4-11-a70c9716,V4.1 TC01 Run 4 Customer 11,"V4.1 test order 11 for normal_operation, run 4, phase workload",2026-08-22T18:06:40.354,cloud,0,,TC01-20260822T180636341031-run4-347d01,TC01-batch-20260822T180558-a2cc9e,TC01,4,11,workload
cloud,102,v41-TC01-4-12-74b6ddca,V4.1 TC01 Run 4 Customer 12,"V4.1 test order 12 for normal_operation, run 4, phase workload",2026-08-22T18:06:40.873,cloud,0,,TC01-20260822T180636341031-run4-347d01,TC01-batch-20260822T180558-a2cc9e,TC01,4,12,workload
cloud,103,v41-TC01-4-13-b4ef8a4c,V4.1 TC01 Run 4 Customer 13,"V4.1 test order 13 for normal_operation, run 4, phase workload",2026-08-22T18:06:41.240,cloud,0,,TC01-20260822T180636341031-run4-347d01,TC01-batch-20260822T180558-a2cc9e,TC01,4,13,workload
cloud,104,v41-TC01-4-14-3513c8e4,V4.1 TC01 Run 4 Customer 14,"V4.1 test order 14 for normal_operation, run 4, phase workload",2026-08-22T18:06:41.643,cloud,0,,TC01-20260822T180636341031-run4-347d01,TC01-batch-20260822T180558-a2cc9e,TC01,4,14,workload
cloud,105,v41-TC01-4-15-0e6fb14e,V4.1 TC01 Run 4 Customer 15,"V4.1 test order 15 for normal_operation, run 4, phase workload",2026-08-22T18:06:42.163,cloud,0,,TC01-20260822T180636341031-run4-347d01,TC01-batch-20260822T180558-a2cc9e,TC01,4,15,workload
cloud,106,v41-TC01-4-16-dea83b2f,V4.1 TC01 Run 4 Customer 16,"V4.1 test order 16 for normal_operation, run 4, phase workload",2026-08-22T18:06:42.588,cloud,0,,TC01-20260822T180636341031-run4-347d01,TC01-batch-20260822T180558-a2cc9e,TC01,4,16,workload
cloud,107,v41-TC01-4-17-fa27509d,V4.1 TC01 Run 4 Customer 17,"V4.1 test order 17 for normal_operation, run 4, phase workload",2026-08-22T18:06:43.017,cloud,0,,TC01-20260822T180636341031-run4-347d01,TC01-batch-20260822T180558-a2cc9e,TC01,4,17,workload
cloud,108,v41-TC01-4-18-b94af1cf,V4.1 TC01 Run 4 Customer 18,"V4.1 test order 18 for normal_operation, run 4, phase workload",2026-08-22T18:06:43.457,cloud,0,,TC01-20260822T180636341031-run4-347d01,TC01-batch-20260822T180558-a2cc9e,TC01,4,18,workload
cloud,109,v41-TC01-4-19-37ab695c,V4.1 TC01 Run 4 Customer 19,"V4.1 test order 19 for normal_operation, run 4, phase workload",2026-08-22T18:06:43.873,cloud,0,,TC01-20260822T180636341031-run4-347d01,TC01-batch-20260822T180558-a2cc9e,TC01,4,19,workload
cloud,110,v41-TC01-4-20-882e0cfb,V4.1 TC01 Run 4 Customer 20,"V4.1 test order 20 for normal_operation, run 4, phase workload",2026-08-22T18:06:44.374,cloud,0,,TC01-20260822T180636341031-run4-347d01,TC01-batch-20260822T180558-a2cc9e,TC01,4,20,workload
cloud,111,v41-TC01-4-21-e62ecb4f,V4.1 TC01 Run 4 Customer 21,"V4.1 test order 21 for normal_operation, run 4, phase workload",2026-08-22T18:06:44.790,cloud,0,,TC01-20260822T180636341031-run4-347d01,TC01-batch-20260822T180558-a2cc9e,TC01,4,21,workload
cloud,112,v41-TC01-4-22-f455e6eb,V4.1 TC01 Run 4 Customer 22,"V4.1 test order 22 for normal_operation, run 4, phase workload",2026-08-22T18:06:45.280,cloud,0,,TC01-20260822T180636341031-run4-347d01,TC01-batch-20260822T180558-a2cc9e,TC01,4,22,workload
cloud,113,v41-TC01-4-23-e5e270df,V4.1 TC01 Run 4 Customer 23,"V4.1 test order 23 for normal_operation, run 4, phase workload",2026-08-22T18:06:45.684,cloud,0,,TC01-20260822T180636341031-run4-347d01,TC01-batch-20260822T180558-a2cc9e,TC01,4,23,workload
cloud,114,v41-TC01-4-24-b9fa6ce9,V4.1 TC01 Run 4 Customer 24,"V4.1 test order 24 for normal_operation, run 4, phase workload",2026-08-22T18:06:46.074,cloud,0,,TC01-20260822T180636341031-run4-347d01,TC01-batch-20260822T180558-a2cc9e,TC01,4,24,workload
cloud,115,v41-TC01-4-25-84ad1c2e,V4.1 TC01 Run 4 Customer 25,"V4.1 test order 25 for normal_operation, run 4, phase workload",2026-08-22T18:06:46.552,cloud,0,,TC01-20260822T180636341031-run4-347d01,TC01-batch-20260822T180558-a2cc9e,TC01,4,25,workload
cloud,116,v41-TC01-4-26-bef351b4,V4.1 TC01 Run 4 Customer 26,"V4.1 test order 26 for normal_operation, run 4, phase workload",2026-08-22T18:06:46.974,cloud,0,,TC01-20260822T180636341031-run4-347d01,TC01-batch-20260822T180558-a2cc9e,TC01,4,26,workload
cloud,117,v41-TC01-4-27-28357312,V4.1 TC01 Run 4 Customer 27,"V4.1 test order 27 for normal_operation, run 4, phase workload",2026-08-22T18:06:47.363,cloud,0,,TC01-20260822T180636341031-run4-347d01,TC01-batch-20260822T180558-a2cc9e,TC01,4,27,workload
cloud,118,v41-TC01-4-28-e97bfb9d,V4.1 TC01 Run 4 Customer 28,"V4.1 test order 28 for normal_operation, run 4, phase workload",2026-08-22T18:06:47.907,cloud,0,,TC01-20260822T180636341031-run4-347d01,TC01-batch-20260822T180558-a2cc9e,TC01,4,28,workload
cloud,119,v41-TC01-4-29-4d575704,V4.1 TC01 Run 4 Customer 29,"V4.1 test order 29 for normal_operation, run 4, phase workload",2026-08-22T18:06:48.307,cloud,0,,TC01-20260822T180636341031-run4-347d01,TC01-batch-20260822T180558-a2cc9e,TC01,4,29,workload
cloud,120,v41-TC01-4-30-2f3e0078,V4.1 TC01 Run 4 Customer 30,"V4.1 test order 30 for normal_operation, run 4, phase workload",2026-08-22T18:06:48.836,cloud,0,,TC01-20260822T180636341031-run4-347d01,TC01-batch-20260822T180558-a2cc9e,TC01,4,30,workload
cloud,121,v41-TC01-5-1-6e63a6d4,V4.1 TC01 Run 5 Customer 1,"V4.1 test order 1 for normal_operation, run 5, phase workload",2026-08-22T18:06:49.900,cloud,0,,TC01-20260822T180649884969-run5-0e79e5,TC01-batch-20260822T180558-a2cc9e,TC01,5,1,workload
cloud,122,v41-TC01-5-2-aea48a56,V4.1 TC01 Run 5 Customer 2,"V4.1 test order 2 for normal_operation, run 5, phase workload",2026-08-22T18:06:50.433,cloud,0,,TC01-20260822T180649884969-run5-0e79e5,TC01-batch-20260822T180558-a2cc9e,TC01,5,2,workload
cloud,123,v41-TC01-5-3-2bf89c6d,V4.1 TC01 Run 5 Customer 3,"V4.1 test order 3 for normal_operation, run 5, phase workload",2026-08-22T18:06:50.820,cloud,0,,TC01-20260822T180649884969-run5-0e79e5,TC01-batch-20260822T180558-a2cc9e,TC01,5,3,workload
cloud,124,v41-TC01-5-4-e2e844a0,V4.1 TC01 Run 5 Customer 4,"V4.1 test order 4 for normal_operation, run 5, phase workload",2026-08-22T18:06:51.206,cloud,0,,TC01-20260822T180649884969-run5-0e79e5,TC01-batch-20260822T180558-a2cc9e,TC01,5,4,workload
cloud,125,v41-TC01-5-5-fa9413fd,V4.1 TC01 Run 5 Customer 5,"V4.1 test order 5 for normal_operation, run 5, phase workload",2026-08-22T18:06:51.695,cloud,0,,TC01-20260822T180649884969-run5-0e79e5,TC01-batch-20260822T180558-a2cc9e,TC01,5,5,workload
cloud,126,v41-TC01-5-6-098efd8d,V4.1 TC01 Run 5 Customer 6,"V4.1 test order 6 for normal_operation, run 5, phase workload",2026-08-22T18:06:52.134,cloud,0,,TC01-20260822T180649884969-run5-0e79e5,TC01-batch-20260822T180558-a2cc9e,TC01,5,6,workload
cloud,127,v41-TC01-5-7-a1eb0c16,V4.1 TC01 Run 5 Customer 7,"V4.1 test order 7 for normal_operation, run 5, phase workload",2026-08-22T18:06:52.550,cloud,0,,TC01-20260822T180649884969-run5-0e79e5,TC01-batch-20260822T180558-a2cc9e,TC01,5,7,workload
cloud,128,v41-TC01-5-8-6ed458c8,V4.1 TC01 Run 5 Customer 8,"V4.1 test order 8 for normal_operation, run 5, phase workload",2026-08-22T18:06:53.051,cloud,0,,TC01-20260822T180649884969-run5-0e79e5,TC01-batch-20260822T180558-a2cc9e,TC01,5,8,workload
cloud,129,v41-TC01-5-9-295e62ce,V4.1 TC01 Run 5 Customer 9,"V4.1 test order 9 for normal_operation, run 5, phase workload",2026-08-22T18:06:53.470,cloud,0,,TC01-20260822T180649884969-run5-0e79e5,TC01-batch-20260822T180558-a2cc9e,TC01,5,9,workload
cloud,130,v41-TC01-5-10-2e91bdb3,V4.1 TC01 Run 5 Customer 10,"V4.1 test order 10 for normal_operation, run 5, phase workload",2026-08-22T18:06:53.874,cloud,0,,TC01-20260822T180649884969-run5-0e79e5,TC01-batch-20260822T180558-a2cc9e,TC01,5,10,workload
cloud,131,v41-TC01-5-11-f57f72fb,V4.1 TC01 Run 5 Customer 11,"V4.1 test order 11 for normal_operation, run 5, phase workload",2026-08-22T18:06:54.395,cloud,0,,TC01-20260822T180649884969-run5-0e79e5,TC01-batch-20260822T180558-a2cc9e,TC01,5,11,workload
cloud,132,v41-TC01-5-12-a1b95587,V4.1 TC01 Run 5 Customer 12,"V4.1 test order 12 for normal_operation, run 5, phase workload",2026-08-22T18:06:54.807,cloud,0,,TC01-20260822T180649884969-run5-0e79e5,TC01-batch-20260822T180558-a2cc9e,TC01,5,12,workload
cloud,133,v41-TC01-5-13-bd9812c3,V4.1 TC01 Run 5 Customer 13,"V4.1 test order 13 for normal_operation, run 5, phase workload",2026-08-22T18:06:55.319,cloud,0,,TC01-20260822T180649884969-run5-0e79e5,TC01-batch-20260822T180558-a2cc9e,TC01,5,13,workload
cloud,134,v41-TC01-5-14-df8ab58e,V4.1 TC01 Run 5 Customer 14,"V4.1 test order 14 for normal_operation, run 5, phase workload",2026-08-22T18:06:55.728,cloud,0,,TC01-20260822T180649884969-run5-0e79e5,TC01-batch-20260822T180558-a2cc9e,TC01,5,14,workload
cloud,135,v41-TC01-5-15-f4c8588e,V4.1 TC01 Run 5 Customer 15,"V4.1 test order 15 for normal_operation, run 5, phase workload",2026-08-22T18:06:56.140,cloud,0,,TC01-20260822T180649884969-run5-0e79e5,TC01-batch-20260822T180558-a2cc9e,TC01,5,15,workload
cloud,136,v41-TC01-5-16-40de1776,V4.1 TC01 Run 5 Customer 16,"V4.1 test order 16 for normal_operation, run 5, phase workload",2026-08-22T18:06:56.640,cloud,0,,TC01-20260822T180649884969-run5-0e79e5,TC01-batch-20260822T180558-a2cc9e,TC01,5,16,workload
cloud,137,v41-TC01-5-17-e3f993b3,V4.1 TC01 Run 5 Customer 17,"V4.1 test order 17 for normal_operation, run 5, phase workload",2026-08-22T18:06:57.061,cloud,0,,TC01-20260822T180649884969-run5-0e79e5,TC01-batch-20260822T180558-a2cc9e,TC01,5,17,workload
cloud,138,v41-TC01-5-18-f31b7f51,V4.1 TC01 Run 5 Customer 18,"V4.1 test order 18 for normal_operation, run 5, phase workload",2026-08-22T18:06:57.477,cloud,0,,TC01-20260822T180649884969-run5-0e79e5,TC01-batch-20260822T180558-a2cc9e,TC01,5,18,workload
cloud,139,v41-TC01-5-19-ed9c0ee5,V4.1 TC01 Run 5 Customer 19,"V4.1 test order 19 for normal_operation, run 5, phase workload",2026-08-22T18:06:57.885,cloud,0,,TC01-20260822T180649884969-run5-0e79e5,TC01-batch-20260822T180558-a2cc9e,TC01,5,19,workload
cloud,140,v41-TC01-5-20-e158170b,V4.1 TC01 Run 5 Customer 20,"V4.1 test order 20 for normal_operation, run 5, phase workload",2026-08-22T18:06:58.285,cloud,0,,TC01-20260822T180649884969-run5-0e79e5,TC01-batch-20260822T180558-a2cc9e,TC01,5,20,workload
cloud,141,v41-TC01-5-21-68b30007,V4.1 TC01 Run 5 Customer 21,"V4.1 test order 21 for normal_operation, run 5, phase workload",2026-08-22T18:06:58.762,cloud,0,,TC01-20260822T180649884969-run5-0e79e5,TC01-batch-20260822T180558-a2cc9e,TC01,5,21,workload
cloud,142,v41-TC01-5-22-0474c93e,V4.1 TC01 Run 5 Customer 22,"V4.1 test order 22 for normal_operation, run 5, phase workload",2026-08-22T18:06:59.151,cloud,0,,TC01-20260822T180649884969-run5-0e79e5,TC01-batch-20260822T180558-a2cc9e,TC01,5,22,workload
cloud,143,v41-TC01-5-23-e9f468b1,V4.1 TC01 Run 5 Customer 23,"V4.1 test order 23 for normal_operation, run 5, phase workload",2026-08-22T18:06:59.563,cloud,0,,TC01-20260822T180649884969-run5-0e79e5,TC01-batch-20260822T180558-a2cc9e,TC01,5,23,workload
cloud,144,v41-TC01-5-24-a358de0e,V4.1 TC01 Run 5 Customer 24,"V4.1 test order 24 for normal_operation, run 5, phase workload",2026-08-22T18:07:00.043,cloud,0,,TC01-20260822T180649884969-run5-0e79e5,TC01-batch-20260822T180558-a2cc9e,TC01,5,24,workload
cloud,145,v41-TC01-5-25-6968187c,V4.1 TC01 Run 5 Customer 25,"V4.1 test order 25 for normal_operation, run 5, phase workload",2026-08-22T18:07:00.417,cloud,0,,TC01-20260822T180649884969-run5-0e79e5,TC01-batch-20260822T180558-a2cc9e,TC01,5,25,workload
cloud,146,v41-TC01-5-26-99672978,V4.1 TC01 Run 5 Customer 26,"V4.1 test order 26 for normal_operation, run 5, phase workload",2026-08-22T18:07:00.808,cloud,0,,TC01-20260822T180649884969-run5-0e79e5,TC01-batch-20260822T180558-a2cc9e,TC01,5,26,workload
cloud,147,v41-TC01-5-27-c74348a0,V4.1 TC01 Run 5 Customer 27,"V4.1 test order 27 for normal_operation, run 5, phase workload",2026-08-22T18:07:01.308,cloud,0,,TC01-20260822T180649884969-run5-0e79e5,TC01-batch-20260822T180558-a2cc9e,TC01,5,27,workload
cloud,148,v41-TC01-5-28-a816e64b,V4.1 TC01 Run 5 Customer 28,"V4.1 test order 28 for normal_operation, run 5, phase workload",2026-08-22T18:07:01.664,cloud,0,,TC01-20260822T180649884969-run5-0e79e5,TC01-batch-20260822T180558-a2cc9e,TC01,5,28,workload
cloud,149,v41-TC01-5-29-0b721c93,V4.1 TC01 Run 5 Customer 29,"V4.1 test order 29 for normal_operation, run 5, phase workload",2026-08-22T18:07:02.040,cloud,0,,TC01-20260822T180649884969-run5-0e79e5,TC01-batch-20260822T180558-a2cc9e,TC01,5,29,workload
cloud,150,v41-TC01-5-30-e312fca7,V4.1 TC01 Run 5 Customer 30,"V4.1 test order 30 for normal_operation, run 5, phase workload",2026-08-22T18:07:02.552,cloud,0,,TC01-20260822T180649884969-run5-0e79e5,TC01-batch-20260822T180558-a2cc9e,TC01,5,30,workload
cloud,151,v41-TC01-6-1-fbf05c98,V4.1 TC01 Run 6 Customer 1,"V4.1 test order 1 for normal_operation, run 6, phase workload",2026-08-22T18:07:03.667,cloud,0,,TC01-20260822T180703651516-run6-93aab6,TC01-batch-20260822T180558-a2cc9e,TC01,6,1,workload
cloud,152,v41-TC01-6-2-439543dd,V4.1 TC01 Run 6 Customer 2,"V4.1 test order 2 for normal_operation, run 6, phase workload",2026-08-22T18:07:04.175,cloud,0,,TC01-20260822T180703651516-run6-93aab6,TC01-batch-20260822T180558-a2cc9e,TC01,6,2,workload
cloud,153,v41-TC01-6-3-cf5226e3,V4.1 TC01 Run 6 Customer 3,"V4.1 test order 3 for normal_operation, run 6, phase workload",2026-08-22T18:07:04.607,cloud,0,,TC01-20260822T180703651516-run6-93aab6,TC01-batch-20260822T180558-a2cc9e,TC01,6,3,workload
cloud,154,v41-TC01-6-4-866957f8,V4.1 TC01 Run 6 Customer 4,"V4.1 test order 4 for normal_operation, run 6, phase workload",2026-08-22T18:07:04.995,cloud,0,,TC01-20260822T180703651516-run6-93aab6,TC01-batch-20260822T180558-a2cc9e,TC01,6,4,workload
cloud,155,v41-TC01-6-5-adaae983,V4.1 TC01 Run 6 Customer 5,"V4.1 test order 5 for normal_operation, run 6, phase workload",2026-08-22T18:07:05.514,cloud,0,,TC01-20260822T180703651516-run6-93aab6,TC01-batch-20260822T180558-a2cc9e,TC01,6,5,workload
cloud,156,v41-TC01-6-6-460db189,V4.1 TC01 Run 6 Customer 6,"V4.1 test order 6 for normal_operation, run 6, phase workload",2026-08-22T18:07:05.953,cloud,0,,TC01-20260822T180703651516-run6-93aab6,TC01-batch-20260822T180558-a2cc9e,TC01,6,6,workload
cloud,157,v41-TC01-6-7-a7d243d0,V4.1 TC01 Run 6 Customer 7,"V4.1 test order 7 for normal_operation, run 6, phase workload",2026-08-22T18:07:06.440,cloud,0,,TC01-20260822T180703651516-run6-93aab6,TC01-batch-20260822T180558-a2cc9e,TC01,6,7,workload
cloud,158,v41-TC01-6-8-2eb18a62,V4.1 TC01 Run 6 Customer 8,"V4.1 test order 8 for normal_operation, run 6, phase workload",2026-08-22T18:07:06.831,cloud,0,,TC01-20260822T180703651516-run6-93aab6,TC01-batch-20260822T180558-a2cc9e,TC01,6,8,workload
cloud,159,v41-TC01-6-9-dafd50aa,V4.1 TC01 Run 6 Customer 9,"V4.1 test order 9 for normal_operation, run 6, phase workload",2026-08-22T18:07:07.211,cloud,0,,TC01-20260822T180703651516-run6-93aab6,TC01-batch-20260822T180558-a2cc9e,TC01,6,9,workload
cloud,160,v41-TC01-6-10-534a53d5,V4.1 TC01 Run 6 Customer 10,"V4.1 test order 10 for normal_operation, run 6, phase workload",2026-08-22T18:07:07.734,cloud,0,,TC01-20260822T180703651516-run6-93aab6,TC01-batch-20260822T180558-a2cc9e,TC01,6,10,workload
cloud,161,v41-TC01-6-11-25c0bb36,V4.1 TC01 Run 6 Customer 11,"V4.1 test order 11 for normal_operation, run 6, phase workload",2026-08-22T18:07:08.129,cloud,0,,TC01-20260822T180703651516-run6-93aab6,TC01-batch-20260822T180558-a2cc9e,TC01,6,11,workload
cloud,162,v41-TC01-6-12-0f5bfe0e,V4.1 TC01 Run 6 Customer 12,"V4.1 test order 12 for normal_operation, run 6, phase workload",2026-08-22T18:07:08.531,cloud,0,,TC01-20260822T180703651516-run6-93aab6,TC01-batch-20260822T180558-a2cc9e,TC01,6,12,workload
cloud,163,v41-TC01-6-13-16bd1ade,V4.1 TC01 Run 6 Customer 13,"V4.1 test order 13 for normal_operation, run 6, phase workload",2026-08-22T18:07:09.066,cloud,0,,TC01-20260822T180703651516-run6-93aab6,TC01-batch-20260822T180558-a2cc9e,TC01,6,13,workload
cloud,164,v41-TC01-6-14-aa7cae85,V4.1 TC01 Run 6 Customer 14,"V4.1 test order 14 for normal_operation, run 6, phase workload",2026-08-22T18:07:09.453,cloud,0,,TC01-20260822T180703651516-run6-93aab6,TC01-batch-20260822T180558-a2cc9e,TC01,6,14,workload
cloud,165,v41-TC01-6-15-952499f0,V4.1 TC01 Run 6 Customer 15,"V4.1 test order 15 for normal_operation, run 6, phase workload",2026-08-22T18:07:09.907,cloud,0,,TC01-20260822T180703651516-run6-93aab6,TC01-batch-20260822T180558-a2cc9e,TC01,6,15,workload
cloud,166,v41-TC01-6-16-821ce342,V4.1 TC01 Run 6 Customer 16,"V4.1 test order 16 for normal_operation, run 6, phase workload",2026-08-22T18:07:10.333,cloud,0,,TC01-20260822T180703651516-run6-93aab6,TC01-batch-20260822T180558-a2cc9e,TC01,6,16,workload
cloud,167,v41-TC01-6-17-35ae40d3,V4.1 TC01 Run 6 Customer 17,"V4.1 test order 17 for normal_operation, run 6, phase workload",2026-08-22T18:07:10.720,cloud,0,,TC01-20260822T180703651516-run6-93aab6,TC01-batch-20260822T180558-a2cc9e,TC01,6,17,workload
cloud,168,v41-TC01-6-18-c5fc1e36,V4.1 TC01 Run 6 Customer 18,"V4.1 test order 18 for normal_operation, run 6, phase workload",2026-08-22T18:07:11.248,cloud,0,,TC01-20260822T180703651516-run6-93aab6,TC01-batch-20260822T180558-a2cc9e,TC01,6,18,workload
cloud,169,v41-TC01-6-19-812990bd,V4.1 TC01 Run 6 Customer 19,"V4.1 test order 19 for normal_operation, run 6, phase workload",2026-08-22T18:07:11.652,cloud,0,,TC01-20260822T180703651516-run6-93aab6,TC01-batch-20260822T180558-a2cc9e,TC01,6,19,workload
cloud,170,v41-TC01-6-20-7169ca87,V4.1 TC01 Run 6 Customer 20,"V4.1 test order 20 for normal_operation, run 6, phase workload",2026-08-22T18:07:12.041,cloud,0,,TC01-20260822T180703651516-run6-93aab6,TC01-batch-20260822T180558-a2cc9e,TC01,6,20,workload
cloud,171,v41-TC01-6-21-183a9341,V4.1 TC01 Run 6 Customer 21,"V4.1 test order 21 for normal_operation, run 6, phase workload",2026-08-22T18:07:12.518,cloud,0,,TC01-20260822T180703651516-run6-93aab6,TC01-batch-20260822T180558-a2cc9e,TC01,6,21,workload
cloud,172,v41-TC01-6-22-94ab6ffd,V4.1 TC01 Run 6 Customer 22,"V4.1 test order 22 for normal_operation, run 6, phase workload",2026-08-22T18:07:12.897,cloud,0,,TC01-20260822T180703651516-run6-93aab6,TC01-batch-20260822T180558-a2cc9e,TC01,6,22,workload
cloud,173,v41-TC01-6-23-57c56713,V4.1 TC01 Run 6 Customer 23,"V4.1 test order 23 for normal_operation, run 6, phase workload",2026-08-22T18:07:13.310,cloud,0,,TC01-20260822T180703651516-run6-93aab6,TC01-batch-20260822T180558-a2cc9e,TC01,6,23,workload
cloud,174,v41-TC01-6-24-5a11c570,V4.1 TC01 Run 6 Customer 24,"V4.1 test order 24 for normal_operation, run 6, phase workload",2026-08-22T18:07:13.763,cloud,0,,TC01-20260822T180703651516-run6-93aab6,TC01-batch-20260822T180558-a2cc9e,TC01,6,24,workload
cloud,175,v41-TC01-6-25-8cf828bd,V4.1 TC01 Run 6 Customer 25,"V4.1 test order 25 for normal_operation, run 6, phase workload",2026-08-22T18:07:14.197,cloud,0,,TC01-20260822T180703651516-run6-93aab6,TC01-batch-20260822T180558-a2cc9e,TC01,6,25,workload
cloud,176,v41-TC01-6-26-45144c8c,V4.1 TC01 Run 6 Customer 26,"V4.1 test order 26 for normal_operation, run 6, phase workload",2026-08-22T18:07:14.603,cloud,0,,TC01-20260822T180703651516-run6-93aab6,TC01-batch-20260822T180558-a2cc9e,TC01,6,26,workload
cloud,177,v41-TC01-6-27-f2a55c0a,V4.1 TC01 Run 6 Customer 27,"V4.1 test order 27 for normal_operation, run 6, phase workload",2026-08-22T18:07:15.084,cloud,0,,TC01-20260822T180703651516-run6-93aab6,TC01-batch-20260822T180558-a2cc9e,TC01,6,27,workload
cloud,178,v41-TC01-6-28-27e36bcc,V4.1 TC01 Run 6 Customer 28,"V4.1 test order 28 for normal_operation, run 6, phase workload",2026-08-22T18:07:15.497,cloud,0,,TC01-20260822T180703651516-run6-93aab6,TC01-batch-20260822T180558-a2cc9e,TC01,6,28,workload
cloud,179,v41-TC01-6-29-e8c74be3,V4.1 TC01 Run 6 Customer 29,"V4.1 test order 29 for normal_operation, run 6, phase workload",2026-08-22T18:07:15.900,cloud,0,,TC01-20260822T180703651516-run6-93aab6,TC01-batch-20260822T180558-a2cc9e,TC01,6,29,workload
cloud,180,v41-TC01-6-30-4a64e0c7,V4.1 TC01 Run 6 Customer 30,"V4.1 test order 30 for normal_operation, run 6, phase workload",2026-08-22T18:07:16.354,cloud,0,,TC01-20260822T180703651516-run6-93aab6,TC01-batch-20260822T180558-a2cc9e,TC01,6,30,workload
cloud,181,v41-TC01-7-1-4058e8cc,V4.1 TC01 Run 7 Customer 1,"V4.1 test order 1 for normal_operation, run 7, phase workload",2026-08-22T18:07:17.424,cloud,0,,TC01-20260822T180717402067-run7-26b425,TC01-batch-20260822T180558-a2cc9e,TC01,7,1,workload
cloud,182,v41-TC01-7-2-78b814d5,V4.1 TC01 Run 7 Customer 2,"V4.1 test order 2 for normal_operation, run 7, phase workload",2026-08-22T18:07:17.931,cloud,0,,TC01-20260822T180717402067-run7-26b425,TC01-batch-20260822T180558-a2cc9e,TC01,7,2,workload
cloud,183,v41-TC01-7-3-95ca25e9,V4.1 TC01 Run 7 Customer 3,"V4.1 test order 3 for normal_operation, run 7, phase workload",2026-08-22T18:07:18.329,cloud,0,,TC01-20260822T180717402067-run7-26b425,TC01-batch-20260822T180558-a2cc9e,TC01,7,3,workload
cloud,184,v41-TC01-7-4-ec1f6c63,V4.1 TC01 Run 7 Customer 4,"V4.1 test order 4 for normal_operation, run 7, phase workload",2026-08-22T18:07:18.808,cloud,0,,TC01-20260822T180717402067-run7-26b425,TC01-batch-20260822T180558-a2cc9e,TC01,7,4,workload
cloud,185,v41-TC01-7-5-7c3e1c6f,V4.1 TC01 Run 7 Customer 5,"V4.1 test order 5 for normal_operation, run 7, phase workload",2026-08-22T18:07:19.196,cloud,0,,TC01-20260822T180717402067-run7-26b425,TC01-batch-20260822T180558-a2cc9e,TC01,7,5,workload
cloud,186,v41-TC01-7-6-ff3ceb49,V4.1 TC01 Run 7 Customer 6,"V4.1 test order 6 for normal_operation, run 7, phase workload",2026-08-22T18:07:19.598,cloud,0,,TC01-20260822T180717402067-run7-26b425,TC01-batch-20260822T180558-a2cc9e,TC01,7,6,workload
cloud,187,v41-TC01-7-7-74b39fe5,V4.1 TC01 Run 7 Customer 7,"V4.1 test order 7 for normal_operation, run 7, phase workload",2026-08-22T18:07:20.053,cloud,0,,TC01-20260822T180717402067-run7-26b425,TC01-batch-20260822T180558-a2cc9e,TC01,7,7,workload
cloud,188,v41-TC01-7-8-3e3b7312,V4.1 TC01 Run 7 Customer 8,"V4.1 test order 8 for normal_operation, run 7, phase workload",2026-08-22T18:07:20.418,cloud,0,,TC01-20260822T180717402067-run7-26b425,TC01-batch-20260822T180558-a2cc9e,TC01,7,8,workload
cloud,189,v41-TC01-7-9-b5e79711,V4.1 TC01 Run 7 Customer 9,"V4.1 test order 9 for normal_operation, run 7, phase workload",2026-08-22T18:07:20.808,cloud,0,,TC01-20260822T180717402067-run7-26b425,TC01-batch-20260822T180558-a2cc9e,TC01,7,9,workload
cloud,190,v41-TC01-7-10-6a04ec7f,V4.1 TC01 Run 7 Customer 10,"V4.1 test order 10 for normal_operation, run 7, phase workload",2026-08-22T18:07:21.248,cloud,0,,TC01-20260822T180717402067-run7-26b425,TC01-batch-20260822T180558-a2cc9e,TC01,7,10,workload
cloud,191,v41-TC01-7-11-dd8c7309,V4.1 TC01 Run 7 Customer 11,"V4.1 test order 11 for normal_operation, run 7, phase workload",2026-08-22T18:07:21.730,cloud,0,,TC01-20260822T180717402067-run7-26b425,TC01-batch-20260822T180558-a2cc9e,TC01,7,11,workload
cloud,192,v41-TC01-7-12-eb66895a,V4.1 TC01 Run 7 Customer 12,"V4.1 test order 12 for normal_operation, run 7, phase workload",2026-08-22T18:07:22.196,cloud,0,,TC01-20260822T180717402067-run7-26b425,TC01-batch-20260822T180558-a2cc9e,TC01,7,12,workload
cloud,193,v41-TC01-7-13-b91da500,V4.1 TC01 Run 7 Customer 13,"V4.1 test order 13 for normal_operation, run 7, phase workload",2026-08-22T18:07:22.660,cloud,0,,TC01-20260822T180717402067-run7-26b425,TC01-batch-20260822T180558-a2cc9e,TC01,7,13,workload
cloud,194,v41-TC01-7-14-87ccac88,V4.1 TC01 Run 7 Customer 14,"V4.1 test order 14 for normal_operation, run 7, phase workload",2026-08-22T18:07:23.096,cloud,0,,TC01-20260822T180717402067-run7-26b425,TC01-batch-20260822T180558-a2cc9e,TC01,7,14,workload
cloud,195,v41-TC01-7-15-b57232e1,V4.1 TC01 Run 7 Customer 15,"V4.1 test order 15 for normal_operation, run 7, phase workload",2026-08-22T18:07:23.466,cloud,0,,TC01-20260822T180717402067-run7-26b425,TC01-batch-20260822T180558-a2cc9e,TC01,7,15,workload
cloud,196,v41-TC01-7-16-fdf499ee,V4.1 TC01 Run 7 Customer 16,"V4.1 test order 16 for normal_operation, run 7, phase workload",2026-08-22T18:07:23.921,cloud,0,,TC01-20260822T180717402067-run7-26b425,TC01-batch-20260822T180558-a2cc9e,TC01,7,16,workload
cloud,197,v41-TC01-7-17-ca92a7f5,V4.1 TC01 Run 7 Customer 17,"V4.1 test order 17 for normal_operation, run 7, phase workload",2026-08-22T18:07:24.298,cloud,0,,TC01-20260822T180717402067-run7-26b425,TC01-batch-20260822T180558-a2cc9e,TC01,7,17,workload
cloud,198,v41-TC01-7-18-23d482fa,V4.1 TC01 Run 7 Customer 18,"V4.1 test order 18 for normal_operation, run 7, phase workload",2026-08-22T18:07:24.744,cloud,0,,TC01-20260822T180717402067-run7-26b425,TC01-batch-20260822T180558-a2cc9e,TC01,7,18,workload
cloud,199,v41-TC01-7-19-5cdb4ac6,V4.1 TC01 Run 7 Customer 19,"V4.1 test order 19 for normal_operation, run 7, phase workload",2026-08-22T18:07:25.118,cloud,0,,TC01-20260822T180717402067-run7-26b425,TC01-batch-20260822T180558-a2cc9e,TC01,7,19,workload
cloud,200,v41-TC01-7-20-9b5eca83,V4.1 TC01 Run 7 Customer 20,"V4.1 test order 20 for normal_operation, run 7, phase workload",2026-08-22T18:07:25.519,cloud,0,,TC01-20260822T180717402067-run7-26b425,TC01-batch-20260822T180558-a2cc9e,TC01,7,20,workload
cloud,201,v41-TC01-7-21-82591c84,V4.1 TC01 Run 7 Customer 21,"V4.1 test order 21 for normal_operation, run 7, phase workload",2026-08-22T18:07:25.932,cloud,0,,TC01-20260822T180717402067-run7-26b425,TC01-batch-20260822T180558-a2cc9e,TC01,7,21,workload
cloud,202,v41-TC01-7-22-129b1812,V4.1 TC01 Run 7 Customer 22,"V4.1 test order 22 for normal_operation, run 7, phase workload",2026-08-22T18:07:26.297,cloud,0,,TC01-20260822T180717402067-run7-26b425,TC01-batch-20260822T180558-a2cc9e,TC01,7,22,workload
cloud,203,v41-TC01-7-23-36252ae7,V4.1 TC01 Run 7 Customer 23,"V4.1 test order 23 for normal_operation, run 7, phase workload",2026-08-22T18:07:26.710,cloud,0,,TC01-20260822T180717402067-run7-26b425,TC01-batch-20260822T180558-a2cc9e,TC01,7,23,workload
cloud,204,v41-TC01-7-24-4c2de9b7,V4.1 TC01 Run 7 Customer 24,"V4.1 test order 24 for normal_operation, run 7, phase workload",2026-08-22T18:07:27.085,cloud,0,,TC01-20260822T180717402067-run7-26b425,TC01-batch-20260822T180558-a2cc9e,TC01,7,24,workload
cloud,205,v41-TC01-7-25-a278654b,V4.1 TC01 Run 7 Customer 25,"V4.1 test order 25 for normal_operation, run 7, phase workload",2026-08-22T18:07:27.496,cloud,0,,TC01-20260822T180717402067-run7-26b425,TC01-batch-20260822T180558-a2cc9e,TC01,7,25,workload
cloud,206,v41-TC01-7-26-028ee17e,V4.1 TC01 Run 7 Customer 26,"V4.1 test order 26 for normal_operation, run 7, phase workload",2026-08-22T18:07:27.880,cloud,0,,TC01-20260822T180717402067-run7-26b425,TC01-batch-20260822T180558-a2cc9e,TC01,7,26,workload
cloud,207,v41-TC01-7-27-2bd4daed,V4.1 TC01 Run 7 Customer 27,"V4.1 test order 27 for normal_operation, run 7, phase workload",2026-08-22T18:07:28.277,cloud,0,,TC01-20260822T180717402067-run7-26b425,TC01-batch-20260822T180558-a2cc9e,TC01,7,27,workload
cloud,208,v41-TC01-7-28-408202fd,V4.1 TC01 Run 7 Customer 28,"V4.1 test order 28 for normal_operation, run 7, phase workload",2026-08-22T18:07:28.652,cloud,0,,TC01-20260822T180717402067-run7-26b425,TC01-batch-20260822T180558-a2cc9e,TC01,7,28,workload
cloud,209,v41-TC01-7-29-74656870,V4.1 TC01 Run 7 Customer 29,"V4.1 test order 29 for normal_operation, run 7, phase workload",2026-08-22T18:07:29.019,cloud,0,,TC01-20260822T180717402067-run7-26b425,TC01-batch-20260822T180558-a2cc9e,TC01,7,29,workload
cloud,210,v41-TC01-7-30-b46e8a89,V4.1 TC01 Run 7 Customer 30,"V4.1 test order 30 for normal_operation, run 7, phase workload",2026-08-22T18:07:29.422,cloud,0,,TC01-20260822T180717402067-run7-26b425,TC01-batch-20260822T180558-a2cc9e,TC01,7,30,workload
cloud,211,v41-TC01-8-1-8aeac07a,V4.1 TC01 Run 8 Customer 1,"V4.1 test order 1 for normal_operation, run 8, phase workload",2026-08-22T18:07:30.472,cloud,0,,TC01-20260822T180730461218-run8-ec613f,TC01-batch-20260822T180558-a2cc9e,TC01,8,1,workload
cloud,212,v41-TC01-8-2-25e40d5c,V4.1 TC01 Run 8 Customer 2,"V4.1 test order 2 for normal_operation, run 8, phase workload",2026-08-22T18:07:30.852,cloud,0,,TC01-20260822T180730461218-run8-ec613f,TC01-batch-20260822T180558-a2cc9e,TC01,8,2,workload
cloud,213,v41-TC01-8-3-cd42f41f,V4.1 TC01 Run 8 Customer 3,"V4.1 test order 3 for normal_operation, run 8, phase workload",2026-08-22T18:07:31.253,cloud,0,,TC01-20260822T180730461218-run8-ec613f,TC01-batch-20260822T180558-a2cc9e,TC01,8,3,workload
cloud,214,v41-TC01-8-4-ca439837,V4.1 TC01 Run 8 Customer 4,"V4.1 test order 4 for normal_operation, run 8, phase workload",2026-08-22T18:07:31.630,cloud,0,,TC01-20260822T180730461218-run8-ec613f,TC01-batch-20260822T180558-a2cc9e,TC01,8,4,workload
cloud,215,v41-TC01-8-5-9cb09292,V4.1 TC01 Run 8 Customer 5,"V4.1 test order 5 for normal_operation, run 8, phase workload",2026-08-22T18:07:32.012,cloud,0,,TC01-20260822T180730461218-run8-ec613f,TC01-batch-20260822T180558-a2cc9e,TC01,8,5,workload
cloud,216,v41-TC01-8-6-05cd8811,V4.1 TC01 Run 8 Customer 6,"V4.1 test order 6 for normal_operation, run 8, phase workload",2026-08-22T18:07:32.389,cloud,0,,TC01-20260822T180730461218-run8-ec613f,TC01-batch-20260822T180558-a2cc9e,TC01,8,6,workload
cloud,217,v41-TC01-8-7-99d7855b,V4.1 TC01 Run 8 Customer 7,"V4.1 test order 7 for normal_operation, run 8, phase workload",2026-08-22T18:07:32.864,cloud,0,,TC01-20260822T180730461218-run8-ec613f,TC01-batch-20260822T180558-a2cc9e,TC01,8,7,workload
cloud,218,v41-TC01-8-8-a68e5c26,V4.1 TC01 Run 8 Customer 8,"V4.1 test order 8 for normal_operation, run 8, phase workload",2026-08-22T18:07:33.253,cloud,0,,TC01-20260822T180730461218-run8-ec613f,TC01-batch-20260822T180558-a2cc9e,TC01,8,8,workload
cloud,219,v41-TC01-8-9-b0d0b408,V4.1 TC01 Run 8 Customer 9,"V4.1 test order 9 for normal_operation, run 8, phase workload",2026-08-22T18:07:33.636,cloud,0,,TC01-20260822T180730461218-run8-ec613f,TC01-batch-20260822T180558-a2cc9e,TC01,8,9,workload
cloud,220,v41-TC01-8-10-f5ed7e91,V4.1 TC01 Run 8 Customer 10,"V4.1 test order 10 for normal_operation, run 8, phase workload",2026-08-22T18:07:34.112,cloud,0,,TC01-20260822T180730461218-run8-ec613f,TC01-batch-20260822T180558-a2cc9e,TC01,8,10,workload
cloud,221,v41-TC01-8-11-095a224d,V4.1 TC01 Run 8 Customer 11,"V4.1 test order 11 for normal_operation, run 8, phase workload",2026-08-22T18:07:34.485,cloud,0,,TC01-20260822T180730461218-run8-ec613f,TC01-batch-20260822T180558-a2cc9e,TC01,8,11,workload
cloud,222,v41-TC01-8-12-f27e2a9b,V4.1 TC01 Run 8 Customer 12,"V4.1 test order 12 for normal_operation, run 8, phase workload",2026-08-22T18:07:34.863,cloud,0,,TC01-20260822T180730461218-run8-ec613f,TC01-batch-20260822T180558-a2cc9e,TC01,8,12,workload
cloud,223,v41-TC01-8-13-3666678f,V4.1 TC01 Run 8 Customer 13,"V4.1 test order 13 for normal_operation, run 8, phase workload",2026-08-22T18:07:35.342,cloud,0,,TC01-20260822T180730461218-run8-ec613f,TC01-batch-20260822T180558-a2cc9e,TC01,8,13,workload
cloud,224,v41-TC01-8-14-93ad77ed,V4.1 TC01 Run 8 Customer 14,"V4.1 test order 14 for normal_operation, run 8, phase workload",2026-08-22T18:07:35.783,cloud,0,,TC01-20260822T180730461218-run8-ec613f,TC01-batch-20260822T180558-a2cc9e,TC01,8,14,workload
cloud,225,v41-TC01-8-15-a40a48ff,V4.1 TC01 Run 8 Customer 15,"V4.1 test order 15 for normal_operation, run 8, phase workload",2026-08-22T18:07:36.298,cloud,0,,TC01-20260822T180730461218-run8-ec613f,TC01-batch-20260822T180558-a2cc9e,TC01,8,15,workload
cloud,226,v41-TC01-8-16-8b13e0eb,V4.1 TC01 Run 8 Customer 16,"V4.1 test order 16 for normal_operation, run 8, phase workload",2026-08-22T18:07:36.698,cloud,0,,TC01-20260822T180730461218-run8-ec613f,TC01-batch-20260822T180558-a2cc9e,TC01,8,16,workload
cloud,227,v41-TC01-8-17-10333e02,V4.1 TC01 Run 8 Customer 17,"V4.1 test order 17 for normal_operation, run 8, phase workload",2026-08-22T18:07:37.087,cloud,0,,TC01-20260822T180730461218-run8-ec613f,TC01-batch-20260822T180558-a2cc9e,TC01,8,17,workload
cloud,228,v41-TC01-8-18-138d1ba0,V4.1 TC01 Run 8 Customer 18,"V4.1 test order 18 for normal_operation, run 8, phase workload",2026-08-22T18:07:37.597,cloud,0,,TC01-20260822T180730461218-run8-ec613f,TC01-batch-20260822T180558-a2cc9e,TC01,8,18,workload
cloud,229,v41-TC01-8-19-36cf78e6,V4.1 TC01 Run 8 Customer 19,"V4.1 test order 19 for normal_operation, run 8, phase workload",2026-08-22T18:07:37.975,cloud,0,,TC01-20260822T180730461218-run8-ec613f,TC01-batch-20260822T180558-a2cc9e,TC01,8,19,workload
cloud,230,v41-TC01-8-20-d190607e,V4.1 TC01 Run 8 Customer 20,"V4.1 test order 20 for normal_operation, run 8, phase workload",2026-08-22T18:07:38.376,cloud,0,,TC01-20260822T180730461218-run8-ec613f,TC01-batch-20260822T180558-a2cc9e,TC01,8,20,workload
cloud,231,v41-TC01-8-21-1383c283,V4.1 TC01 Run 8 Customer 21,"V4.1 test order 21 for normal_operation, run 8, phase workload",2026-08-22T18:07:38.854,cloud,0,,TC01-20260822T180730461218-run8-ec613f,TC01-batch-20260822T180558-a2cc9e,TC01,8,21,workload
cloud,232,v41-TC01-8-22-ac12980a,V4.1 TC01 Run 8 Customer 22,"V4.1 test order 22 for normal_operation, run 8, phase workload",2026-08-22T18:07:39.230,cloud,0,,TC01-20260822T180730461218-run8-ec613f,TC01-batch-20260822T180558-a2cc9e,TC01,8,22,workload
cloud,233,v41-TC01-8-23-37ac8ed4,V4.1 TC01 Run 8 Customer 23,"V4.1 test order 23 for normal_operation, run 8, phase workload",2026-08-22T18:07:39.642,cloud,0,,TC01-20260822T180730461218-run8-ec613f,TC01-batch-20260822T180558-a2cc9e,TC01,8,23,workload
cloud,234,v41-TC01-8-24-69a0ccb0,V4.1 TC01 Run 8 Customer 24,"V4.1 test order 24 for normal_operation, run 8, phase workload",2026-08-22T18:07:40.131,cloud,0,,TC01-20260822T180730461218-run8-ec613f,TC01-batch-20260822T180558-a2cc9e,TC01,8,24,workload
cloud,235,v41-TC01-8-25-e466fd10,V4.1 TC01 Run 8 Customer 25,"V4.1 test order 25 for normal_operation, run 8, phase workload",2026-08-22T18:07:40.540,cloud,0,,TC01-20260822T180730461218-run8-ec613f,TC01-batch-20260822T180558-a2cc9e,TC01,8,25,workload
cloud,236,v41-TC01-8-26-de236977,V4.1 TC01 Run 8 Customer 26,"V4.1 test order 26 for normal_operation, run 8, phase workload",2026-08-22T18:07:40.931,cloud,0,,TC01-20260822T180730461218-run8-ec613f,TC01-batch-20260822T180558-a2cc9e,TC01,8,26,workload
cloud,237,v41-TC01-8-27-fa23e9de,V4.1 TC01 Run 8 Customer 27,"V4.1 test order 27 for normal_operation, run 8, phase workload",2026-08-22T18:07:41.308,cloud,0,,TC01-20260822T180730461218-run8-ec613f,TC01-batch-20260822T180558-a2cc9e,TC01,8,27,workload
cloud,238,v41-TC01-8-28-b84504ad,V4.1 TC01 Run 8 Customer 28,"V4.1 test order 28 for normal_operation, run 8, phase workload",2026-08-22T18:07:41.702,cloud,0,,TC01-20260822T180730461218-run8-ec613f,TC01-batch-20260822T180558-a2cc9e,TC01,8,28,workload
cloud,239,v41-TC01-8-29-bd229f7d,V4.1 TC01 Run 8 Customer 29,"V4.1 test order 29 for normal_operation, run 8, phase workload",2026-08-22T18:07:42.064,cloud,0,,TC01-20260822T180730461218-run8-ec613f,TC01-batch-20260822T180558-a2cc9e,TC01,8,29,workload
cloud,240,v41-TC01-8-30-bfd4e417,V4.1 TC01 Run 8 Customer 30,"V4.1 test order 30 for normal_operation, run 8, phase workload",2026-08-22T18:07:42.623,cloud,0,,TC01-20260822T180730461218-run8-ec613f,TC01-batch-20260822T180558-a2cc9e,TC01,8,30,workload
cloud,241,v41-TC01-9-1-d0adf79f,V4.1 TC01 Run 9 Customer 1,"V4.1 test order 1 for normal_operation, run 9, phase workload",2026-08-22T18:07:43.670,cloud,0,,TC01-20260822T180743658290-run9-3296b2,TC01-batch-20260822T180558-a2cc9e,TC01,9,1,workload
cloud,242,v41-TC01-9-2-4361541a,V4.1 TC01 Run 9 Customer 2,"V4.1 test order 2 for normal_operation, run 9, phase workload",2026-08-22T18:07:44.031,cloud,0,,TC01-20260822T180743658290-run9-3296b2,TC01-batch-20260822T180558-a2cc9e,TC01,9,2,workload
cloud,243,v41-TC01-9-3-c89d00f6,V4.1 TC01 Run 9 Customer 3,"V4.1 test order 3 for normal_operation, run 9, phase workload",2026-08-22T18:07:44.436,cloud,0,,TC01-20260822T180743658290-run9-3296b2,TC01-batch-20260822T180558-a2cc9e,TC01,9,3,workload
cloud,244,v41-TC01-9-4-1cf1b11c,V4.1 TC01 Run 9 Customer 4,"V4.1 test order 4 for normal_operation, run 9, phase workload",2026-08-22T18:07:44.832,cloud,0,,TC01-20260822T180743658290-run9-3296b2,TC01-batch-20260822T180558-a2cc9e,TC01,9,4,workload
cloud,245,v41-TC01-9-5-89006d91,V4.1 TC01 Run 9 Customer 5,"V4.1 test order 5 for normal_operation, run 9, phase workload",2026-08-22T18:07:45.364,cloud,0,,TC01-20260822T180743658290-run9-3296b2,TC01-batch-20260822T180558-a2cc9e,TC01,9,5,workload
cloud,246,v41-TC01-9-6-9d67b191,V4.1 TC01 Run 9 Customer 6,"V4.1 test order 6 for normal_operation, run 9, phase workload",2026-08-22T18:07:45.786,cloud,0,,TC01-20260822T180743658290-run9-3296b2,TC01-batch-20260822T180558-a2cc9e,TC01,9,6,workload
cloud,247,v41-TC01-9-7-bd14cf27,V4.1 TC01 Run 9 Customer 7,"V4.1 test order 7 for normal_operation, run 9, phase workload",2026-08-22T18:07:46.272,cloud,0,,TC01-20260822T180743658290-run9-3296b2,TC01-batch-20260822T180558-a2cc9e,TC01,9,7,workload
cloud,248,v41-TC01-9-8-0a4c3b49,V4.1 TC01 Run 9 Customer 8,"V4.1 test order 8 for normal_operation, run 9, phase workload",2026-08-22T18:07:46.764,cloud,0,,TC01-20260822T180743658290-run9-3296b2,TC01-batch-20260822T180558-a2cc9e,TC01,9,8,workload
cloud,249,v41-TC01-9-9-8a8fab3d,V4.1 TC01 Run 9 Customer 9,"V4.1 test order 9 for normal_operation, run 9, phase workload",2026-08-22T18:07:47.352,cloud,0,,TC01-20260822T180743658290-run9-3296b2,TC01-batch-20260822T180558-a2cc9e,TC01,9,9,workload
cloud,250,v41-TC01-9-10-9871f942,V4.1 TC01 Run 9 Customer 10,"V4.1 test order 10 for normal_operation, run 9, phase workload",2026-08-22T18:07:47.857,cloud,0,,TC01-20260822T180743658290-run9-3296b2,TC01-batch-20260822T180558-a2cc9e,TC01,9,10,workload
cloud,251,v41-TC01-9-11-1927073e,V4.1 TC01 Run 9 Customer 11,"V4.1 test order 11 for normal_operation, run 9, phase workload",2026-08-22T18:07:48.320,cloud,0,,TC01-20260822T180743658290-run9-3296b2,TC01-batch-20260822T180558-a2cc9e,TC01,9,11,workload
cloud,252,v41-TC01-9-12-27fae249,V4.1 TC01 Run 9 Customer 12,"V4.1 test order 12 for normal_operation, run 9, phase workload",2026-08-22T18:07:48.822,cloud,0,,TC01-20260822T180743658290-run9-3296b2,TC01-batch-20260822T180558-a2cc9e,TC01,9,12,workload
cloud,253,v41-TC01-9-13-cd7e31a6,V4.1 TC01 Run 9 Customer 13,"V4.1 test order 13 for normal_operation, run 9, phase workload",2026-08-22T18:07:49.437,cloud,0,,TC01-20260822T180743658290-run9-3296b2,TC01-batch-20260822T180558-a2cc9e,TC01,9,13,workload
cloud,254,v41-TC01-9-14-202b9f11,V4.1 TC01 Run 9 Customer 14,"V4.1 test order 14 for normal_operation, run 9, phase workload",2026-08-22T18:07:49.941,cloud,0,,TC01-20260822T180743658290-run9-3296b2,TC01-batch-20260822T180558-a2cc9e,TC01,9,14,workload
cloud,255,v41-TC01-9-15-3e6d580b,V4.1 TC01 Run 9 Customer 15,"V4.1 test order 15 for normal_operation, run 9, phase workload",2026-08-22T18:07:50.528,cloud,0,,TC01-20260822T180743658290-run9-3296b2,TC01-batch-20260822T180558-a2cc9e,TC01,9,15,workload
cloud,256,v41-TC01-9-16-f9a74da3,V4.1 TC01 Run 9 Customer 16,"V4.1 test order 16 for normal_operation, run 9, phase workload",2026-08-22T18:07:51.197,cloud,0,,TC01-20260822T180743658290-run9-3296b2,TC01-batch-20260822T180558-a2cc9e,TC01,9,16,workload
cloud,257,v41-TC01-9-17-0859b1d0,V4.1 TC01 Run 9 Customer 17,"V4.1 test order 17 for normal_operation, run 9, phase workload",2026-08-22T18:07:51.753,cloud,0,,TC01-20260822T180743658290-run9-3296b2,TC01-batch-20260822T180558-a2cc9e,TC01,9,17,workload
cloud,258,v41-TC01-9-18-97e4343c,V4.1 TC01 Run 9 Customer 18,"V4.1 test order 18 for normal_operation, run 9, phase workload",2026-08-22T18:07:52.212,cloud,0,,TC01-20260822T180743658290-run9-3296b2,TC01-batch-20260822T180558-a2cc9e,TC01,9,18,workload
cloud,259,v41-TC01-9-19-3b82321c,V4.1 TC01 Run 9 Customer 19,"V4.1 test order 19 for normal_operation, run 9, phase workload",2026-08-22T18:07:52.691,cloud,0,,TC01-20260822T180743658290-run9-3296b2,TC01-batch-20260822T180558-a2cc9e,TC01,9,19,workload
cloud,260,v41-TC01-9-20-a0f73be5,V4.1 TC01 Run 9 Customer 20,"V4.1 test order 20 for normal_operation, run 9, phase workload",2026-08-22T18:07:53.075,cloud,0,,TC01-20260822T180743658290-run9-3296b2,TC01-batch-20260822T180558-a2cc9e,TC01,9,20,workload
cloud,261,v41-TC01-9-21-61baafc0,V4.1 TC01 Run 9 Customer 21,"V4.1 test order 21 for normal_operation, run 9, phase workload",2026-08-22T18:07:53.454,cloud,0,,TC01-20260822T180743658290-run9-3296b2,TC01-batch-20260822T180558-a2cc9e,TC01,9,21,workload
cloud,262,v41-TC01-9-22-dd418a90,V4.1 TC01 Run 9 Customer 22,"V4.1 test order 22 for normal_operation, run 9, phase workload",2026-08-22T18:07:53.910,cloud,0,,TC01-20260822T180743658290-run9-3296b2,TC01-batch-20260822T180558-a2cc9e,TC01,9,22,workload
cloud,263,v41-TC01-9-23-9dd98bf5,V4.1 TC01 Run 9 Customer 23,"V4.1 test order 23 for normal_operation, run 9, phase workload",2026-08-22T18:07:54.338,cloud,0,,TC01-20260822T180743658290-run9-3296b2,TC01-batch-20260822T180558-a2cc9e,TC01,9,23,workload
cloud,264,v41-TC01-9-24-e5f8dd10,V4.1 TC01 Run 9 Customer 24,"V4.1 test order 24 for normal_operation, run 9, phase workload",2026-08-22T18:07:54.755,cloud,0,,TC01-20260822T180743658290-run9-3296b2,TC01-batch-20260822T180558-a2cc9e,TC01,9,24,workload
cloud,265,v41-TC01-9-25-52327621,V4.1 TC01 Run 9 Customer 25,"V4.1 test order 25 for normal_operation, run 9, phase workload",2026-08-22T18:07:55.143,cloud,0,,TC01-20260822T180743658290-run9-3296b2,TC01-batch-20260822T180558-a2cc9e,TC01,9,25,workload
cloud,266,v41-TC01-9-26-d8f7c049,V4.1 TC01 Run 9 Customer 26,"V4.1 test order 26 for normal_operation, run 9, phase workload",2026-08-22T18:07:55.539,cloud,0,,TC01-20260822T180743658290-run9-3296b2,TC01-batch-20260822T180558-a2cc9e,TC01,9,26,workload
cloud,267,v41-TC01-9-27-6a94638c,V4.1 TC01 Run 9 Customer 27,"V4.1 test order 27 for normal_operation, run 9, phase workload",2026-08-22T18:07:55.990,cloud,0,,TC01-20260822T180743658290-run9-3296b2,TC01-batch-20260822T180558-a2cc9e,TC01,9,27,workload
cloud,268,v41-TC01-9-28-82198dec,V4.1 TC01 Run 9 Customer 28,"V4.1 test order 28 for normal_operation, run 9, phase workload",2026-08-22T18:07:56.408,cloud,0,,TC01-20260822T180743658290-run9-3296b2,TC01-batch-20260822T180558-a2cc9e,TC01,9,28,workload
cloud,269,v41-TC01-9-29-e1916d52,V4.1 TC01 Run 9 Customer 29,"V4.1 test order 29 for normal_operation, run 9, phase workload",2026-08-22T18:07:56.808,cloud,0,,TC01-20260822T180743658290-run9-3296b2,TC01-batch-20260822T180558-a2cc9e,TC01,9,29,workload
cloud,270,v41-TC01-9-30-d0a69629,V4.1 TC01 Run 9 Customer 30,"V4.1 test order 30 for normal_operation, run 9, phase workload",2026-08-22T18:07:57.313,cloud,0,,TC01-20260822T180743658290-run9-3296b2,TC01-batch-20260822T180558-a2cc9e,TC01,9,30,workload
cloud,271,v41-TC01-10-1-c5edca0e,V4.1 TC01 Run 10 Customer 1,"V4.1 test order 1 for normal_operation, run 10, phase workload",2026-08-22T18:07:58.419,cloud,0,,TC01-20260822T180758401322-run10-600b89,TC01-batch-20260822T180558-a2cc9e,TC01,10,1,workload
cloud,272,v41-TC01-10-2-ecafd1c1,V4.1 TC01 Run 10 Customer 2,"V4.1 test order 2 for normal_operation, run 10, phase workload",2026-08-22T18:07:58.926,cloud,0,,TC01-20260822T180758401322-run10-600b89,TC01-batch-20260822T180558-a2cc9e,TC01,10,2,workload
cloud,273,v41-TC01-10-3-b747e536,V4.1 TC01 Run 10 Customer 3,"V4.1 test order 3 for normal_operation, run 10, phase workload",2026-08-22T18:07:59.336,cloud,0,,TC01-20260822T180758401322-run10-600b89,TC01-batch-20260822T180558-a2cc9e,TC01,10,3,workload
cloud,274,v41-TC01-10-4-c9008e79,V4.1 TC01 Run 10 Customer 4,"V4.1 test order 4 for normal_operation, run 10, phase workload",2026-08-22T18:07:59.732,cloud,0,,TC01-20260822T180758401322-run10-600b89,TC01-batch-20260822T180558-a2cc9e,TC01,10,4,workload
cloud,275,v41-TC01-10-5-ca60ba09,V4.1 TC01 Run 10 Customer 5,"V4.1 test order 5 for normal_operation, run 10, phase workload",2026-08-22T18:08:00.237,cloud,0,,TC01-20260822T180758401322-run10-600b89,TC01-batch-20260822T180558-a2cc9e,TC01,10,5,workload
cloud,276,v41-TC01-10-6-7cce8811,V4.1 TC01 Run 10 Customer 6,"V4.1 test order 6 for normal_operation, run 10, phase workload",2026-08-22T18:08:00.655,cloud,0,,TC01-20260822T180758401322-run10-600b89,TC01-batch-20260822T180558-a2cc9e,TC01,10,6,workload
cloud,277,v41-TC01-10-7-a94d49cc,V4.1 TC01 Run 10 Customer 7,"V4.1 test order 7 for normal_operation, run 10, phase workload",2026-08-22T18:08:01.108,cloud,0,,TC01-20260822T180758401322-run10-600b89,TC01-batch-20260822T180558-a2cc9e,TC01,10,7,workload
cloud,278,v41-TC01-10-8-8933e843,V4.1 TC01 Run 10 Customer 8,"V4.1 test order 8 for normal_operation, run 10, phase workload",2026-08-22T18:08:06.327,cloud,0,,TC01-20260822T180758401322-run10-600b89,TC01-batch-20260822T180558-a2cc9e,TC01,10,8,workload
cloud,279,v41-TC01-10-9-0de55975,V4.1 TC01 Run 10 Customer 9,"V4.1 test order 9 for normal_operation, run 10, phase workload",2026-08-22T18:08:06.958,cloud,0,,TC01-20260822T180758401322-run10-600b89,TC01-batch-20260822T180558-a2cc9e,TC01,10,9,workload
cloud,280,v41-TC01-10-10-65be3260,V4.1 TC01 Run 10 Customer 10,"V4.1 test order 10 for normal_operation, run 10, phase workload",2026-08-22T18:08:07.392,cloud,0,,TC01-20260822T180758401322-run10-600b89,TC01-batch-20260822T180558-a2cc9e,TC01,10,10,workload
cloud,281,v41-TC01-10-11-fde0cf03,V4.1 TC01 Run 10 Customer 11,"V4.1 test order 11 for normal_operation, run 10, phase workload",2026-08-22T18:08:07.988,cloud,0,,TC01-20260822T180758401322-run10-600b89,TC01-batch-20260822T180558-a2cc9e,TC01,10,11,workload
cloud,282,v41-TC01-10-12-da97ba6f,V4.1 TC01 Run 10 Customer 12,"V4.1 test order 12 for normal_operation, run 10, phase workload",2026-08-22T18:08:08.398,cloud,0,,TC01-20260822T180758401322-run10-600b89,TC01-batch-20260822T180558-a2cc9e,TC01,10,12,workload
cloud,283,v41-TC01-10-13-9a806f73,V4.1 TC01 Run 10 Customer 13,"V4.1 test order 13 for normal_operation, run 10, phase workload",2026-08-22T18:08:08.905,cloud,0,,TC01-20260822T180758401322-run10-600b89,TC01-batch-20260822T180558-a2cc9e,TC01,10,13,workload
cloud,284,v41-TC01-10-14-9ff6a86f,V4.1 TC01 Run 10 Customer 14,"V4.1 test order 14 for normal_operation, run 10, phase workload",2026-08-22T18:08:09.346,cloud,0,,TC01-20260822T180758401322-run10-600b89,TC01-batch-20260822T180558-a2cc9e,TC01,10,14,workload
cloud,285,v41-TC01-10-15-839257c7,V4.1 TC01 Run 10 Customer 15,"V4.1 test order 15 for normal_operation, run 10, phase workload",2026-08-22T18:08:09.760,cloud,0,,TC01-20260822T180758401322-run10-600b89,TC01-batch-20260822T180558-a2cc9e,TC01,10,15,workload
cloud,286,v41-TC01-10-16-5bcdf74d,V4.1 TC01 Run 10 Customer 16,"V4.1 test order 16 for normal_operation, run 10, phase workload",2026-08-22T18:08:10.201,cloud,0,,TC01-20260822T180758401322-run10-600b89,TC01-batch-20260822T180558-a2cc9e,TC01,10,16,workload
cloud,287,v41-TC01-10-17-8030ed37,V4.1 TC01 Run 10 Customer 17,"V4.1 test order 17 for normal_operation, run 10, phase workload",2026-08-22T18:08:10.600,cloud,0,,TC01-20260822T180758401322-run10-600b89,TC01-batch-20260822T180558-a2cc9e,TC01,10,17,workload
cloud,288,v41-TC01-10-18-b2b4d84f,V4.1 TC01 Run 10 Customer 18,"V4.1 test order 18 for normal_operation, run 10, phase workload",2026-08-22T18:08:11.030,cloud,0,,TC01-20260822T180758401322-run10-600b89,TC01-batch-20260822T180558-a2cc9e,TC01,10,18,workload
cloud,289,v41-TC01-10-19-858f312e,V4.1 TC01 Run 10 Customer 19,"V4.1 test order 19 for normal_operation, run 10, phase workload",2026-08-22T18:08:11.477,cloud,0,,TC01-20260822T180758401322-run10-600b89,TC01-batch-20260822T180558-a2cc9e,TC01,10,19,workload
cloud,290,v41-TC01-10-20-9171581c,V4.1 TC01 Run 10 Customer 20,"V4.1 test order 20 for normal_operation, run 10, phase workload",2026-08-22T18:08:11.931,cloud,0,,TC01-20260822T180758401322-run10-600b89,TC01-batch-20260822T180558-a2cc9e,TC01,10,20,workload
cloud,291,v41-TC01-10-21-6657b26d,V4.1 TC01 Run 10 Customer 21,"V4.1 test order 21 for normal_operation, run 10, phase workload",2026-08-22T18:08:12.410,cloud,0,,TC01-20260822T180758401322-run10-600b89,TC01-batch-20260822T180558-a2cc9e,TC01,10,21,workload
cloud,292,v41-TC01-10-22-279d4615,V4.1 TC01 Run 10 Customer 22,"V4.1 test order 22 for normal_operation, run 10, phase workload",2026-08-22T18:08:12.787,cloud,0,,TC01-20260822T180758401322-run10-600b89,TC01-batch-20260822T180558-a2cc9e,TC01,10,22,workload
cloud,293,v41-TC01-10-23-a8c76e24,V4.1 TC01 Run 10 Customer 23,"V4.1 test order 23 for normal_operation, run 10, phase workload",2026-08-22T18:08:13.266,cloud,0,,TC01-20260822T180758401322-run10-600b89,TC01-batch-20260822T180558-a2cc9e,TC01,10,23,workload
cloud,294,v41-TC01-10-24-4d38042e,V4.1 TC01 Run 10 Customer 24,"V4.1 test order 24 for normal_operation, run 10, phase workload",2026-08-22T18:08:13.666,cloud,0,,TC01-20260822T180758401322-run10-600b89,TC01-batch-20260822T180558-a2cc9e,TC01,10,24,workload
cloud,295,v41-TC01-10-25-a5b9c1d3,V4.1 TC01 Run 10 Customer 25,"V4.1 test order 25 for normal_operation, run 10, phase workload",2026-08-22T18:08:14.042,cloud,0,,TC01-20260822T180758401322-run10-600b89,TC01-batch-20260822T180558-a2cc9e,TC01,10,25,workload
cloud,296,v41-TC01-10-26-3a42599b,V4.1 TC01 Run 10 Customer 26,"V4.1 test order 26 for normal_operation, run 10, phase workload",2026-08-22T18:08:14.557,cloud,0,,TC01-20260822T180758401322-run10-600b89,TC01-batch-20260822T180558-a2cc9e,TC01,10,26,workload
cloud,297,v41-TC01-10-27-4fca6759,V4.1 TC01 Run 10 Customer 27,"V4.1 test order 27 for normal_operation, run 10, phase workload",2026-08-22T18:08:14.921,cloud,0,,TC01-20260822T180758401322-run10-600b89,TC01-batch-20260822T180558-a2cc9e,TC01,10,27,workload
cloud,298,v41-TC01-10-28-4c904692,V4.1 TC01 Run 10 Customer 28,"V4.1 test order 28 for normal_operation, run 10, phase workload",2026-08-22T18:08:15.300,cloud,0,,TC01-20260822T180758401322-run10-600b89,TC01-batch-20260822T180558-a2cc9e,TC01,10,28,workload
cloud,299,v41-TC01-10-29-6dc66aff,V4.1 TC01 Run 10 Customer 29,"V4.1 test order 29 for normal_operation, run 10, phase workload",2026-08-22T18:08:15.820,cloud,0,,TC01-20260822T180758401322-run10-600b89,TC01-batch-20260822T180558-a2cc9e,TC01,10,29,workload
cloud,300,v41-TC01-10-30-d65a4a50,V4.1 TC01 Run 10 Customer 30,"V4.1 test order 30 for normal_operation, run 10, phase workload",2026-08-22T18:08:16.211,cloud,0,,TC01-20260822T180758401322-run10-600b89,TC01-batch-20260822T180558-a2cc9e,TC01,10,30,workload
cloud,301,v41-TC02-1-1-c7fb0e0a,V4.1 TC02 Run 1 Customer 1,"V4.1 test order 1 for cloud_failure_with_stateful_edge_failover, run 1, phase workload",2026-08-22T18:08:30.828,edge_recovered,1,2026-08-22T18:39:08.569,TC02-20260822T180830806173-run1-23c40b,TC02-batch-20260822T180830-a18476,TC02,1,1,workload
cloud,302,v41-TC02-1-2-11b995bd,V4.1 TC02 Run 1 Customer 2,"V4.1 test order 2 for cloud_failure_with_stateful_edge_failover, run 1, phase workload",2026-08-22T18:08:33.259,edge_recovered,1,2026-08-22T18:39:08.955,TC02-20260822T180830806173-run1-23c40b,TC02-batch-20260822T180830-a18476,TC02,1,2,workload
cloud,303,v41-TC02-1-3-85e004bf,V4.1 TC02 Run 1 Customer 3,"V4.1 test order 3 for cloud_failure_with_stateful_edge_failover, run 1, phase workload",2026-08-22T18:08:33.800,edge_recovered,1,2026-08-22T18:39:09.354,TC02-20260822T180830806173-run1-23c40b,TC02-batch-20260822T180830-a18476,TC02,1,3,workload
cloud,304,v41-TC02-1-4-4cab05fe,V4.1 TC02 Run 1 Customer 4,"V4.1 test order 4 for cloud_failure_with_stateful_edge_failover, run 1, phase workload",2026-08-22T18:08:34.182,edge_recovered,1,2026-08-22T18:39:09.716,TC02-20260822T180830806173-run1-23c40b,TC02-batch-20260822T180830-a18476,TC02,1,4,workload
cloud,305,v41-TC02-1-5-5894e404,V4.1 TC02 Run 1 Customer 5,"V4.1 test order 5 for cloud_failure_with_stateful_edge_failover, run 1, phase workload",2026-08-22T18:08:34.577,edge_recovered,1,2026-08-22T18:39:10.089,TC02-20260822T180830806173-run1-23c40b,TC02-batch-20260822T180830-a18476,TC02,1,5,workload
cloud,306,v41-TC02-1-6-918384b9,V4.1 TC02 Run 1 Customer 6,"V4.1 test order 6 for cloud_failure_with_stateful_edge_failover, run 1, phase workload",2026-08-22T18:08:35.078,edge_recovered,1,2026-08-22T18:39:10.483,TC02-20260822T180830806173-run1-23c40b,TC02-batch-20260822T180830-a18476,TC02,1,6,workload
cloud,307,v41-TC02-1-7-d1917717,V4.1 TC02 Run 1 Customer 7,"V4.1 test order 7 for cloud_failure_with_stateful_edge_failover, run 1, phase workload",2026-08-22T18:08:35.454,edge_recovered,1,2026-08-22T18:39:11.012,TC02-20260822T180830806173-run1-23c40b,TC02-batch-20260822T180830-a18476,TC02,1,7,workload
cloud,308,v41-TC02-1-8-dbf20b43,V4.1 TC02 Run 1 Customer 8,"V4.1 test order 8 for cloud_failure_with_stateful_edge_failover, run 1, phase workload",2026-08-22T18:08:35.821,edge_recovered,1,2026-08-22T18:39:11.383,TC02-20260822T180830806173-run1-23c40b,TC02-batch-20260822T180830-a18476,TC02,1,8,workload
cloud,309,v41-TC02-1-9-83cfa2d2,V4.1 TC02 Run 1 Customer 9,"V4.1 test order 9 for cloud_failure_with_stateful_edge_failover, run 1, phase workload",2026-08-22T18:08:36.348,edge_recovered,1,2026-08-22T18:39:11.748,TC02-20260822T180830806173-run1-23c40b,TC02-batch-20260822T180830-a18476,TC02,1,9,workload
cloud,310,v41-TC02-1-10-8bef7205,V4.1 TC02 Run 1 Customer 10,"V4.1 test order 10 for cloud_failure_with_stateful_edge_failover, run 1, phase workload",2026-08-22T18:08:36.703,edge_recovered,1,2026-08-22T18:39:12.086,TC02-20260822T180830806173-run1-23c40b,TC02-batch-20260822T180830-a18476,TC02,1,10,workload
cloud,311,v41-TC02-1-11-66f7d1ce,V4.1 TC02 Run 1 Customer 11,"V4.1 test order 11 for cloud_failure_with_stateful_edge_failover, run 1, phase workload",2026-08-22T18:08:37.067,edge_recovered,1,2026-08-22T18:39:12.451,TC02-20260822T180830806173-run1-23c40b,TC02-batch-20260822T180830-a18476,TC02,1,11,workload
cloud,312,v41-TC02-1-12-8aae46fd,V4.1 TC02 Run 1 Customer 12,"V4.1 test order 12 for cloud_failure_with_stateful_edge_failover, run 1, phase workload",2026-08-22T18:08:37.574,edge_recovered,1,2026-08-22T18:39:12.819,TC02-20260822T180830806173-run1-23c40b,TC02-batch-20260822T180830-a18476,TC02,1,12,workload
cloud,313,v41-TC02-1-13-b76ea03e,V4.1 TC02 Run 1 Customer 13,"V4.1 test order 13 for cloud_failure_with_stateful_edge_failover, run 1, phase workload",2026-08-22T18:08:37.982,edge_recovered,1,2026-08-22T18:39:13.150,TC02-20260822T180830806173-run1-23c40b,TC02-batch-20260822T180830-a18476,TC02,1,13,workload
cloud,314,v41-TC02-1-14-9d3425c6,V4.1 TC02 Run 1 Customer 14,"V4.1 test order 14 for cloud_failure_with_stateful_edge_failover, run 1, phase workload",2026-08-22T18:08:38.357,edge_recovered,1,2026-08-22T18:39:13.462,TC02-20260822T180830806173-run1-23c40b,TC02-batch-20260822T180830-a18476,TC02,1,14,workload
cloud,315,v41-TC02-1-15-202738e3,V4.1 TC02 Run 1 Customer 15,"V4.1 test order 15 for cloud_failure_with_stateful_edge_failover, run 1, phase workload",2026-08-22T18:08:38.822,edge_recovered,1,2026-08-22T18:39:13.793,TC02-20260822T180830806173-run1-23c40b,TC02-batch-20260822T180830-a18476,TC02,1,15,workload
cloud,316,v41-TC02-1-16-fac3921e,V4.1 TC02 Run 1 Customer 16,"V4.1 test order 16 for cloud_failure_with_stateful_edge_failover, run 1, phase workload",2026-08-22T18:08:39.240,edge_recovered,1,2026-08-22T18:39:14.140,TC02-20260822T180830806173-run1-23c40b,TC02-batch-20260822T180830-a18476,TC02,1,16,workload
cloud,317,v41-TC02-1-17-b96ccce4,V4.1 TC02 Run 1 Customer 17,"V4.1 test order 17 for cloud_failure_with_stateful_edge_failover, run 1, phase workload",2026-08-22T18:08:39.633,edge_recovered,1,2026-08-22T18:39:14.470,TC02-20260822T180830806173-run1-23c40b,TC02-batch-20260822T180830-a18476,TC02,1,17,workload
cloud,318,v41-TC02-1-18-3732861a,V4.1 TC02 Run 1 Customer 18,"V4.1 test order 18 for cloud_failure_with_stateful_edge_failover, run 1, phase workload",2026-08-22T18:08:40.043,edge_recovered,1,2026-08-22T18:39:14.813,TC02-20260822T180830806173-run1-23c40b,TC02-batch-20260822T180830-a18476,TC02,1,18,workload
cloud,319,v41-TC02-1-19-68e89750,V4.1 TC02 Run 1 Customer 19,"V4.1 test order 19 for cloud_failure_with_stateful_edge_failover, run 1, phase workload",2026-08-22T18:08:40.422,edge_recovered,1,2026-08-22T18:39:15.159,TC02-20260822T180830806173-run1-23c40b,TC02-batch-20260822T180830-a18476,TC02,1,19,workload
cloud,320,v41-TC02-1-20-848a7f7b,V4.1 TC02 Run 1 Customer 20,"V4.1 test order 20 for cloud_failure_with_stateful_edge_failover, run 1, phase workload",2026-08-22T18:08:40.796,edge_recovered,1,2026-08-22T18:39:15.517,TC02-20260822T180830806173-run1-23c40b,TC02-batch-20260822T180830-a18476,TC02,1,20,workload
cloud,321,v41-TC02-1-21-411950a5,V4.1 TC02 Run 1 Customer 21,"V4.1 test order 21 for cloud_failure_with_stateful_edge_failover, run 1, phase workload",2026-08-22T18:08:41.213,edge_recovered,1,2026-08-22T18:39:15.852,TC02-20260822T180830806173-run1-23c40b,TC02-batch-20260822T180830-a18476,TC02,1,21,workload
cloud,322,v41-TC02-1-22-9a20c5af,V4.1 TC02 Run 1 Customer 22,"V4.1 test order 22 for cloud_failure_with_stateful_edge_failover, run 1, phase workload",2026-08-22T18:08:41.610,edge_recovered,1,2026-08-22T18:39:16.177,TC02-20260822T180830806173-run1-23c40b,TC02-batch-20260822T180830-a18476,TC02,1,22,workload
cloud,323,v41-TC02-1-23-8f7a5edd,V4.1 TC02 Run 1 Customer 23,"V4.1 test order 23 for cloud_failure_with_stateful_edge_failover, run 1, phase workload",2026-08-22T18:08:42.018,edge_recovered,1,2026-08-22T18:39:16.518,TC02-20260822T180830806173-run1-23c40b,TC02-batch-20260822T180830-a18476,TC02,1,23,workload
cloud,324,v41-TC02-1-24-9632eefa,V4.1 TC02 Run 1 Customer 24,"V4.1 test order 24 for cloud_failure_with_stateful_edge_failover, run 1, phase workload",2026-08-22T18:08:42.410,edge_recovered,1,2026-08-22T18:39:16.881,TC02-20260822T180830806173-run1-23c40b,TC02-batch-20260822T180830-a18476,TC02,1,24,workload
cloud,325,v41-TC02-1-25-1be40dd7,V4.1 TC02 Run 1 Customer 25,"V4.1 test order 25 for cloud_failure_with_stateful_edge_failover, run 1, phase workload",2026-08-22T18:08:42.777,edge_recovered,1,2026-08-22T18:39:17.230,TC02-20260822T180830806173-run1-23c40b,TC02-batch-20260822T180830-a18476,TC02,1,25,workload
cloud,326,v41-TC02-1-26-af058ea9,V4.1 TC02 Run 1 Customer 26,"V4.1 test order 26 for cloud_failure_with_stateful_edge_failover, run 1, phase workload",2026-08-22T18:08:43.144,edge_recovered,1,2026-08-22T18:39:17.584,TC02-20260822T180830806173-run1-23c40b,TC02-batch-20260822T180830-a18476,TC02,1,26,workload
cloud,327,v41-TC02-1-27-9bc15343,V4.1 TC02 Run 1 Customer 27,"V4.1 test order 27 for cloud_failure_with_stateful_edge_failover, run 1, phase workload",2026-08-22T18:08:43.501,edge_recovered,1,2026-08-22T18:39:17.963,TC02-20260822T180830806173-run1-23c40b,TC02-batch-20260822T180830-a18476,TC02,1,27,workload
cloud,328,v41-TC02-1-28-6d0fd98b,V4.1 TC02 Run 1 Customer 28,"V4.1 test order 28 for cloud_failure_with_stateful_edge_failover, run 1, phase workload",2026-08-22T18:08:43.879,edge_recovered,1,2026-08-22T18:39:18.285,TC02-20260822T180830806173-run1-23c40b,TC02-batch-20260822T180830-a18476,TC02,1,28,workload
cloud,329,v41-TC02-1-29-1e538b95,V4.1 TC02 Run 1 Customer 29,"V4.1 test order 29 for cloud_failure_with_stateful_edge_failover, run 1, phase workload",2026-08-22T18:08:44.266,edge_recovered,1,2026-08-22T18:39:18.613,TC02-20260822T180830806173-run1-23c40b,TC02-batch-20260822T180830-a18476,TC02,1,29,workload
cloud,330,v41-TC02-1-30-fbba9b4e,V4.1 TC02 Run 1 Customer 30,"V4.1 test order 30 for cloud_failure_with_stateful_edge_failover, run 1, phase workload",2026-08-22T18:08:44.638,edge_recovered,1,2026-08-22T18:39:18.937,TC02-20260822T180830806173-run1-23c40b,TC02-batch-20260822T180830-a18476,TC02,1,30,workload
cloud,331,v41-TC02-2-1-5ac495c2,V4.1 TC02 Run 2 Customer 1,"V4.1 test order 1 for cloud_failure_with_stateful_edge_failover, run 2, phase workload",2026-08-22T18:08:46.523,edge_recovered,1,2026-08-22T18:39:19.304,TC02-20260822T180846502281-run2-0e5068,TC02-batch-20260822T180830-a18476,TC02,2,1,workload
cloud,332,v41-TC02-2-2-c58208a8,V4.1 TC02 Run 2 Customer 2,"V4.1 test order 2 for cloud_failure_with_stateful_edge_failover, run 2, phase workload",2026-08-22T18:08:48.915,edge_recovered,1,2026-08-22T18:39:19.650,TC02-20260822T180846502281-run2-0e5068,TC02-batch-20260822T180830-a18476,TC02,2,2,workload
cloud,333,v41-TC02-2-3-504547f3,V4.1 TC02 Run 2 Customer 3,"V4.1 test order 3 for cloud_failure_with_stateful_edge_failover, run 2, phase workload",2026-08-22T18:08:49.336,edge_recovered,1,2026-08-22T18:39:19.993,TC02-20260822T180846502281-run2-0e5068,TC02-batch-20260822T180830-a18476,TC02,2,3,workload
cloud,334,v41-TC02-2-4-fddad731,V4.1 TC02 Run 2 Customer 4,"V4.1 test order 4 for cloud_failure_with_stateful_edge_failover, run 2, phase workload",2026-08-22T18:08:49.748,edge_recovered,1,2026-08-22T18:39:20.373,TC02-20260822T180846502281-run2-0e5068,TC02-batch-20260822T180830-a18476,TC02,2,4,workload
cloud,335,v41-TC02-2-5-2666940a,V4.1 TC02 Run 2 Customer 5,"V4.1 test order 5 for cloud_failure_with_stateful_edge_failover, run 2, phase workload",2026-08-22T18:08:50.155,edge_recovered,1,2026-08-22T18:39:20.805,TC02-20260822T180846502281-run2-0e5068,TC02-batch-20260822T180830-a18476,TC02,2,5,workload
cloud,336,v41-TC02-2-6-13f21a39,V4.1 TC02 Run 2 Customer 6,"V4.1 test order 6 for cloud_failure_with_stateful_edge_failover, run 2, phase workload",2026-08-22T18:08:50.537,edge_recovered,1,2026-08-22T18:39:21.159,TC02-20260822T180846502281-run2-0e5068,TC02-batch-20260822T180830-a18476,TC02,2,6,workload
cloud,337,v41-TC02-2-7-2496a277,V4.1 TC02 Run 2 Customer 7,"V4.1 test order 7 for cloud_failure_with_stateful_edge_failover, run 2, phase workload",2026-08-22T18:08:50.911,edge_recovered,1,2026-08-22T18:39:21.525,TC02-20260822T180846502281-run2-0e5068,TC02-batch-20260822T180830-a18476,TC02,2,7,workload
cloud,338,v41-TC02-2-8-6e3b8e83,V4.1 TC02 Run 2 Customer 8,"V4.1 test order 8 for cloud_failure_with_stateful_edge_failover, run 2, phase workload",2026-08-22T18:08:51.301,edge_recovered,1,2026-08-22T18:39:21.959,TC02-20260822T180846502281-run2-0e5068,TC02-batch-20260822T180830-a18476,TC02,2,8,workload
cloud,339,v41-TC02-2-9-deb45237,V4.1 TC02 Run 2 Customer 9,"V4.1 test order 9 for cloud_failure_with_stateful_edge_failover, run 2, phase workload",2026-08-22T18:08:51.678,edge_recovered,1,2026-08-22T18:39:22.337,TC02-20260822T180846502281-run2-0e5068,TC02-batch-20260822T180830-a18476,TC02,2,9,workload
cloud,340,v41-TC02-2-10-380f358c,V4.1 TC02 Run 2 Customer 10,"V4.1 test order 10 for cloud_failure_with_stateful_edge_failover, run 2, phase workload",2026-08-22T18:08:52.043,edge_recovered,1,2026-08-22T18:39:22.707,TC02-20260822T180846502281-run2-0e5068,TC02-batch-20260822T180830-a18476,TC02,2,10,workload
cloud,341,v41-TC02-2-11-59ea859b,V4.1 TC02 Run 2 Customer 11,"V4.1 test order 11 for cloud_failure_with_stateful_edge_failover, run 2, phase workload",2026-08-22T18:08:52.434,edge_recovered,1,2026-08-22T18:39:23.115,TC02-20260822T180846502281-run2-0e5068,TC02-batch-20260822T180830-a18476,TC02,2,11,workload
cloud,342,v41-TC02-2-12-f12bf356,V4.1 TC02 Run 2 Customer 12,"V4.1 test order 12 for cloud_failure_with_stateful_edge_failover, run 2, phase workload",2026-08-22T18:08:52.811,edge_recovered,1,2026-08-22T18:39:23.507,TC02-20260822T180846502281-run2-0e5068,TC02-batch-20260822T180830-a18476,TC02,2,12,workload
cloud,343,v41-TC02-2-13-5f46b0b6,V4.1 TC02 Run 2 Customer 13,"V4.1 test order 13 for cloud_failure_with_stateful_edge_failover, run 2, phase workload",2026-08-22T18:08:53.200,edge_recovered,1,2026-08-22T18:39:23.971,TC02-20260822T180846502281-run2-0e5068,TC02-batch-20260822T180830-a18476,TC02,2,13,workload
cloud,344,v41-TC02-2-14-cd654fb8,V4.1 TC02 Run 2 Customer 14,"V4.1 test order 14 for cloud_failure_with_stateful_edge_failover, run 2, phase workload",2026-08-22T18:08:53.700,edge_recovered,1,2026-08-22T18:39:24.354,TC02-20260822T180846502281-run2-0e5068,TC02-batch-20260822T180830-a18476,TC02,2,14,workload
cloud,345,v41-TC02-2-15-b3b335e8,V4.1 TC02 Run 2 Customer 15,"V4.1 test order 15 for cloud_failure_with_stateful_edge_failover, run 2, phase workload",2026-08-22T18:08:54.089,edge_recovered,1,2026-08-22T18:39:24.670,TC02-20260822T180846502281-run2-0e5068,TC02-batch-20260822T180830-a18476,TC02,2,15,workload
cloud,346,v41-TC02-2-16-74dbfa64,V4.1 TC02 Run 2 Customer 16,"V4.1 test order 16 for cloud_failure_with_stateful_edge_failover, run 2, phase workload",2026-08-22T18:08:54.437,edge_recovered,1,2026-08-22T18:39:25.039,TC02-20260822T180846502281-run2-0e5068,TC02-batch-20260822T180830-a18476,TC02,2,16,workload
cloud,347,v41-TC02-2-17-8ea6d93a,V4.1 TC02 Run 2 Customer 17,"V4.1 test order 17 for cloud_failure_with_stateful_edge_failover, run 2, phase workload",2026-08-22T18:08:54.812,edge_recovered,1,2026-08-22T18:39:25.386,TC02-20260822T180846502281-run2-0e5068,TC02-batch-20260822T180830-a18476,TC02,2,17,workload
cloud,348,v41-TC02-2-18-344f329e,V4.1 TC02 Run 2 Customer 18,"V4.1 test order 18 for cloud_failure_with_stateful_edge_failover, run 2, phase workload",2026-08-22T18:08:55.188,edge_recovered,1,2026-08-22T18:39:25.753,TC02-20260822T180846502281-run2-0e5068,TC02-batch-20260822T180830-a18476,TC02,2,18,workload
cloud,349,v41-TC02-2-19-8a0c5837,V4.1 TC02 Run 2 Customer 19,"V4.1 test order 19 for cloud_failure_with_stateful_edge_failover, run 2, phase workload",2026-08-22T18:08:55.589,edge_recovered,1,2026-08-22T18:39:26.272,TC02-20260822T180846502281-run2-0e5068,TC02-batch-20260822T180830-a18476,TC02,2,19,workload
cloud,350,v41-TC02-2-20-a8ea86f8,V4.1 TC02 Run 2 Customer 20,"V4.1 test order 20 for cloud_failure_with_stateful_edge_failover, run 2, phase workload",2026-08-22T18:08:56.004,edge_recovered,1,2026-08-22T18:39:26.671,TC02-20260822T180846502281-run2-0e5068,TC02-batch-20260822T180830-a18476,TC02,2,20,workload
cloud,351,v41-TC02-2-21-652279a9,V4.1 TC02 Run 2 Customer 21,"V4.1 test order 21 for cloud_failure_with_stateful_edge_failover, run 2, phase workload",2026-08-22T18:08:56.411,edge_recovered,1,2026-08-22T18:39:27.010,TC02-20260822T180846502281-run2-0e5068,TC02-batch-20260822T180830-a18476,TC02,2,21,workload
cloud,352,v41-TC02-2-22-12f3791c,V4.1 TC02 Run 2 Customer 22,"V4.1 test order 22 for cloud_failure_with_stateful_edge_failover, run 2, phase workload",2026-08-22T18:08:56.790,edge_recovered,1,2026-08-22T18:39:27.408,TC02-20260822T180846502281-run2-0e5068,TC02-batch-20260822T180830-a18476,TC02,2,22,workload
cloud,353,v41-TC02-2-23-e94ff8a9,V4.1 TC02 Run 2 Customer 23,"V4.1 test order 23 for cloud_failure_with_stateful_edge_failover, run 2, phase workload",2026-08-22T18:08:57.155,edge_recovered,1,2026-08-22T18:39:27.844,TC02-20260822T180846502281-run2-0e5068,TC02-batch-20260822T180830-a18476,TC02,2,23,workload
cloud,354,v41-TC02-2-24-0994274c,V4.1 TC02 Run 2 Customer 24,"V4.1 test order 24 for cloud_failure_with_stateful_edge_failover, run 2, phase workload",2026-08-22T18:08:57.556,edge_recovered,1,2026-08-22T18:39:28.206,TC02-20260822T180846502281-run2-0e5068,TC02-batch-20260822T180830-a18476,TC02,2,24,workload
cloud,355,v41-TC02-2-25-8507243c,V4.1 TC02 Run 2 Customer 25,"V4.1 test order 25 for cloud_failure_with_stateful_edge_failover, run 2, phase workload",2026-08-22T18:08:57.934,edge_recovered,1,2026-08-22T18:39:28.516,TC02-20260822T180846502281-run2-0e5068,TC02-batch-20260822T180830-a18476,TC02,2,25,workload
cloud,356,v41-TC02-2-26-8da457cf,V4.1 TC02 Run 2 Customer 26,"V4.1 test order 26 for cloud_failure_with_stateful_edge_failover, run 2, phase workload",2026-08-22T18:08:58.330,edge_recovered,1,2026-08-22T18:39:28.882,TC02-20260822T180846502281-run2-0e5068,TC02-batch-20260822T180830-a18476,TC02,2,26,workload
cloud,357,v41-TC02-2-27-834ff91e,V4.1 TC02 Run 2 Customer 27,"V4.1 test order 27 for cloud_failure_with_stateful_edge_failover, run 2, phase workload",2026-08-22T18:08:58.739,edge_recovered,1,2026-08-22T18:39:29.238,TC02-20260822T180846502281-run2-0e5068,TC02-batch-20260822T180830-a18476,TC02,2,27,workload
cloud,358,v41-TC02-2-28-84d22eee,V4.1 TC02 Run 2 Customer 28,"V4.1 test order 28 for cloud_failure_with_stateful_edge_failover, run 2, phase workload",2026-08-22T18:08:59.133,edge_recovered,1,2026-08-22T18:39:29.595,TC02-20260822T180846502281-run2-0e5068,TC02-batch-20260822T180830-a18476,TC02,2,28,workload
cloud,359,v41-TC02-2-29-6ddcdbe7,V4.1 TC02 Run 2 Customer 29,"V4.1 test order 29 for cloud_failure_with_stateful_edge_failover, run 2, phase workload",2026-08-22T18:08:59.522,edge_recovered,1,2026-08-22T18:39:29.952,TC02-20260822T180846502281-run2-0e5068,TC02-batch-20260822T180830-a18476,TC02,2,29,workload
cloud,360,v41-TC02-2-30-a1b39423,V4.1 TC02 Run 2 Customer 30,"V4.1 test order 30 for cloud_failure_with_stateful_edge_failover, run 2, phase workload",2026-08-22T18:08:59.871,edge_recovered,1,2026-08-22T18:39:30.336,TC02-20260822T180846502281-run2-0e5068,TC02-batch-20260822T180830-a18476,TC02,2,30,workload
cloud,361,v41-TC02-3-1-e77862f6,V4.1 TC02 Run 3 Customer 1,"V4.1 test order 1 for cloud_failure_with_stateful_edge_failover, run 3, phase workload",2026-08-22T18:09:01.679,edge_recovered,1,2026-08-22T18:39:30.690,TC02-20260822T180901658477-run3-df56d9,TC02-batch-20260822T180830-a18476,TC02,3,1,workload
cloud,362,v41-TC02-3-2-9d48af42,V4.1 TC02 Run 3 Customer 2,"V4.1 test order 2 for cloud_failure_with_stateful_edge_failover, run 3, phase workload",2026-08-22T18:09:04.126,edge_recovered,1,2026-08-22T18:39:31.041,TC02-20260822T180901658477-run3-df56d9,TC02-batch-20260822T180830-a18476,TC02,3,2,workload
cloud,363,v41-TC02-3-3-98a8d31d,V4.1 TC02 Run 3 Customer 3,"V4.1 test order 3 for cloud_failure_with_stateful_edge_failover, run 3, phase workload",2026-08-22T18:09:04.512,edge_recovered,1,2026-08-22T18:39:31.558,TC02-20260822T180901658477-run3-df56d9,TC02-batch-20260822T180830-a18476,TC02,3,3,workload
cloud,364,v41-TC02-3-4-d61d415f,V4.1 TC02 Run 3 Customer 4,"V4.1 test order 4 for cloud_failure_with_stateful_edge_failover, run 3, phase workload",2026-08-22T18:09:04.878,edge_recovered,1,2026-08-22T18:39:31.917,TC02-20260822T180901658477-run3-df56d9,TC02-batch-20260822T180830-a18476,TC02,3,4,workload
cloud,365,v41-TC02-3-5-3e46c075,V4.1 TC02 Run 3 Customer 5,"V4.1 test order 5 for cloud_failure_with_stateful_edge_failover, run 3, phase workload",2026-08-22T18:09:05.271,edge_recovered,1,2026-08-22T18:39:32.382,TC02-20260822T180901658477-run3-df56d9,TC02-batch-20260822T180830-a18476,TC02,3,5,workload
cloud,366,v41-TC02-3-6-e0c7f569,V4.1 TC02 Run 3 Customer 6,"V4.1 test order 6 for cloud_failure_with_stateful_edge_failover, run 3, phase workload",2026-08-22T18:09:05.683,edge_recovered,1,2026-08-22T18:39:32.804,TC02-20260822T180901658477-run3-df56d9,TC02-batch-20260822T180830-a18476,TC02,3,6,workload
cloud,367,v41-TC02-3-7-4919ef3b,V4.1 TC02 Run 3 Customer 7,"V4.1 test order 7 for cloud_failure_with_stateful_edge_failover, run 3, phase workload",2026-08-22T18:09:06.066,edge_recovered,1,2026-08-22T18:39:33.183,TC02-20260822T180901658477-run3-df56d9,TC02-batch-20260822T180830-a18476,TC02,3,7,workload
cloud,368,v41-TC02-3-8-d64adbdd,V4.1 TC02 Run 3 Customer 8,"V4.1 test order 8 for cloud_failure_with_stateful_edge_failover, run 3, phase workload",2026-08-22T18:09:06.457,edge_recovered,1,2026-08-22T18:39:33.669,TC02-20260822T180901658477-run3-df56d9,TC02-batch-20260822T180830-a18476,TC02,3,8,workload
cloud,369,v41-TC02-3-9-ff636bdf,V4.1 TC02 Run 3 Customer 9,"V4.1 test order 9 for cloud_failure_with_stateful_edge_failover, run 3, phase workload",2026-08-22T18:09:06.846,edge_recovered,1,2026-08-22T18:39:34.050,TC02-20260822T180901658477-run3-df56d9,TC02-batch-20260822T180830-a18476,TC02,3,9,workload
cloud,370,v41-TC02-3-10-42c9983d,V4.1 TC02 Run 3 Customer 10,"V4.1 test order 10 for cloud_failure_with_stateful_edge_failover, run 3, phase workload",2026-08-22T18:09:07.218,edge_recovered,1,2026-08-22T18:39:34.395,TC02-20260822T180901658477-run3-df56d9,TC02-batch-20260822T180830-a18476,TC02,3,10,workload
cloud,371,v41-TC02-3-11-06b181cf,V4.1 TC02 Run 3 Customer 11,"V4.1 test order 11 for cloud_failure_with_stateful_edge_failover, run 3, phase workload",2026-08-22T18:09:07.601,edge_recovered,1,2026-08-22T18:39:34.845,TC02-20260822T180901658477-run3-df56d9,TC02-batch-20260822T180830-a18476,TC02,3,11,workload
cloud,372,v41-TC02-3-12-b0fc99cb,V4.1 TC02 Run 3 Customer 12,"V4.1 test order 12 for cloud_failure_with_stateful_edge_failover, run 3, phase workload",2026-08-22T18:09:07.993,edge_recovered,1,2026-08-22T18:39:35.235,TC02-20260822T180901658477-run3-df56d9,TC02-batch-20260822T180830-a18476,TC02,3,12,workload
cloud,373,v41-TC02-3-13-28920eea,V4.1 TC02 Run 3 Customer 13,"V4.1 test order 13 for cloud_failure_with_stateful_edge_failover, run 3, phase workload",2026-08-22T18:09:08.367,edge_recovered,1,2026-08-22T18:39:35.684,TC02-20260822T180901658477-run3-df56d9,TC02-batch-20260822T180830-a18476,TC02,3,13,workload
cloud,374,v41-TC02-3-14-809d9541,V4.1 TC02 Run 3 Customer 14,"V4.1 test order 14 for cloud_failure_with_stateful_edge_failover, run 3, phase workload",2026-08-22T18:09:08.745,edge_recovered,1,2026-08-22T18:39:36.049,TC02-20260822T180901658477-run3-df56d9,TC02-batch-20260822T180830-a18476,TC02,3,14,workload
cloud,375,v41-TC02-3-15-ce099e19,V4.1 TC02 Run 3 Customer 15,"V4.1 test order 15 for cloud_failure_with_stateful_edge_failover, run 3, phase workload",2026-08-22T18:09:09.124,edge_recovered,1,2026-08-22T18:39:36.440,TC02-20260822T180901658477-run3-df56d9,TC02-batch-20260822T180830-a18476,TC02,3,15,workload
cloud,376,v41-TC02-3-16-7d0b692d,V4.1 TC02 Run 3 Customer 16,"V4.1 test order 16 for cloud_failure_with_stateful_edge_failover, run 3, phase workload",2026-08-22T18:09:09.524,edge_recovered,1,2026-08-22T18:39:36.916,TC02-20260822T180901658477-run3-df56d9,TC02-batch-20260822T180830-a18476,TC02,3,16,workload
cloud,377,v41-TC02-3-17-fbee86bc,V4.1 TC02 Run 3 Customer 17,"V4.1 test order 17 for cloud_failure_with_stateful_edge_failover, run 3, phase workload",2026-08-22T18:09:09.947,edge_recovered,1,2026-08-22T18:39:37.490,TC02-20260822T180901658477-run3-df56d9,TC02-batch-20260822T180830-a18476,TC02,3,17,workload
cloud,378,v41-TC02-3-18-2f7747ac,V4.1 TC02 Run 3 Customer 18,"V4.1 test order 18 for cloud_failure_with_stateful_edge_failover, run 3, phase workload",2026-08-22T18:09:10.313,edge_recovered,1,2026-08-22T18:39:38.143,TC02-20260822T180901658477-run3-df56d9,TC02-batch-20260822T180830-a18476,TC02,3,18,workload
cloud,379,v41-TC02-3-19-c355f6b8,V4.1 TC02 Run 3 Customer 19,"V4.1 test order 19 for cloud_failure_with_stateful_edge_failover, run 3, phase workload",2026-08-22T18:09:10.669,edge_recovered,1,2026-08-22T18:39:38.708,TC02-20260822T180901658477-run3-df56d9,TC02-batch-20260822T180830-a18476,TC02,3,19,workload
cloud,380,v41-TC02-3-20-27ab0cb4,V4.1 TC02 Run 3 Customer 20,"V4.1 test order 20 for cloud_failure_with_stateful_edge_failover, run 3, phase workload",2026-08-22T18:09:11.025,edge_recovered,1,2026-08-22T18:39:39.212,TC02-20260822T180901658477-run3-df56d9,TC02-batch-20260822T180830-a18476,TC02,3,20,workload
cloud,381,v41-TC02-3-21-aab61dfa,V4.1 TC02 Run 3 Customer 21,"V4.1 test order 21 for cloud_failure_with_stateful_edge_failover, run 3, phase workload",2026-08-22T18:09:11.389,edge_recovered,1,2026-08-22T18:39:39.761,TC02-20260822T180901658477-run3-df56d9,TC02-batch-20260822T180830-a18476,TC02,3,21,workload
cloud,382,v41-TC02-3-22-e9c32983,V4.1 TC02 Run 3 Customer 22,"V4.1 test order 22 for cloud_failure_with_stateful_edge_failover, run 3, phase workload",2026-08-22T18:09:11.746,edge_recovered,1,2026-08-22T18:39:40.264,TC02-20260822T180901658477-run3-df56d9,TC02-batch-20260822T180830-a18476,TC02,3,22,workload
cloud,383,v41-TC02-3-23-1328f4ec,V4.1 TC02 Run 3 Customer 23,"V4.1 test order 23 for cloud_failure_with_stateful_edge_failover, run 3, phase workload",2026-08-22T18:09:12.114,edge_recovered,1,2026-08-22T18:39:40.624,TC02-20260822T180901658477-run3-df56d9,TC02-batch-20260822T180830-a18476,TC02,3,23,workload
cloud,384,v41-TC02-3-24-fec8ffe2,V4.1 TC02 Run 3 Customer 24,"V4.1 test order 24 for cloud_failure_with_stateful_edge_failover, run 3, phase workload",2026-08-22T18:09:12.490,edge_recovered,1,2026-08-22T18:39:40.938,TC02-20260822T180901658477-run3-df56d9,TC02-batch-20260822T180830-a18476,TC02,3,24,workload
cloud,385,v41-TC02-3-25-d955c008,V4.1 TC02 Run 3 Customer 25,"V4.1 test order 25 for cloud_failure_with_stateful_edge_failover, run 3, phase workload",2026-08-22T18:09:12.857,edge_recovered,1,2026-08-22T18:39:41.438,TC02-20260822T180901658477-run3-df56d9,TC02-batch-20260822T180830-a18476,TC02,3,25,workload
cloud,386,v41-TC02-3-26-bad8170f,V4.1 TC02 Run 3 Customer 26,"V4.1 test order 26 for cloud_failure_with_stateful_edge_failover, run 3, phase workload",2026-08-22T18:09:13.246,edge_recovered,1,2026-08-22T18:39:41.765,TC02-20260822T180901658477-run3-df56d9,TC02-batch-20260822T180830-a18476,TC02,3,26,workload
cloud,387,v41-TC02-3-27-54eabea0,V4.1 TC02 Run 3 Customer 27,"V4.1 test order 27 for cloud_failure_with_stateful_edge_failover, run 3, phase workload",2026-08-22T18:09:13.633,edge_recovered,1,2026-08-22T18:39:42.115,TC02-20260822T180901658477-run3-df56d9,TC02-batch-20260822T180830-a18476,TC02,3,27,workload
cloud,388,v41-TC02-3-28-0901945a,V4.1 TC02 Run 3 Customer 28,"V4.1 test order 28 for cloud_failure_with_stateful_edge_failover, run 3, phase workload",2026-08-22T18:09:14.008,edge_recovered,1,2026-08-22T18:39:42.605,TC02-20260822T180901658477-run3-df56d9,TC02-batch-20260822T180830-a18476,TC02,3,28,workload
cloud,389,v41-TC02-3-29-334f79b1,V4.1 TC02 Run 3 Customer 29,"V4.1 test order 29 for cloud_failure_with_stateful_edge_failover, run 3, phase workload",2026-08-22T18:09:14.367,edge_recovered,1,2026-08-22T18:39:42.983,TC02-20260822T180901658477-run3-df56d9,TC02-batch-20260822T180830-a18476,TC02,3,29,workload
cloud,390,v41-TC02-3-30-9c1eee38,V4.1 TC02 Run 3 Customer 30,"V4.1 test order 30 for cloud_failure_with_stateful_edge_failover, run 3, phase workload",2026-08-22T18:09:14.760,edge_recovered,1,2026-08-22T18:39:43.348,TC02-20260822T180901658477-run3-df56d9,TC02-batch-20260822T180830-a18476,TC02,3,30,workload
cloud,391,v41-TC02-4-1-1120c5e8,V4.1 TC02 Run 4 Customer 1,"V4.1 test order 1 for cloud_failure_with_stateful_edge_failover, run 4, phase workload",2026-08-22T18:09:16.561,edge_recovered,1,2026-08-22T18:39:43.823,TC02-20260822T180916537169-run4-75de4d,TC02-batch-20260822T180830-a18476,TC02,4,1,workload
cloud,392,v41-TC02-4-2-b62f9baf,V4.1 TC02 Run 4 Customer 2,"V4.1 test order 2 for cloud_failure_with_stateful_edge_failover, run 4, phase workload",2026-08-22T18:09:18.961,edge_recovered,1,2026-08-22T18:39:44.179,TC02-20260822T180916537169-run4-75de4d,TC02-batch-20260822T180830-a18476,TC02,4,2,workload
cloud,393,v41-TC02-4-3-5e7155c4,V4.1 TC02 Run 4 Customer 3,"V4.1 test order 3 for cloud_failure_with_stateful_edge_failover, run 4, phase workload",2026-08-22T18:09:19.349,edge_recovered,1,2026-08-22T18:39:44.627,TC02-20260822T180916537169-run4-75de4d,TC02-batch-20260822T180830-a18476,TC02,4,3,workload
cloud,394,v41-TC02-4-4-780d1d00,V4.1 TC02 Run 4 Customer 4,"V4.1 test order 4 for cloud_failure_with_stateful_edge_failover, run 4, phase workload",2026-08-22T18:09:19.738,edge_recovered,1,2026-08-22T18:39:45.085,TC02-20260822T180916537169-run4-75de4d,TC02-batch-20260822T180830-a18476,TC02,4,4,workload
cloud,395,v41-TC02-4-5-afdded3f,V4.1 TC02 Run 4 Customer 5,"V4.1 test order 5 for cloud_failure_with_stateful_edge_failover, run 4, phase workload",2026-08-22T18:09:20.103,edge_recovered,1,2026-08-22T18:39:45.625,TC02-20260822T180916537169-run4-75de4d,TC02-batch-20260822T180830-a18476,TC02,4,5,workload
cloud,396,v41-TC02-4-6-b9a56db6,V4.1 TC02 Run 4 Customer 6,"V4.1 test order 6 for cloud_failure_with_stateful_edge_failover, run 4, phase workload",2026-08-22T18:09:20.494,edge_recovered,1,2026-08-22T18:39:46.188,TC02-20260822T180916537169-run4-75de4d,TC02-batch-20260822T180830-a18476,TC02,4,6,workload
cloud,397,v41-TC02-4-7-06f0b7ab,V4.1 TC02 Run 4 Customer 7,"V4.1 test order 7 for cloud_failure_with_stateful_edge_failover, run 4, phase workload",2026-08-22T18:09:20.934,edge_recovered,1,2026-08-22T18:39:46.715,TC02-20260822T180916537169-run4-75de4d,TC02-batch-20260822T180830-a18476,TC02,4,7,workload
cloud,398,v41-TC02-4-8-00787e97,V4.1 TC02 Run 4 Customer 8,"V4.1 test order 8 for cloud_failure_with_stateful_edge_failover, run 4, phase workload",2026-08-22T18:09:21.302,edge_recovered,1,2026-08-22T18:39:47.260,TC02-20260822T180916537169-run4-75de4d,TC02-batch-20260822T180830-a18476,TC02,4,8,workload
cloud,399,v41-TC02-4-9-dd0b616f,V4.1 TC02 Run 4 Customer 9,"V4.1 test order 9 for cloud_failure_with_stateful_edge_failover, run 4, phase workload",2026-08-22T18:09:21.668,edge_recovered,1,2026-08-22T18:39:47.648,TC02-20260822T180916537169-run4-75de4d,TC02-batch-20260822T180830-a18476,TC02,4,9,workload
cloud,400,v41-TC02-4-10-15baf453,V4.1 TC02 Run 4 Customer 10,"V4.1 test order 10 for cloud_failure_with_stateful_edge_failover, run 4, phase workload",2026-08-22T18:09:22.045,edge_recovered,1,2026-08-22T18:39:48.053,TC02-20260822T180916537169-run4-75de4d,TC02-batch-20260822T180830-a18476,TC02,4,10,workload
cloud,401,v41-TC02-4-11-1cab2e17,V4.1 TC02 Run 4 Customer 11,"V4.1 test order 11 for cloud_failure_with_stateful_edge_failover, run 4, phase workload",2026-08-22T18:09:22.412,edge_recovered,1,2026-08-22T18:39:48.483,TC02-20260822T180916537169-run4-75de4d,TC02-batch-20260822T180830-a18476,TC02,4,11,workload
cloud,402,v41-TC02-4-12-be789e4f,V4.1 TC02 Run 4 Customer 12,"V4.1 test order 12 for cloud_failure_with_stateful_edge_failover, run 4, phase workload",2026-08-22T18:09:22.801,edge_recovered,1,2026-08-22T18:39:49.025,TC02-20260822T180916537169-run4-75de4d,TC02-batch-20260822T180830-a18476,TC02,4,12,workload
cloud,403,v41-TC02-4-13-27192493,V4.1 TC02 Run 4 Customer 13,"V4.1 test order 13 for cloud_failure_with_stateful_edge_failover, run 4, phase workload",2026-08-22T18:09:23.179,edge_recovered,1,2026-08-22T18:39:49.586,TC02-20260822T180916537169-run4-75de4d,TC02-batch-20260822T180830-a18476,TC02,4,13,workload
cloud,404,v41-TC02-4-14-227f7853,V4.1 TC02 Run 4 Customer 14,"V4.1 test order 14 for cloud_failure_with_stateful_edge_failover, run 4, phase workload",2026-08-22T18:09:23.562,edge_recovered,1,2026-08-22T18:39:50.099,TC02-20260822T180916537169-run4-75de4d,TC02-batch-20260822T180830-a18476,TC02,4,14,workload
cloud,405,v41-TC02-4-15-6d8622e4,V4.1 TC02 Run 4 Customer 15,"V4.1 test order 15 for cloud_failure_with_stateful_edge_failover, run 4, phase workload",2026-08-22T18:09:23.945,edge_recovered,1,2026-08-22T18:39:50.614,TC02-20260822T180916537169-run4-75de4d,TC02-batch-20260822T180830-a18476,TC02,4,15,workload
cloud,406,v41-TC02-4-16-ffd10b0d,V4.1 TC02 Run 4 Customer 16,"V4.1 test order 16 for cloud_failure_with_stateful_edge_failover, run 4, phase workload",2026-08-22T18:09:24.327,edge_recovered,1,2026-08-22T18:39:51.078,TC02-20260822T180916537169-run4-75de4d,TC02-batch-20260822T180830-a18476,TC02,4,16,workload
cloud,407,v41-TC02-4-17-b1da4f9d,V4.1 TC02 Run 4 Customer 17,"V4.1 test order 17 for cloud_failure_with_stateful_edge_failover, run 4, phase workload",2026-08-22T18:09:24.713,edge_recovered,1,2026-08-22T18:39:51.570,TC02-20260822T180916537169-run4-75de4d,TC02-batch-20260822T180830-a18476,TC02,4,17,workload
cloud,408,v41-TC02-4-18-521a6d58,V4.1 TC02 Run 4 Customer 18,"V4.1 test order 18 for cloud_failure_with_stateful_edge_failover, run 4, phase workload",2026-08-22T18:09:25.080,edge_recovered,1,2026-08-22T18:39:52.038,TC02-20260822T180916537169-run4-75de4d,TC02-batch-20260822T180830-a18476,TC02,4,18,workload
cloud,409,v41-TC02-4-19-817ce38e,V4.1 TC02 Run 4 Customer 19,"V4.1 test order 19 for cloud_failure_with_stateful_edge_failover, run 4, phase workload",2026-08-22T18:09:25.483,edge_recovered,1,2026-08-22T18:39:52.602,TC02-20260822T180916537169-run4-75de4d,TC02-batch-20260822T180830-a18476,TC02,4,19,workload
cloud,410,v41-TC02-4-20-cfa355eb,V4.1 TC02 Run 4 Customer 20,"V4.1 test order 20 for cloud_failure_with_stateful_edge_failover, run 4, phase workload",2026-08-22T18:09:25.892,edge_recovered,1,2026-08-22T18:39:53.227,TC02-20260822T180916537169-run4-75de4d,TC02-batch-20260822T180830-a18476,TC02,4,20,workload
cloud,411,v41-TC02-4-21-54cbd8c9,V4.1 TC02 Run 4 Customer 21,"V4.1 test order 21 for cloud_failure_with_stateful_edge_failover, run 4, phase workload",2026-08-22T18:09:26.268,edge_recovered,1,2026-08-22T18:39:53.747,TC02-20260822T180916537169-run4-75de4d,TC02-batch-20260822T180830-a18476,TC02,4,21,workload
cloud,412,v41-TC02-4-22-7692563a,V4.1 TC02 Run 4 Customer 22,"V4.1 test order 22 for cloud_failure_with_stateful_edge_failover, run 4, phase workload",2026-08-22T18:09:26.661,edge_recovered,1,2026-08-22T18:39:54.092,TC02-20260822T180916537169-run4-75de4d,TC02-batch-20260822T180830-a18476,TC02,4,22,workload
cloud,413,v41-TC02-4-23-e3332045,V4.1 TC02 Run 4 Customer 23,"V4.1 test order 23 for cloud_failure_with_stateful_edge_failover, run 4, phase workload",2026-08-22T18:09:27.046,edge_recovered,1,2026-08-22T18:39:54.439,TC02-20260822T180916537169-run4-75de4d,TC02-batch-20260822T180830-a18476,TC02,4,23,workload
cloud,414,v41-TC02-4-24-3243faca,V4.1 TC02 Run 4 Customer 24,"V4.1 test order 24 for cloud_failure_with_stateful_edge_failover, run 4, phase workload",2026-08-22T18:09:27.423,edge_recovered,1,2026-08-22T18:39:54.799,TC02-20260822T180916537169-run4-75de4d,TC02-batch-20260822T180830-a18476,TC02,4,24,workload
cloud,415,v41-TC02-4-25-9ef356a4,V4.1 TC02 Run 4 Customer 25,"V4.1 test order 25 for cloud_failure_with_stateful_edge_failover, run 4, phase workload",2026-08-22T18:09:27.813,edge_recovered,1,2026-08-22T18:39:56.403,TC02-20260822T180916537169-run4-75de4d,TC02-batch-20260822T180830-a18476,TC02,4,25,workload
cloud,416,v41-TC02-4-26-7edc48f1,V4.1 TC02 Run 4 Customer 26,"V4.1 test order 26 for cloud_failure_with_stateful_edge_failover, run 4, phase workload",2026-08-22T18:09:28.191,edge_recovered,1,2026-08-22T18:39:56.786,TC02-20260822T180916537169-run4-75de4d,TC02-batch-20260822T180830-a18476,TC02,4,26,workload
cloud,417,v41-TC02-4-27-65ffe866,V4.1 TC02 Run 4 Customer 27,"V4.1 test order 27 for cloud_failure_with_stateful_edge_failover, run 4, phase workload",2026-08-22T18:09:28.572,edge_recovered,1,2026-08-22T18:39:57.163,TC02-20260822T180916537169-run4-75de4d,TC02-batch-20260822T180830-a18476,TC02,4,27,workload
cloud,418,v41-TC02-4-28-992f5e11,V4.1 TC02 Run 4 Customer 28,"V4.1 test order 28 for cloud_failure_with_stateful_edge_failover, run 4, phase workload",2026-08-22T18:09:28.955,edge_recovered,1,2026-08-22T18:39:57.571,TC02-20260822T180916537169-run4-75de4d,TC02-batch-20260822T180830-a18476,TC02,4,28,workload
cloud,419,v41-TC02-4-29-db7062a5,V4.1 TC02 Run 4 Customer 29,"V4.1 test order 29 for cloud_failure_with_stateful_edge_failover, run 4, phase workload",2026-08-22T18:09:29.357,edge_recovered,1,2026-08-22T18:39:57.938,TC02-20260822T180916537169-run4-75de4d,TC02-batch-20260822T180830-a18476,TC02,4,29,workload
cloud,420,v41-TC02-4-30-a2d34e96,V4.1 TC02 Run 4 Customer 30,"V4.1 test order 30 for cloud_failure_with_stateful_edge_failover, run 4, phase workload",2026-08-22T18:09:29.744,edge_recovered,1,2026-08-22T18:39:58.394,TC02-20260822T180916537169-run4-75de4d,TC02-batch-20260822T180830-a18476,TC02,4,30,workload
cloud,421,v41-TC02-5-1-9bc62000,V4.1 TC02 Run 5 Customer 1,"V4.1 test order 1 for cloud_failure_with_stateful_edge_failover, run 5, phase workload",2026-08-22T18:09:31.559,edge_recovered,1,2026-08-22T18:39:58.777,TC02-20260822T180931546429-run5-ec5b60,TC02-batch-20260822T180830-a18476,TC02,5,1,workload
cloud,422,v41-TC02-5-2-9c3bcdef,V4.1 TC02 Run 5 Customer 2,"V4.1 test order 2 for cloud_failure_with_stateful_edge_failover, run 5, phase workload",2026-08-22T18:09:33.964,edge_recovered,1,2026-08-22T18:39:59.189,TC02-20260822T180931546429-run5-ec5b60,TC02-batch-20260822T180830-a18476,TC02,5,2,workload
cloud,423,v41-TC02-5-3-80ba5ed4,V4.1 TC02 Run 5 Customer 3,"V4.1 test order 3 for cloud_failure_with_stateful_edge_failover, run 5, phase workload",2026-08-22T18:09:34.350,edge_recovered,1,2026-08-22T18:39:59.638,TC02-20260822T180931546429-run5-ec5b60,TC02-batch-20260822T180830-a18476,TC02,5,3,workload
cloud,424,v41-TC02-5-4-48234f09,V4.1 TC02 Run 5 Customer 4,"V4.1 test order 4 for cloud_failure_with_stateful_edge_failover, run 5, phase workload",2026-08-22T18:09:34.727,edge_recovered,1,2026-08-22T18:40:00.008,TC02-20260822T180931546429-run5-ec5b60,TC02-batch-20260822T180830-a18476,TC02,5,4,workload
cloud,425,v41-TC02-5-5-70a22fab,V4.1 TC02 Run 5 Customer 5,"V4.1 test order 5 for cloud_failure_with_stateful_edge_failover, run 5, phase workload",2026-08-22T18:09:35.157,edge_recovered,1,2026-08-22T18:40:00.422,TC02-20260822T180931546429-run5-ec5b60,TC02-batch-20260822T180830-a18476,TC02,5,5,workload
cloud,426,v41-TC02-5-6-606ef3ec,V4.1 TC02 Run 5 Customer 6,"V4.1 test order 6 for cloud_failure_with_stateful_edge_failover, run 5, phase workload",2026-08-22T18:09:35.528,edge_recovered,1,2026-08-22T18:40:00.910,TC02-20260822T180931546429-run5-ec5b60,TC02-batch-20260822T180830-a18476,TC02,5,6,workload
cloud,427,v41-TC02-5-7-4c593b0f,V4.1 TC02 Run 5 Customer 7,"V4.1 test order 7 for cloud_failure_with_stateful_edge_failover, run 5, phase workload",2026-08-22T18:09:35.914,edge_recovered,1,2026-08-22T18:40:01.266,TC02-20260822T180931546429-run5-ec5b60,TC02-batch-20260822T180830-a18476,TC02,5,7,workload
cloud,428,v41-TC02-5-8-c04c7c02,V4.1 TC02 Run 5 Customer 8,"V4.1 test order 8 for cloud_failure_with_stateful_edge_failover, run 5, phase workload",2026-08-22T18:09:36.335,edge_recovered,1,2026-08-22T18:40:01.680,TC02-20260822T180931546429-run5-ec5b60,TC02-batch-20260822T180830-a18476,TC02,5,8,workload
cloud,429,v41-TC02-5-9-a60a3e45,V4.1 TC02 Run 5 Customer 9,"V4.1 test order 9 for cloud_failure_with_stateful_edge_failover, run 5, phase workload",2026-08-22T18:09:36.736,edge_recovered,1,2026-08-22T18:40:02.044,TC02-20260822T180931546429-run5-ec5b60,TC02-batch-20260822T180830-a18476,TC02,5,9,workload
cloud,430,v41-TC02-5-10-d886c059,V4.1 TC02 Run 5 Customer 10,"V4.1 test order 10 for cloud_failure_with_stateful_edge_failover, run 5, phase workload",2026-08-22T18:09:37.124,edge_recovered,1,2026-08-22T18:40:02.372,TC02-20260822T180931546429-run5-ec5b60,TC02-batch-20260822T180830-a18476,TC02,5,10,workload
cloud,431,v41-TC02-5-11-f3b20588,V4.1 TC02 Run 5 Customer 11,"V4.1 test order 11 for cloud_failure_with_stateful_edge_failover, run 5, phase workload",2026-08-22T18:09:37.517,edge_recovered,1,2026-08-22T18:40:02.846,TC02-20260822T180931546429-run5-ec5b60,TC02-batch-20260822T180830-a18476,TC02,5,11,workload
cloud,432,v41-TC02-5-12-5733f56b,V4.1 TC02 Run 5 Customer 12,"V4.1 test order 12 for cloud_failure_with_stateful_edge_failover, run 5, phase workload",2026-08-22T18:09:37.917,edge_recovered,1,2026-08-22T18:40:03.191,TC02-20260822T180931546429-run5-ec5b60,TC02-batch-20260822T180830-a18476,TC02,5,12,workload
cloud,433,v41-TC02-5-13-4c5c756a,V4.1 TC02 Run 5 Customer 13,"V4.1 test order 13 for cloud_failure_with_stateful_edge_failover, run 5, phase workload",2026-08-22T18:09:38.316,edge_recovered,1,2026-08-22T18:40:03.534,TC02-20260822T180931546429-run5-ec5b60,TC02-batch-20260822T180830-a18476,TC02,5,13,workload
cloud,434,v41-TC02-5-14-8d640dda,V4.1 TC02 Run 5 Customer 14,"V4.1 test order 14 for cloud_failure_with_stateful_edge_failover, run 5, phase workload",2026-08-22T18:09:38.701,edge_recovered,1,2026-08-22T18:40:03.973,TC02-20260822T180931546429-run5-ec5b60,TC02-batch-20260822T180830-a18476,TC02,5,14,workload
cloud,435,v41-TC02-5-15-3d6604db,V4.1 TC02 Run 5 Customer 15,"V4.1 test order 15 for cloud_failure_with_stateful_edge_failover, run 5, phase workload",2026-08-22T18:09:39.091,edge_recovered,1,2026-08-22T18:40:04.541,TC02-20260822T180931546429-run5-ec5b60,TC02-batch-20260822T180830-a18476,TC02,5,15,workload
cloud,436,v41-TC02-5-16-5ecd046b,V4.1 TC02 Run 5 Customer 16,"V4.1 test order 16 for cloud_failure_with_stateful_edge_failover, run 5, phase workload",2026-08-22T18:09:39.468,edge_recovered,1,2026-08-22T18:40:05.072,TC02-20260822T180931546429-run5-ec5b60,TC02-batch-20260822T180830-a18476,TC02,5,16,workload
cloud,437,v41-TC02-5-17-891e9167,V4.1 TC02 Run 5 Customer 17,"V4.1 test order 17 for cloud_failure_with_stateful_edge_failover, run 5, phase workload",2026-08-22T18:09:39.846,edge_recovered,1,2026-08-22T18:40:05.610,TC02-20260822T180931546429-run5-ec5b60,TC02-batch-20260822T180830-a18476,TC02,5,17,workload
cloud,438,v41-TC02-5-18-0eb3afbc,V4.1 TC02 Run 5 Customer 18,"V4.1 test order 18 for cloud_failure_with_stateful_edge_failover, run 5, phase workload",2026-08-22T18:09:40.235,edge_recovered,1,2026-08-22T18:40:06.134,TC02-20260822T180931546429-run5-ec5b60,TC02-batch-20260822T180830-a18476,TC02,5,18,workload
cloud,439,v41-TC02-5-19-9768ac2b,V4.1 TC02 Run 5 Customer 19,"V4.1 test order 19 for cloud_failure_with_stateful_edge_failover, run 5, phase workload",2026-08-22T18:09:40.625,edge_recovered,1,2026-08-22T18:40:06.693,TC02-20260822T180931546429-run5-ec5b60,TC02-batch-20260822T180830-a18476,TC02,5,19,workload
cloud,440,v41-TC02-5-20-0b795201,V4.1 TC02 Run 5 Customer 20,"V4.1 test order 20 for cloud_failure_with_stateful_edge_failover, run 5, phase workload",2026-08-22T18:09:41.014,edge_recovered,1,2026-08-22T18:40:07.151,TC02-20260822T180931546429-run5-ec5b60,TC02-batch-20260822T180830-a18476,TC02,5,20,workload
cloud,441,v41-TC02-5-21-74c0fae1,V4.1 TC02 Run 5 Customer 21,"V4.1 test order 21 for cloud_failure_with_stateful_edge_failover, run 5, phase workload",2026-08-22T18:09:41.392,edge_recovered,1,2026-08-22T18:40:07.520,TC02-20260822T180931546429-run5-ec5b60,TC02-batch-20260822T180830-a18476,TC02,5,21,workload
cloud,442,v41-TC02-5-22-f8657c94,V4.1 TC02 Run 5 Customer 22,"V4.1 test order 22 for cloud_failure_with_stateful_edge_failover, run 5, phase workload",2026-08-22T18:09:41.778,edge_recovered,1,2026-08-22T18:40:07.874,TC02-20260822T180931546429-run5-ec5b60,TC02-batch-20260822T180830-a18476,TC02,5,22,workload
cloud,443,v41-TC02-5-23-0416c9f9,V4.1 TC02 Run 5 Customer 23,"V4.1 test order 23 for cloud_failure_with_stateful_edge_failover, run 5, phase workload",2026-08-22T18:09:42.162,edge_recovered,1,2026-08-22T18:40:08.367,TC02-20260822T180931546429-run5-ec5b60,TC02-batch-20260822T180830-a18476,TC02,5,23,workload
cloud,444,v41-TC02-5-24-f627dd07,V4.1 TC02 Run 5 Customer 24,"V4.1 test order 24 for cloud_failure_with_stateful_edge_failover, run 5, phase workload",2026-08-22T18:09:42.561,edge_recovered,1,2026-08-22T18:40:08.720,TC02-20260822T180931546429-run5-ec5b60,TC02-batch-20260822T180830-a18476,TC02,5,24,workload
cloud,445,v41-TC02-5-25-c49c8695,V4.1 TC02 Run 5 Customer 25,"V4.1 test order 25 for cloud_failure_with_stateful_edge_failover, run 5, phase workload",2026-08-22T18:09:42.926,edge_recovered,1,2026-08-22T18:40:09.070,TC02-20260822T180931546429-run5-ec5b60,TC02-batch-20260822T180830-a18476,TC02,5,25,workload
cloud,446,v41-TC02-5-26-0b63fd7c,V4.1 TC02 Run 5 Customer 26,"V4.1 test order 26 for cloud_failure_with_stateful_edge_failover, run 5, phase workload",2026-08-22T18:09:43.313,edge_recovered,1,2026-08-22T18:40:09.551,TC02-20260822T180931546429-run5-ec5b60,TC02-batch-20260822T180830-a18476,TC02,5,26,workload
cloud,447,v41-TC02-5-27-59b12eff,V4.1 TC02 Run 5 Customer 27,"V4.1 test order 27 for cloud_failure_with_stateful_edge_failover, run 5, phase workload",2026-08-22T18:09:43.734,edge_recovered,1,2026-08-22T18:40:09.930,TC02-20260822T180931546429-run5-ec5b60,TC02-batch-20260822T180830-a18476,TC02,5,27,workload
cloud,448,v41-TC02-5-28-449ccdb6,V4.1 TC02 Run 5 Customer 28,"V4.1 test order 28 for cloud_failure_with_stateful_edge_failover, run 5, phase workload",2026-08-22T18:09:44.090,edge_recovered,1,2026-08-22T18:40:10.422,TC02-20260822T180931546429-run5-ec5b60,TC02-batch-20260822T180830-a18476,TC02,5,28,workload
cloud,449,v41-TC02-5-29-6c8f81f5,V4.1 TC02 Run 5 Customer 29,"V4.1 test order 29 for cloud_failure_with_stateful_edge_failover, run 5, phase workload",2026-08-22T18:09:44.459,edge_recovered,1,2026-08-22T18:40:10.767,TC02-20260822T180931546429-run5-ec5b60,TC02-batch-20260822T180830-a18476,TC02,5,29,workload
cloud,450,v41-TC02-5-30-dfdfc5e7,V4.1 TC02 Run 5 Customer 30,"V4.1 test order 30 for cloud_failure_with_stateful_edge_failover, run 5, phase workload",2026-08-22T18:09:44.825,edge_recovered,1,2026-08-22T18:40:11.128,TC02-20260822T180931546429-run5-ec5b60,TC02-batch-20260822T180830-a18476,TC02,5,30,workload
cloud,451,v41-TC02-6-1-1f959a7d,V4.1 TC02 Run 6 Customer 1,"V4.1 test order 1 for cloud_failure_with_stateful_edge_failover, run 6, phase workload",2026-08-22T18:09:46.616,edge_recovered,1,2026-08-22T18:40:11.562,TC02-20260822T180946594257-run6-6b5397,TC02-batch-20260822T180830-a18476,TC02,6,1,workload
cloud,452,v41-TC02-6-2-04438dbf,V4.1 TC02 Run 6 Customer 2,"V4.1 test order 2 for cloud_failure_with_stateful_edge_failover, run 6, phase workload",2026-08-22T18:09:49.028,edge_recovered,1,2026-08-22T18:40:11.886,TC02-20260822T180946594257-run6-6b5397,TC02-batch-20260822T180830-a18476,TC02,6,2,workload
cloud,453,v41-TC02-6-3-dcdc83c5,V4.1 TC02 Run 6 Customer 3,"V4.1 test order 3 for cloud_failure_with_stateful_edge_failover, run 6, phase workload",2026-08-22T18:09:49.444,edge_recovered,1,2026-08-22T18:40:12.229,TC02-20260822T180946594257-run6-6b5397,TC02-batch-20260822T180830-a18476,TC02,6,3,workload
cloud,454,v41-TC02-6-4-6e2adcc2,V4.1 TC02 Run 6 Customer 4,"V4.1 test order 4 for cloud_failure_with_stateful_edge_failover, run 6, phase workload",2026-08-22T18:09:49.830,edge_recovered,1,2026-08-22T18:40:12.671,TC02-20260822T180946594257-run6-6b5397,TC02-batch-20260822T180830-a18476,TC02,6,4,workload
cloud,455,v41-TC02-6-5-708d9081,V4.1 TC02 Run 6 Customer 5,"V4.1 test order 5 for cloud_failure_with_stateful_edge_failover, run 6, phase workload",2026-08-22T18:09:50.258,edge_recovered,1,2026-08-22T18:40:13.007,TC02-20260822T180946594257-run6-6b5397,TC02-batch-20260822T180830-a18476,TC02,6,5,workload
cloud,456,v41-TC02-6-6-847025d1,V4.1 TC02 Run 6 Customer 6,"V4.1 test order 6 for cloud_failure_with_stateful_edge_failover, run 6, phase workload",2026-08-22T18:09:50.628,edge_recovered,1,2026-08-22T18:40:13.350,TC02-20260822T180946594257-run6-6b5397,TC02-batch-20260822T180830-a18476,TC02,6,6,workload
cloud,457,v41-TC02-6-7-384c6785,V4.1 TC02 Run 6 Customer 7,"V4.1 test order 7 for cloud_failure_with_stateful_edge_failover, run 6, phase workload",2026-08-22T18:09:51.003,edge_recovered,1,2026-08-22T18:40:13.782,TC02-20260822T180946594257-run6-6b5397,TC02-batch-20260822T180830-a18476,TC02,6,7,workload
cloud,458,v41-TC02-6-8-5c4b394e,V4.1 TC02 Run 6 Customer 8,"V4.1 test order 8 for cloud_failure_with_stateful_edge_failover, run 6, phase workload",2026-08-22T18:09:51.405,edge_recovered,1,2026-08-22T18:40:14.101,TC02-20260822T180946594257-run6-6b5397,TC02-batch-20260822T180830-a18476,TC02,6,8,workload
cloud,459,v41-TC02-6-9-e0b67cc5,V4.1 TC02 Run 6 Customer 9,"V4.1 test order 9 for cloud_failure_with_stateful_edge_failover, run 6, phase workload",2026-08-22T18:09:51.804,edge_recovered,1,2026-08-22T18:40:14.411,TC02-20260822T180946594257-run6-6b5397,TC02-batch-20260822T180830-a18476,TC02,6,9,workload
cloud,460,v41-TC02-6-10-15addf24,V4.1 TC02 Run 6 Customer 10,"V4.1 test order 10 for cloud_failure_with_stateful_edge_failover, run 6, phase workload",2026-08-22T18:09:52.179,edge_recovered,1,2026-08-22T18:40:14.853,TC02-20260822T180946594257-run6-6b5397,TC02-batch-20260822T180830-a18476,TC02,6,10,workload
cloud,461,v41-TC02-6-11-6b1af5f7,V4.1 TC02 Run 6 Customer 11,"V4.1 test order 11 for cloud_failure_with_stateful_edge_failover, run 6, phase workload",2026-08-22T18:09:52.550,edge_recovered,1,2026-08-22T18:40:15.221,TC02-20260822T180946594257-run6-6b5397,TC02-batch-20260822T180830-a18476,TC02,6,11,workload
cloud,462,v41-TC02-6-12-2e24805b,V4.1 TC02 Run 6 Customer 12,"V4.1 test order 12 for cloud_failure_with_stateful_edge_failover, run 6, phase workload",2026-08-22T18:09:52.970,edge_recovered,1,2026-08-22T18:40:15.591,TC02-20260822T180946594257-run6-6b5397,TC02-batch-20260822T180830-a18476,TC02,6,12,workload
cloud,463,v41-TC02-6-13-6f7d2752,V4.1 TC02 Run 6 Customer 13,"V4.1 test order 13 for cloud_failure_with_stateful_edge_failover, run 6, phase workload",2026-08-22T18:09:53.337,edge_recovered,1,2026-08-22T18:40:16.062,TC02-20260822T180946594257-run6-6b5397,TC02-batch-20260822T180830-a18476,TC02,6,13,workload
cloud,464,v41-TC02-6-14-7d9af342,V4.1 TC02 Run 6 Customer 14,"V4.1 test order 14 for cloud_failure_with_stateful_edge_failover, run 6, phase workload",2026-08-22T18:09:53.713,edge_recovered,1,2026-08-22T18:40:16.656,TC02-20260822T180946594257-run6-6b5397,TC02-batch-20260822T180830-a18476,TC02,6,14,workload
cloud,465,v41-TC02-6-15-947484a6,V4.1 TC02 Run 6 Customer 15,"V4.1 test order 15 for cloud_failure_with_stateful_edge_failover, run 6, phase workload",2026-08-22T18:09:54.092,edge_recovered,1,2026-08-22T18:40:17.216,TC02-20260822T180946594257-run6-6b5397,TC02-batch-20260822T180830-a18476,TC02,6,15,workload
cloud,466,v41-TC02-6-16-2fd08f27,V4.1 TC02 Run 6 Customer 16,"V4.1 test order 16 for cloud_failure_with_stateful_edge_failover, run 6, phase workload",2026-08-22T18:09:54.458,edge_recovered,1,2026-08-22T18:40:17.794,TC02-20260822T180946594257-run6-6b5397,TC02-batch-20260822T180830-a18476,TC02,6,16,workload
cloud,467,v41-TC02-6-17-db868a09,V4.1 TC02 Run 6 Customer 17,"V4.1 test order 17 for cloud_failure_with_stateful_edge_failover, run 6, phase workload",2026-08-22T18:09:54.869,edge_recovered,1,2026-08-22T18:40:18.380,TC02-20260822T180946594257-run6-6b5397,TC02-batch-20260822T180830-a18476,TC02,6,17,workload
cloud,468,v41-TC02-6-18-96045c09,V4.1 TC02 Run 6 Customer 18,"V4.1 test order 18 for cloud_failure_with_stateful_edge_failover, run 6, phase workload",2026-08-22T18:09:55.293,edge_recovered,1,2026-08-22T18:40:18.807,TC02-20260822T180946594257-run6-6b5397,TC02-batch-20260822T180830-a18476,TC02,6,18,workload
cloud,469,v41-TC02-6-19-571d7fbc,V4.1 TC02 Run 6 Customer 19,"V4.1 test order 19 for cloud_failure_with_stateful_edge_failover, run 6, phase workload",2026-08-22T18:09:55.687,edge_recovered,1,2026-08-22T18:40:19.309,TC02-20260822T180946594257-run6-6b5397,TC02-batch-20260822T180830-a18476,TC02,6,19,workload
cloud,470,v41-TC02-6-20-de15cccd,V4.1 TC02 Run 6 Customer 20,"V4.1 test order 20 for cloud_failure_with_stateful_edge_failover, run 6, phase workload",2026-08-22T18:09:56.106,edge_recovered,1,2026-08-22T18:40:19.934,TC02-20260822T180946594257-run6-6b5397,TC02-batch-20260822T180830-a18476,TC02,6,20,workload
cloud,471,v41-TC02-6-21-786e1043,V4.1 TC02 Run 6 Customer 21,"V4.1 test order 21 for cloud_failure_with_stateful_edge_failover, run 6, phase workload",2026-08-22T18:09:56.516,edge_recovered,1,2026-08-22T18:40:20.451,TC02-20260822T180946594257-run6-6b5397,TC02-batch-20260822T180830-a18476,TC02,6,21,workload
cloud,472,v41-TC02-6-22-0a5c3bfd,V4.1 TC02 Run 6 Customer 22,"V4.1 test order 22 for cloud_failure_with_stateful_edge_failover, run 6, phase workload",2026-08-22T18:09:56.914,edge_recovered,1,2026-08-22T18:40:21.005,TC02-20260822T180946594257-run6-6b5397,TC02-batch-20260822T180830-a18476,TC02,6,22,workload
cloud,473,v41-TC02-6-23-48a35c5a,V4.1 TC02 Run 6 Customer 23,"V4.1 test order 23 for cloud_failure_with_stateful_edge_failover, run 6, phase workload",2026-08-22T18:09:57.349,edge_recovered,1,2026-08-22T18:40:21.528,TC02-20260822T180946594257-run6-6b5397,TC02-batch-20260822T180830-a18476,TC02,6,23,workload
cloud,474,v41-TC02-6-24-166744ee,V4.1 TC02 Run 6 Customer 24,"V4.1 test order 24 for cloud_failure_with_stateful_edge_failover, run 6, phase workload",2026-08-22T18:09:57.761,edge_recovered,1,2026-08-22T18:40:22.097,TC02-20260822T180946594257-run6-6b5397,TC02-batch-20260822T180830-a18476,TC02,6,24,workload
cloud,475,v41-TC02-6-25-e3a838a5,V4.1 TC02 Run 6 Customer 25,"V4.1 test order 25 for cloud_failure_with_stateful_edge_failover, run 6, phase workload",2026-08-22T18:09:58.194,edge_recovered,1,2026-08-22T18:40:22.707,TC02-20260822T180946594257-run6-6b5397,TC02-batch-20260822T180830-a18476,TC02,6,25,workload
cloud,476,v41-TC02-6-26-79cd7c13,V4.1 TC02 Run 6 Customer 26,"V4.1 test order 26 for cloud_failure_with_stateful_edge_failover, run 6, phase workload",2026-08-22T18:09:58.602,edge_recovered,1,2026-08-22T18:40:23.251,TC02-20260822T180946594257-run6-6b5397,TC02-batch-20260822T180830-a18476,TC02,6,26,workload
cloud,477,v41-TC02-6-27-b012a060,V4.1 TC02 Run 6 Customer 27,"V4.1 test order 27 for cloud_failure_with_stateful_edge_failover, run 6, phase workload",2026-08-22T18:09:59.009,edge_recovered,1,2026-08-22T18:40:23.619,TC02-20260822T180946594257-run6-6b5397,TC02-batch-20260822T180830-a18476,TC02,6,27,workload
cloud,478,v41-TC02-6-28-d0a46f05,V4.1 TC02 Run 6 Customer 28,"V4.1 test order 28 for cloud_failure_with_stateful_edge_failover, run 6, phase workload",2026-08-22T18:09:59.442,edge_recovered,1,2026-08-22T18:40:23.931,TC02-20260822T180946594257-run6-6b5397,TC02-batch-20260822T180830-a18476,TC02,6,28,workload
cloud,479,v41-TC02-6-29-c7b88871,V4.1 TC02 Run 6 Customer 29,"V4.1 test order 29 for cloud_failure_with_stateful_edge_failover, run 6, phase workload",2026-08-22T18:09:59.844,edge_recovered,1,2026-08-22T18:40:24.327,TC02-20260822T180946594257-run6-6b5397,TC02-batch-20260822T180830-a18476,TC02,6,29,workload
cloud,480,v41-TC02-6-30-062239dc,V4.1 TC02 Run 6 Customer 30,"V4.1 test order 30 for cloud_failure_with_stateful_edge_failover, run 6, phase workload",2026-08-22T18:10:00.252,edge_recovered,1,2026-08-22T18:40:24.846,TC02-20260822T180946594257-run6-6b5397,TC02-batch-20260822T180830-a18476,TC02,6,30,workload
cloud,481,v41-TC02-7-1-801e0d7d,V4.1 TC02 Run 7 Customer 1,"V4.1 test order 1 for cloud_failure_with_stateful_edge_failover, run 7, phase workload",2026-08-22T18:10:02.079,edge_recovered,1,2026-08-22T18:40:25.380,TC02-20260822T181002062660-run7-8d051b,TC02-batch-20260822T180830-a18476,TC02,7,1,workload
cloud,482,v41-TC02-7-2-d6e9e508,V4.1 TC02 Run 7 Customer 2,"V4.1 test order 2 for cloud_failure_with_stateful_edge_failover, run 7, phase workload",2026-08-22T18:10:04.540,edge_recovered,1,2026-08-22T18:40:25.792,TC02-20260822T181002062660-run7-8d051b,TC02-batch-20260822T180830-a18476,TC02,7,2,workload
cloud,483,v41-TC02-7-3-f6fa4e4a,V4.1 TC02 Run 7 Customer 3,"V4.1 test order 3 for cloud_failure_with_stateful_edge_failover, run 7, phase workload",2026-08-22T18:10:04.948,edge_recovered,1,2026-08-22T18:40:26.338,TC02-20260822T181002062660-run7-8d051b,TC02-batch-20260822T180830-a18476,TC02,7,3,workload
cloud,484,v41-TC02-7-4-38736bf6,V4.1 TC02 Run 7 Customer 4,"V4.1 test order 4 for cloud_failure_with_stateful_edge_failover, run 7, phase workload",2026-08-22T18:10:05.348,edge_recovered,1,2026-08-22T18:40:26.939,TC02-20260822T181002062660-run7-8d051b,TC02-batch-20260822T180830-a18476,TC02,7,4,workload
cloud,485,v41-TC02-7-5-0d5694ee,V4.1 TC02 Run 7 Customer 5,"V4.1 test order 5 for cloud_failure_with_stateful_edge_failover, run 7, phase workload",2026-08-22T18:10:05.748,edge_recovered,1,2026-08-22T18:40:27.540,TC02-20260822T181002062660-run7-8d051b,TC02-batch-20260822T180830-a18476,TC02,7,5,workload
cloud,486,v41-TC02-7-6-acaf34ed,V4.1 TC02 Run 7 Customer 6,"V4.1 test order 6 for cloud_failure_with_stateful_edge_failover, run 7, phase workload",2026-08-22T18:10:06.147,edge_recovered,1,2026-08-22T18:40:28.099,TC02-20260822T181002062660-run7-8d051b,TC02-batch-20260822T180830-a18476,TC02,7,6,workload
cloud,487,v41-TC02-7-7-ca48f460,V4.1 TC02 Run 7 Customer 7,"V4.1 test order 7 for cloud_failure_with_stateful_edge_failover, run 7, phase workload",2026-08-22T18:10:06.566,edge_recovered,1,2026-08-22T18:40:28.638,TC02-20260822T181002062660-run7-8d051b,TC02-batch-20260822T180830-a18476,TC02,7,7,workload
cloud,488,v41-TC02-7-8-2b592704,V4.1 TC02 Run 7 Customer 8,"V4.1 test order 8 for cloud_failure_with_stateful_edge_failover, run 7, phase workload",2026-08-22T18:10:06.948,edge_recovered,1,2026-08-22T18:40:29.128,TC02-20260822T181002062660-run7-8d051b,TC02-batch-20260822T180830-a18476,TC02,7,8,workload
cloud,489,v41-TC02-7-9-6cf713de,V4.1 TC02 Run 7 Customer 9,"V4.1 test order 9 for cloud_failure_with_stateful_edge_failover, run 7, phase workload",2026-08-22T18:10:07.347,edge_recovered,1,2026-08-22T18:40:29.496,TC02-20260822T181002062660-run7-8d051b,TC02-batch-20260822T180830-a18476,TC02,7,9,workload
cloud,490,v41-TC02-7-10-c669af8b,V4.1 TC02 Run 7 Customer 10,"V4.1 test order 10 for cloud_failure_with_stateful_edge_failover, run 7, phase workload",2026-08-22T18:10:07.718,edge_recovered,1,2026-08-22T18:40:29.902,TC02-20260822T181002062660-run7-8d051b,TC02-batch-20260822T180830-a18476,TC02,7,10,workload
cloud,491,v41-TC02-7-11-9a15c2f1,V4.1 TC02 Run 7 Customer 11,"V4.1 test order 11 for cloud_failure_with_stateful_edge_failover, run 7, phase workload",2026-08-22T18:10:08.095,edge_recovered,1,2026-08-22T18:40:30.289,TC02-20260822T181002062660-run7-8d051b,TC02-batch-20260822T180830-a18476,TC02,7,11,workload
cloud,492,v41-TC02-7-12-1546ad40,V4.1 TC02 Run 7 Customer 12,"V4.1 test order 12 for cloud_failure_with_stateful_edge_failover, run 7, phase workload",2026-08-22T18:10:08.476,edge_recovered,1,2026-08-22T18:40:30.651,TC02-20260822T181002062660-run7-8d051b,TC02-batch-20260822T180830-a18476,TC02,7,12,workload
cloud,493,v41-TC02-7-13-e967fc6a,V4.1 TC02 Run 7 Customer 13,"V4.1 test order 13 for cloud_failure_with_stateful_edge_failover, run 7, phase workload",2026-08-22T18:10:08.869,edge_recovered,1,2026-08-22T18:40:31.118,TC02-20260822T181002062660-run7-8d051b,TC02-batch-20260822T180830-a18476,TC02,7,13,workload
cloud,494,v41-TC02-7-14-b5ed505e,V4.1 TC02 Run 7 Customer 14,"V4.1 test order 14 for cloud_failure_with_stateful_edge_failover, run 7, phase workload",2026-08-22T18:10:09.280,edge_recovered,1,2026-08-22T18:40:31.465,TC02-20260822T181002062660-run7-8d051b,TC02-batch-20260822T180830-a18476,TC02,7,14,workload
cloud,495,v41-TC02-7-15-fdb59bfd,V4.1 TC02 Run 7 Customer 15,"V4.1 test order 15 for cloud_failure_with_stateful_edge_failover, run 7, phase workload",2026-08-22T18:10:09.760,edge_recovered,1,2026-08-22T18:40:32.059,TC02-20260822T181002062660-run7-8d051b,TC02-batch-20260822T180830-a18476,TC02,7,15,workload
cloud,496,v41-TC02-7-16-23a4980b,V4.1 TC02 Run 7 Customer 16,"V4.1 test order 16 for cloud_failure_with_stateful_edge_failover, run 7, phase workload",2026-08-22T18:10:10.158,edge_recovered,1,2026-08-22T18:40:32.437,TC02-20260822T181002062660-run7-8d051b,TC02-batch-20260822T180830-a18476,TC02,7,16,workload
cloud,497,v41-TC02-7-17-44972995,V4.1 TC02 Run 7 Customer 17,"V4.1 test order 17 for cloud_failure_with_stateful_edge_failover, run 7, phase workload",2026-08-22T18:10:10.547,edge_recovered,1,2026-08-22T18:40:32.832,TC02-20260822T181002062660-run7-8d051b,TC02-batch-20260822T180830-a18476,TC02,7,17,workload
cloud,498,v41-TC02-7-18-11969e01,V4.1 TC02 Run 7 Customer 18,"V4.1 test order 18 for cloud_failure_with_stateful_edge_failover, run 7, phase workload",2026-08-22T18:10:10.947,edge_recovered,1,2026-08-22T18:40:33.272,TC02-20260822T181002062660-run7-8d051b,TC02-batch-20260822T180830-a18476,TC02,7,18,workload
cloud,499,v41-TC02-7-19-c90e223a,V4.1 TC02 Run 7 Customer 19,"V4.1 test order 19 for cloud_failure_with_stateful_edge_failover, run 7, phase workload",2026-08-22T18:10:11.340,edge_recovered,1,2026-08-22T18:40:33.629,TC02-20260822T181002062660-run7-8d051b,TC02-batch-20260822T180830-a18476,TC02,7,19,workload
cloud,500,v41-TC02-7-20-99bed5bb,V4.1 TC02 Run 7 Customer 20,"V4.1 test order 20 for cloud_failure_with_stateful_edge_failover, run 7, phase workload",2026-08-22T18:10:11.737,edge_recovered,1,2026-08-22T18:40:33.996,TC02-20260822T181002062660-run7-8d051b,TC02-batch-20260822T180830-a18476,TC02,7,20,workload
cloud,501,v41-TC02-7-21-7e5dc8c2,V4.1 TC02 Run 7 Customer 21,"V4.1 test order 21 for cloud_failure_with_stateful_edge_failover, run 7, phase workload",2026-08-22T18:10:12.097,edge_recovered,1,2026-08-22T18:40:34.540,TC02-20260822T181002062660-run7-8d051b,TC02-batch-20260822T180830-a18476,TC02,7,21,workload
cloud,502,v41-TC02-7-22-2c7c8ac0,V4.1 TC02 Run 7 Customer 22,"V4.1 test order 22 for cloud_failure_with_stateful_edge_failover, run 7, phase workload",2026-08-22T18:10:12.492,edge_recovered,1,2026-08-22T18:40:34.974,TC02-20260822T181002062660-run7-8d051b,TC02-batch-20260822T180830-a18476,TC02,7,22,workload
cloud,503,v41-TC02-7-23-91379055,V4.1 TC02 Run 7 Customer 23,"V4.1 test order 23 for cloud_failure_with_stateful_edge_failover, run 7, phase workload",2026-08-22T18:10:12.881,edge_recovered,1,2026-08-22T18:40:35.499,TC02-20260822T181002062660-run7-8d051b,TC02-batch-20260822T180830-a18476,TC02,7,23,workload
cloud,504,v41-TC02-7-24-73a892f3,V4.1 TC02 Run 7 Customer 24,"V4.1 test order 24 for cloud_failure_with_stateful_edge_failover, run 7, phase workload",2026-08-22T18:10:13.305,edge_recovered,1,2026-08-22T18:40:36.078,TC02-20260822T181002062660-run7-8d051b,TC02-batch-20260822T180830-a18476,TC02,7,24,workload
cloud,505,v41-TC02-7-25-5adc0b6d,V4.1 TC02 Run 7 Customer 25,"V4.1 test order 25 for cloud_failure_with_stateful_edge_failover, run 7, phase workload",2026-08-22T18:10:13.695,edge_recovered,1,2026-08-22T18:40:36.651,TC02-20260822T181002062660-run7-8d051b,TC02-batch-20260822T180830-a18476,TC02,7,25,workload
cloud,506,v41-TC02-7-26-5ff0c8b0,V4.1 TC02 Run 7 Customer 26,"V4.1 test order 26 for cloud_failure_with_stateful_edge_failover, run 7, phase workload",2026-08-22T18:10:14.047,edge_recovered,1,2026-08-22T18:40:37.207,TC02-20260822T181002062660-run7-8d051b,TC02-batch-20260822T180830-a18476,TC02,7,26,workload
cloud,507,v41-TC02-7-27-27b376aa,V4.1 TC02 Run 7 Customer 27,"V4.1 test order 27 for cloud_failure_with_stateful_edge_failover, run 7, phase workload",2026-08-22T18:10:14.414,edge_recovered,1,2026-08-22T18:40:37.837,TC02-20260822T181002062660-run7-8d051b,TC02-batch-20260822T180830-a18476,TC02,7,27,workload
cloud,508,v41-TC02-7-28-74c91ee0,V4.1 TC02 Run 7 Customer 28,"V4.1 test order 28 for cloud_failure_with_stateful_edge_failover, run 7, phase workload",2026-08-22T18:10:14.769,edge_recovered,1,2026-08-22T18:40:38.221,TC02-20260822T181002062660-run7-8d051b,TC02-batch-20260822T180830-a18476,TC02,7,28,workload
cloud,509,v41-TC02-7-29-06842170,V4.1 TC02 Run 7 Customer 29,"V4.1 test order 29 for cloud_failure_with_stateful_edge_failover, run 7, phase workload",2026-08-22T18:10:15.131,edge_recovered,1,2026-08-22T18:40:38.577,TC02-20260822T181002062660-run7-8d051b,TC02-batch-20260822T180830-a18476,TC02,7,29,workload
cloud,510,v41-TC02-7-30-8968a25e,V4.1 TC02 Run 7 Customer 30,"V4.1 test order 30 for cloud_failure_with_stateful_edge_failover, run 7, phase workload",2026-08-22T18:10:15.516,edge_recovered,1,2026-08-22T18:40:38.931,TC02-20260822T181002062660-run7-8d051b,TC02-batch-20260822T180830-a18476,TC02,7,30,workload
cloud,511,v41-TC02-8-1-04b20d22,V4.1 TC02 Run 8 Customer 1,"V4.1 test order 1 for cloud_failure_with_stateful_edge_failover, run 8, phase workload",2026-08-22T18:10:17.332,edge_recovered,1,2026-08-22T18:40:39.410,TC02-20260822T181017310026-run8-35d85e,TC02-batch-20260822T180830-a18476,TC02,8,1,workload
cloud,512,v41-TC02-8-2-d2c602f8,V4.1 TC02 Run 8 Customer 2,"V4.1 test order 2 for cloud_failure_with_stateful_edge_failover, run 8, phase workload",2026-08-22T18:10:19.741,edge_recovered,1,2026-08-22T18:40:39.779,TC02-20260822T181017310026-run8-35d85e,TC02-batch-20260822T180830-a18476,TC02,8,2,workload
cloud,513,v41-TC02-8-3-f44e96aa,V4.1 TC02 Run 8 Customer 3,"V4.1 test order 3 for cloud_failure_with_stateful_edge_failover, run 8, phase workload",2026-08-22T18:10:20.167,edge_recovered,1,2026-08-22T18:40:40.131,TC02-20260822T181017310026-run8-35d85e,TC02-batch-20260822T180830-a18476,TC02,8,3,workload
cloud,514,v41-TC02-8-4-164c8cdd,V4.1 TC02 Run 8 Customer 4,"V4.1 test order 4 for cloud_failure_with_stateful_edge_failover, run 8, phase workload",2026-08-22T18:10:20.614,edge_recovered,1,2026-08-22T18:40:40.568,TC02-20260822T181017310026-run8-35d85e,TC02-batch-20260822T180830-a18476,TC02,8,4,workload
cloud,515,v41-TC02-8-5-8cb46c1c,V4.1 TC02 Run 8 Customer 5,"V4.1 test order 5 for cloud_failure_with_stateful_edge_failover, run 8, phase workload",2026-08-22T18:10:20.992,edge_recovered,1,2026-08-22T18:40:40.908,TC02-20260822T181017310026-run8-35d85e,TC02-batch-20260822T180830-a18476,TC02,8,5,workload
cloud,516,v41-TC02-8-6-d6b7ef60,V4.1 TC02 Run 8 Customer 6,"V4.1 test order 6 for cloud_failure_with_stateful_edge_failover, run 8, phase workload",2026-08-22T18:10:21.400,edge_recovered,1,2026-08-22T18:40:41.360,TC02-20260822T181017310026-run8-35d85e,TC02-batch-20260822T180830-a18476,TC02,8,6,workload
cloud,517,v41-TC02-8-7-ae27b74d,V4.1 TC02 Run 8 Customer 7,"V4.1 test order 7 for cloud_failure_with_stateful_edge_failover, run 8, phase workload",2026-08-22T18:10:21.793,edge_recovered,1,2026-08-22T18:40:41.669,TC02-20260822T181017310026-run8-35d85e,TC02-batch-20260822T180830-a18476,TC02,8,7,workload
cloud,518,v41-TC02-8-8-8c83660d,V4.1 TC02 Run 8 Customer 8,"V4.1 test order 8 for cloud_failure_with_stateful_edge_failover, run 8, phase workload",2026-08-22T18:10:22.170,edge_recovered,1,2026-08-22T18:40:41.999,TC02-20260822T181017310026-run8-35d85e,TC02-batch-20260822T180830-a18476,TC02,8,8,workload
cloud,519,v41-TC02-8-9-13cdc8d0,V4.1 TC02 Run 8 Customer 9,"V4.1 test order 9 for cloud_failure_with_stateful_edge_failover, run 8, phase workload",2026-08-22T18:10:22.547,edge_recovered,1,2026-08-22T18:40:42.315,TC02-20260822T181017310026-run8-35d85e,TC02-batch-20260822T180830-a18476,TC02,8,9,workload
cloud,520,v41-TC02-8-10-9897cb8f,V4.1 TC02 Run 8 Customer 10,"V4.1 test order 10 for cloud_failure_with_stateful_edge_failover, run 8, phase workload",2026-08-22T18:10:22.936,edge_recovered,1,2026-08-22T18:40:42.829,TC02-20260822T181017310026-run8-35d85e,TC02-batch-20260822T180830-a18476,TC02,8,10,workload
cloud,521,v41-TC02-8-11-735038c5,V4.1 TC02 Run 8 Customer 11,"V4.1 test order 11 for cloud_failure_with_stateful_edge_failover, run 8, phase workload",2026-08-22T18:10:23.317,edge_recovered,1,2026-08-22T18:40:43.163,TC02-20260822T181017310026-run8-35d85e,TC02-batch-20260822T180830-a18476,TC02,8,11,workload
cloud,522,v41-TC02-8-12-2a1699ab,V4.1 TC02 Run 8 Customer 12,"V4.1 test order 12 for cloud_failure_with_stateful_edge_failover, run 8, phase workload",2026-08-22T18:10:23.693,edge_recovered,1,2026-08-22T18:40:43.626,TC02-20260822T181017310026-run8-35d85e,TC02-batch-20260822T180830-a18476,TC02,8,12,workload
cloud,523,v41-TC02-8-13-ccddf349,V4.1 TC02 Run 8 Customer 13,"V4.1 test order 13 for cloud_failure_with_stateful_edge_failover, run 8, phase workload",2026-08-22T18:10:24.085,edge_recovered,1,2026-08-22T18:40:43.974,TC02-20260822T181017310026-run8-35d85e,TC02-batch-20260822T180830-a18476,TC02,8,13,workload
cloud,524,v41-TC02-8-14-c50417a6,V4.1 TC02 Run 8 Customer 14,"V4.1 test order 14 for cloud_failure_with_stateful_edge_failover, run 8, phase workload",2026-08-22T18:10:24.492,edge_recovered,1,2026-08-22T18:40:44.301,TC02-20260822T181017310026-run8-35d85e,TC02-batch-20260822T180830-a18476,TC02,8,14,workload
cloud,525,v41-TC02-8-15-cc8aa17a,V4.1 TC02 Run 8 Customer 15,"V4.1 test order 15 for cloud_failure_with_stateful_edge_failover, run 8, phase workload",2026-08-22T18:10:24.863,edge_recovered,1,2026-08-22T18:40:44.763,TC02-20260822T181017310026-run8-35d85e,TC02-batch-20260822T180830-a18476,TC02,8,15,workload
cloud,526,v41-TC02-8-16-812697c2,V4.1 TC02 Run 8 Customer 16,"V4.1 test order 16 for cloud_failure_with_stateful_edge_failover, run 8, phase workload",2026-08-22T18:10:25.238,edge_recovered,1,2026-08-22T18:40:45.130,TC02-20260822T181017310026-run8-35d85e,TC02-batch-20260822T180830-a18476,TC02,8,16,workload
cloud,527,v41-TC02-8-17-af0c710c,V4.1 TC02 Run 8 Customer 17,"V4.1 test order 17 for cloud_failure_with_stateful_edge_failover, run 8, phase workload",2026-08-22T18:10:25.677,edge_recovered,1,2026-08-22T18:40:45.463,TC02-20260822T181017310026-run8-35d85e,TC02-batch-20260822T180830-a18476,TC02,8,17,workload
cloud,528,v41-TC02-8-18-21dc031f,V4.1 TC02 Run 8 Customer 18,"V4.1 test order 18 for cloud_failure_with_stateful_edge_failover, run 8, phase workload",2026-08-22T18:10:26.048,edge_recovered,1,2026-08-22T18:40:45.924,TC02-20260822T181017310026-run8-35d85e,TC02-batch-20260822T180830-a18476,TC02,8,18,workload
cloud,529,v41-TC02-8-19-ceba5d16,V4.1 TC02 Run 8 Customer 19,"V4.1 test order 19 for cloud_failure_with_stateful_edge_failover, run 8, phase workload",2026-08-22T18:10:26.436,edge_recovered,1,2026-08-22T18:40:46.276,TC02-20260822T181017310026-run8-35d85e,TC02-batch-20260822T180830-a18476,TC02,8,19,workload
cloud,530,v41-TC02-8-20-f04d9c43,V4.1 TC02 Run 8 Customer 20,"V4.1 test order 20 for cloud_failure_with_stateful_edge_failover, run 8, phase workload",2026-08-22T18:10:26.836,edge_recovered,1,2026-08-22T18:40:46.624,TC02-20260822T181017310026-run8-35d85e,TC02-batch-20260822T180830-a18476,TC02,8,20,workload
cloud,531,v41-TC02-8-21-3fc61428,V4.1 TC02 Run 8 Customer 21,"V4.1 test order 21 for cloud_failure_with_stateful_edge_failover, run 8, phase workload",2026-08-22T18:10:27.203,edge_recovered,1,2026-08-22T18:40:47.084,TC02-20260822T181017310026-run8-35d85e,TC02-batch-20260822T180830-a18476,TC02,8,21,workload
cloud,532,v41-TC02-8-22-507cc6c5,V4.1 TC02 Run 8 Customer 22,"V4.1 test order 22 for cloud_failure_with_stateful_edge_failover, run 8, phase workload",2026-08-22T18:10:27.585,edge_recovered,1,2026-08-22T18:40:47.539,TC02-20260822T181017310026-run8-35d85e,TC02-batch-20260822T180830-a18476,TC02,8,22,workload
cloud,533,v41-TC02-8-23-52ef8677,V4.1 TC02 Run 8 Customer 23,"V4.1 test order 23 for cloud_failure_with_stateful_edge_failover, run 8, phase workload",2026-08-22T18:10:27.986,edge_recovered,1,2026-08-22T18:40:48.165,TC02-20260822T181017310026-run8-35d85e,TC02-batch-20260822T180830-a18476,TC02,8,23,workload
cloud,534,v41-TC02-8-24-c6e58ec4,V4.1 TC02 Run 8 Customer 24,"V4.1 test order 24 for cloud_failure_with_stateful_edge_failover, run 8, phase workload",2026-08-22T18:10:28.382,edge_recovered,1,2026-08-22T18:40:48.662,TC02-20260822T181017310026-run8-35d85e,TC02-batch-20260822T180830-a18476,TC02,8,24,workload
cloud,535,v41-TC02-8-25-806c1f65,V4.1 TC02 Run 8 Customer 25,"V4.1 test order 25 for cloud_failure_with_stateful_edge_failover, run 8, phase workload",2026-08-22T18:10:28.760,edge_recovered,1,2026-08-22T18:40:49.229,TC02-20260822T181017310026-run8-35d85e,TC02-batch-20260822T180830-a18476,TC02,8,25,workload
cloud,536,v41-TC02-8-26-7d08bacd,V4.1 TC02 Run 8 Customer 26,"V4.1 test order 26 for cloud_failure_with_stateful_edge_failover, run 8, phase workload",2026-08-22T18:10:29.130,edge_recovered,1,2026-08-22T18:40:49.762,TC02-20260822T181017310026-run8-35d85e,TC02-batch-20260822T180830-a18476,TC02,8,26,workload
cloud,537,v41-TC02-8-27-37ab63c9,V4.1 TC02 Run 8 Customer 27,"V4.1 test order 27 for cloud_failure_with_stateful_edge_failover, run 8, phase workload",2026-08-22T18:10:29.493,edge_recovered,1,2026-08-22T18:40:50.214,TC02-20260822T181017310026-run8-35d85e,TC02-batch-20260822T180830-a18476,TC02,8,27,workload
cloud,538,v41-TC02-8-28-f7713fe1,V4.1 TC02 Run 8 Customer 28,"V4.1 test order 28 for cloud_failure_with_stateful_edge_failover, run 8, phase workload",2026-08-22T18:10:29.853,edge_recovered,1,2026-08-22T18:40:50.732,TC02-20260822T181017310026-run8-35d85e,TC02-batch-20260822T180830-a18476,TC02,8,28,workload
cloud,539,v41-TC02-8-29-46d3b264,V4.1 TC02 Run 8 Customer 29,"V4.1 test order 29 for cloud_failure_with_stateful_edge_failover, run 8, phase workload",2026-08-22T18:10:30.235,edge_recovered,1,2026-08-22T18:40:51.185,TC02-20260822T181017310026-run8-35d85e,TC02-batch-20260822T180830-a18476,TC02,8,29,workload
cloud,540,v41-TC02-8-30-52977fff,V4.1 TC02 Run 8 Customer 30,"V4.1 test order 30 for cloud_failure_with_stateful_edge_failover, run 8, phase workload",2026-08-22T18:10:30.603,edge_recovered,1,2026-08-22T18:40:51.697,TC02-20260822T181017310026-run8-35d85e,TC02-batch-20260822T180830-a18476,TC02,8,30,workload
cloud,541,v41-TC02-9-1-f3cf744a,V4.1 TC02 Run 9 Customer 1,"V4.1 test order 1 for cloud_failure_with_stateful_edge_failover, run 9, phase workload",2026-08-22T18:10:32.367,edge_recovered,1,2026-08-22T18:40:52.227,TC02-20260822T181032345961-run9-d687cc,TC02-batch-20260822T180830-a18476,TC02,9,1,workload
cloud,542,v41-TC02-9-2-28417610,V4.1 TC02 Run 9 Customer 2,"V4.1 test order 2 for cloud_failure_with_stateful_edge_failover, run 9, phase workload",2026-08-22T18:10:34.762,edge_recovered,1,2026-08-22T18:40:52.676,TC02-20260822T181032345961-run9-d687cc,TC02-batch-20260822T180830-a18476,TC02,9,2,workload
cloud,543,v41-TC02-9-3-7937c9bc,V4.1 TC02 Run 9 Customer 3,"V4.1 test order 3 for cloud_failure_with_stateful_edge_failover, run 9, phase workload",2026-08-22T18:10:35.187,edge_recovered,1,2026-08-22T18:40:53.293,TC02-20260822T181032345961-run9-d687cc,TC02-batch-20260822T180830-a18476,TC02,9,3,workload
cloud,544,v41-TC02-9-4-c6f128d0,V4.1 TC02 Run 9 Customer 4,"V4.1 test order 4 for cloud_failure_with_stateful_edge_failover, run 9, phase workload",2026-08-22T18:10:35.600,edge_recovered,1,2026-08-22T18:40:53.825,TC02-20260822T181032345961-run9-d687cc,TC02-batch-20260822T180830-a18476,TC02,9,4,workload
cloud,545,v41-TC02-9-5-790bfb75,V4.1 TC02 Run 9 Customer 5,"V4.1 test order 5 for cloud_failure_with_stateful_edge_failover, run 9, phase workload",2026-08-22T18:10:35.994,edge_recovered,1,2026-08-22T18:40:54.186,TC02-20260822T181032345961-run9-d687cc,TC02-batch-20260822T180830-a18476,TC02,9,5,workload
cloud,546,v41-TC02-9-6-9069e002,V4.1 TC02 Run 9 Customer 6,"V4.1 test order 6 for cloud_failure_with_stateful_edge_failover, run 9, phase workload",2026-08-22T18:10:36.421,edge_recovered,1,2026-08-22T18:40:54.509,TC02-20260822T181032345961-run9-d687cc,TC02-batch-20260822T180830-a18476,TC02,9,6,workload
cloud,547,v41-TC02-9-7-09d56976,V4.1 TC02 Run 9 Customer 7,"V4.1 test order 7 for cloud_failure_with_stateful_edge_failover, run 9, phase workload",2026-08-22T18:10:36.814,edge_recovered,1,2026-08-22T18:40:54.874,TC02-20260822T181032345961-run9-d687cc,TC02-batch-20260822T180830-a18476,TC02,9,7,workload
cloud,548,v41-TC02-9-8-0bd88a0a,V4.1 TC02 Run 9 Customer 8,"V4.1 test order 8 for cloud_failure_with_stateful_edge_failover, run 9, phase workload",2026-08-22T18:10:37.192,edge_recovered,1,2026-08-22T18:40:55.308,TC02-20260822T181032345961-run9-d687cc,TC02-batch-20260822T180830-a18476,TC02,9,8,workload
cloud,549,v41-TC02-9-9-5585714f,V4.1 TC02 Run 9 Customer 9,"V4.1 test order 9 for cloud_failure_with_stateful_edge_failover, run 9, phase workload",2026-08-22T18:10:37.603,edge_recovered,1,2026-08-22T18:40:55.651,TC02-20260822T181032345961-run9-d687cc,TC02-batch-20260822T180830-a18476,TC02,9,9,workload
cloud,550,v41-TC02-9-10-0835a372,V4.1 TC02 Run 9 Customer 10,"V4.1 test order 10 for cloud_failure_with_stateful_edge_failover, run 9, phase workload",2026-08-22T18:10:37.992,edge_recovered,1,2026-08-22T18:40:55.980,TC02-20260822T181032345961-run9-d687cc,TC02-batch-20260822T180830-a18476,TC02,9,10,workload
cloud,551,v41-TC02-9-11-4a4d13d1,V4.1 TC02 Run 9 Customer 11,"V4.1 test order 11 for cloud_failure_with_stateful_edge_failover, run 9, phase workload",2026-08-22T18:10:38.369,edge_recovered,1,2026-08-22T18:40:56.453,TC02-20260822T181032345961-run9-d687cc,TC02-batch-20260822T180830-a18476,TC02,9,11,workload
cloud,552,v41-TC02-9-12-1d934b50,V4.1 TC02 Run 9 Customer 12,"V4.1 test order 12 for cloud_failure_with_stateful_edge_failover, run 9, phase workload",2026-08-22T18:10:38.763,edge_recovered,1,2026-08-22T18:40:56.787,TC02-20260822T181032345961-run9-d687cc,TC02-batch-20260822T180830-a18476,TC02,9,12,workload
cloud,553,v41-TC02-9-13-d5c3f9ae,V4.1 TC02 Run 9 Customer 13,"V4.1 test order 13 for cloud_failure_with_stateful_edge_failover, run 9, phase workload",2026-08-22T18:10:39.138,edge_recovered,1,2026-08-22T18:40:57.217,TC02-20260822T181032345961-run9-d687cc,TC02-batch-20260822T180830-a18476,TC02,9,13,workload
cloud,554,v41-TC02-9-14-a62d1368,V4.1 TC02 Run 9 Customer 14,"V4.1 test order 14 for cloud_failure_with_stateful_edge_failover, run 9, phase workload",2026-08-22T18:10:39.548,edge_recovered,1,2026-08-22T18:40:57.542,TC02-20260822T181032345961-run9-d687cc,TC02-batch-20260822T180830-a18476,TC02,9,14,workload
cloud,555,v41-TC02-9-15-3072d153,V4.1 TC02 Run 9 Customer 15,"V4.1 test order 15 for cloud_failure_with_stateful_edge_failover, run 9, phase workload",2026-08-22T18:10:39.936,edge_recovered,1,2026-08-22T18:40:57.897,TC02-20260822T181032345961-run9-d687cc,TC02-batch-20260822T180830-a18476,TC02,9,15,workload
cloud,556,v41-TC02-9-16-43417ba8,V4.1 TC02 Run 9 Customer 16,"V4.1 test order 16 for cloud_failure_with_stateful_edge_failover, run 9, phase workload",2026-08-22T18:10:40.338,edge_recovered,1,2026-08-22T18:40:58.346,TC02-20260822T181032345961-run9-d687cc,TC02-batch-20260822T180830-a18476,TC02,9,16,workload
cloud,557,v41-TC02-9-17-7477be6c,V4.1 TC02 Run 9 Customer 17,"V4.1 test order 17 for cloud_failure_with_stateful_edge_failover, run 9, phase workload",2026-08-22T18:10:40.714,edge_recovered,1,2026-08-22T18:40:58.699,TC02-20260822T181032345961-run9-d687cc,TC02-batch-20260822T180830-a18476,TC02,9,17,workload
cloud,558,v41-TC02-9-18-2514d011,V4.1 TC02 Run 9 Customer 18,"V4.1 test order 18 for cloud_failure_with_stateful_edge_failover, run 9, phase workload",2026-08-22T18:10:41.093,edge_recovered,1,2026-08-22T18:40:59.037,TC02-20260822T181032345961-run9-d687cc,TC02-batch-20260822T180830-a18476,TC02,9,18,workload
cloud,559,v41-TC02-9-19-226e9745,V4.1 TC02 Run 9 Customer 19,"V4.1 test order 19 for cloud_failure_with_stateful_edge_failover, run 9, phase workload",2026-08-22T18:10:41.476,edge_recovered,1,2026-08-22T18:40:59.561,TC02-20260822T181032345961-run9-d687cc,TC02-batch-20260822T180830-a18476,TC02,9,19,workload
cloud,560,v41-TC02-9-20-69862bcb,V4.1 TC02 Run 9 Customer 20,"V4.1 test order 20 for cloud_failure_with_stateful_edge_failover, run 9, phase workload",2026-08-22T18:10:41.842,edge_recovered,1,2026-08-22T18:40:59.921,TC02-20260822T181032345961-run9-d687cc,TC02-batch-20260822T180830-a18476,TC02,9,20,workload
cloud,561,v41-TC02-9-21-2f797ab6,V4.1 TC02 Run 9 Customer 21,"V4.1 test order 21 for cloud_failure_with_stateful_edge_failover, run 9, phase workload",2026-08-22T18:10:42.193,edge_recovered,1,2026-08-22T18:41:00.304,TC02-20260822T181032345961-run9-d687cc,TC02-batch-20260822T180830-a18476,TC02,9,21,workload
cloud,562,v41-TC02-9-22-a0d283be,V4.1 TC02 Run 9 Customer 22,"V4.1 test order 22 for cloud_failure_with_stateful_edge_failover, run 9, phase workload",2026-08-22T18:10:42.592,edge_recovered,1,2026-08-22T18:41:00.729,TC02-20260822T181032345961-run9-d687cc,TC02-batch-20260822T180830-a18476,TC02,9,22,workload
cloud,563,v41-TC02-9-23-cf167d46,V4.1 TC02 Run 9 Customer 23,"V4.1 test order 23 for cloud_failure_with_stateful_edge_failover, run 9, phase workload",2026-08-22T18:10:42.992,edge_recovered,1,2026-08-22T18:41:01.084,TC02-20260822T181032345961-run9-d687cc,TC02-batch-20260822T180830-a18476,TC02,9,23,workload
cloud,564,v41-TC02-9-24-906bdc96,V4.1 TC02 Run 9 Customer 24,"V4.1 test order 24 for cloud_failure_with_stateful_edge_failover, run 9, phase workload",2026-08-22T18:10:43.393,edge_recovered,1,2026-08-22T18:41:01.432,TC02-20260822T181032345961-run9-d687cc,TC02-batch-20260822T180830-a18476,TC02,9,24,workload
cloud,565,v41-TC02-9-25-a0830409,V4.1 TC02 Run 9 Customer 25,"V4.1 test order 25 for cloud_failure_with_stateful_edge_failover, run 9, phase workload",2026-08-22T18:10:43.783,edge_recovered,1,2026-08-22T18:41:01.854,TC02-20260822T181032345961-run9-d687cc,TC02-batch-20260822T180830-a18476,TC02,9,25,workload
cloud,566,v41-TC02-9-26-a37baa33,V4.1 TC02 Run 9 Customer 26,"V4.1 test order 26 for cloud_failure_with_stateful_edge_failover, run 9, phase workload",2026-08-22T18:10:44.148,edge_recovered,1,2026-08-22T18:41:02.240,TC02-20260822T181032345961-run9-d687cc,TC02-batch-20260822T180830-a18476,TC02,9,26,workload
cloud,567,v41-TC02-9-27-16b2d8b6,V4.1 TC02 Run 9 Customer 27,"V4.1 test order 27 for cloud_failure_with_stateful_edge_failover, run 9, phase workload",2026-08-22T18:10:44.526,edge_recovered,1,2026-08-22T18:41:02.580,TC02-20260822T181032345961-run9-d687cc,TC02-batch-20260822T180830-a18476,TC02,9,27,workload
cloud,568,v41-TC02-9-28-a1dc8bb4,V4.1 TC02 Run 9 Customer 28,"V4.1 test order 28 for cloud_failure_with_stateful_edge_failover, run 9, phase workload",2026-08-22T18:10:44.904,edge_recovered,1,2026-08-22T18:41:02.971,TC02-20260822T181032345961-run9-d687cc,TC02-batch-20260822T180830-a18476,TC02,9,28,workload
cloud,569,v41-TC02-9-29-7d3421ba,V4.1 TC02 Run 9 Customer 29,"V4.1 test order 29 for cloud_failure_with_stateful_edge_failover, run 9, phase workload",2026-08-22T18:10:45.283,edge_recovered,1,2026-08-22T18:41:03.329,TC02-20260822T181032345961-run9-d687cc,TC02-batch-20260822T180830-a18476,TC02,9,29,workload
cloud,570,v41-TC02-9-30-48e4d6e7,V4.1 TC02 Run 9 Customer 30,"V4.1 test order 30 for cloud_failure_with_stateful_edge_failover, run 9, phase workload",2026-08-22T18:10:45.652,edge_recovered,1,2026-08-22T18:41:03.786,TC02-20260822T181032345961-run9-d687cc,TC02-batch-20260822T180830-a18476,TC02,9,30,workload
cloud,571,v41-TC02-10-1-80820833,V4.1 TC02 Run 10 Customer 1,"V4.1 test order 1 for cloud_failure_with_stateful_edge_failover, run 10, phase workload",2026-08-22T18:10:47.473,edge_recovered,1,2026-08-22T18:41:04.207,TC02-20260822T181047451168-run10-1de0d5,TC02-batch-20260822T180830-a18476,TC02,10,1,workload
cloud,572,v41-TC02-10-2-c863cfde,V4.1 TC02 Run 10 Customer 2,"V4.1 test order 2 for cloud_failure_with_stateful_edge_failover, run 10, phase workload",2026-08-22T18:10:49.965,edge_recovered,1,2026-08-22T18:41:04.793,TC02-20260822T181047451168-run10-1de0d5,TC02-batch-20260822T180830-a18476,TC02,10,2,workload
cloud,573,v41-TC02-10-3-dc01bbba,V4.1 TC02 Run 10 Customer 3,"V4.1 test order 3 for cloud_failure_with_stateful_edge_failover, run 10, phase workload",2026-08-22T18:10:50.369,edge_recovered,1,2026-08-22T18:41:05.377,TC02-20260822T181047451168-run10-1de0d5,TC02-batch-20260822T180830-a18476,TC02,10,3,workload
cloud,574,v41-TC02-10-4-21baaa5e,V4.1 TC02 Run 10 Customer 4,"V4.1 test order 4 for cloud_failure_with_stateful_edge_failover, run 10, phase workload",2026-08-22T18:10:50.784,edge_recovered,1,2026-08-22T18:41:06.025,TC02-20260822T181047451168-run10-1de0d5,TC02-batch-20260822T180830-a18476,TC02,10,4,workload
cloud,575,v41-TC02-10-5-640996e8,V4.1 TC02 Run 10 Customer 5,"V4.1 test order 5 for cloud_failure_with_stateful_edge_failover, run 10, phase workload",2026-08-22T18:10:51.281,edge_recovered,1,2026-08-22T18:41:06.773,TC02-20260822T181047451168-run10-1de0d5,TC02-batch-20260822T180830-a18476,TC02,10,5,workload
cloud,576,v41-TC02-10-6-3dbae722,V4.1 TC02 Run 10 Customer 6,"V4.1 test order 6 for cloud_failure_with_stateful_edge_failover, run 10, phase workload",2026-08-22T18:10:51.660,edge_recovered,1,2026-08-22T18:41:07.376,TC02-20260822T181047451168-run10-1de0d5,TC02-batch-20260822T180830-a18476,TC02,10,6,workload
cloud,577,v41-TC02-10-7-dfb68697,V4.1 TC02 Run 10 Customer 7,"V4.1 test order 7 for cloud_failure_with_stateful_edge_failover, run 10, phase workload",2026-08-22T18:10:52.037,edge_recovered,1,2026-08-22T18:41:08.042,TC02-20260822T181047451168-run10-1de0d5,TC02-batch-20260822T180830-a18476,TC02,10,7,workload
cloud,578,v41-TC02-10-8-ba9337ba,V4.1 TC02 Run 10 Customer 8,"V4.1 test order 8 for cloud_failure_with_stateful_edge_failover, run 10, phase workload",2026-08-22T18:10:52.509,edge_recovered,1,2026-08-22T18:41:08.534,TC02-20260822T181047451168-run10-1de0d5,TC02-batch-20260822T180830-a18476,TC02,10,8,workload
cloud,579,v41-TC02-10-9-1a2e17d7,V4.1 TC02 Run 10 Customer 9,"V4.1 test order 9 for cloud_failure_with_stateful_edge_failover, run 10, phase workload",2026-08-22T18:10:52.905,edge_recovered,1,2026-08-22T18:41:09.065,TC02-20260822T181047451168-run10-1de0d5,TC02-batch-20260822T180830-a18476,TC02,10,9,workload
cloud,580,v41-TC02-10-10-3309bbde,V4.1 TC02 Run 10 Customer 10,"V4.1 test order 10 for cloud_failure_with_stateful_edge_failover, run 10, phase workload",2026-08-22T18:10:53.304,edge_recovered,1,2026-08-22T18:41:09.575,TC02-20260822T181047451168-run10-1de0d5,TC02-batch-20260822T180830-a18476,TC02,10,10,workload
cloud,581,v41-TC02-10-11-7f9d356d,V4.1 TC02 Run 10 Customer 11,"V4.1 test order 11 for cloud_failure_with_stateful_edge_failover, run 10, phase workload",2026-08-22T18:10:53.818,edge_recovered,1,2026-08-22T18:41:10.106,TC02-20260822T181047451168-run10-1de0d5,TC02-batch-20260822T180830-a18476,TC02,10,11,workload
cloud,582,v41-TC02-10-12-aa42ee52,V4.1 TC02 Run 10 Customer 12,"V4.1 test order 12 for cloud_failure_with_stateful_edge_failover, run 10, phase workload",2026-08-22T18:10:54.228,edge_recovered,1,2026-08-22T18:41:10.666,TC02-20260822T181047451168-run10-1de0d5,TC02-batch-20260822T180830-a18476,TC02,10,12,workload
cloud,583,v41-TC02-10-13-0f48b3bf,V4.1 TC02 Run 10 Customer 13,"V4.1 test order 13 for cloud_failure_with_stateful_edge_failover, run 10, phase workload",2026-08-22T18:10:54.605,edge_recovered,1,2026-08-22T18:41:11.205,TC02-20260822T181047451168-run10-1de0d5,TC02-batch-20260822T180830-a18476,TC02,10,13,workload
cloud,584,v41-TC02-10-14-027d505e,V4.1 TC02 Run 10 Customer 14,"V4.1 test order 14 for cloud_failure_with_stateful_edge_failover, run 10, phase workload",2026-08-22T18:10:55.075,edge_recovered,1,2026-08-22T18:41:11.884,TC02-20260822T181047451168-run10-1de0d5,TC02-batch-20260822T180830-a18476,TC02,10,14,workload
cloud,585,v41-TC02-10-15-dc4be8dc,V4.1 TC02 Run 10 Customer 15,"V4.1 test order 15 for cloud_failure_with_stateful_edge_failover, run 10, phase workload",2026-08-22T18:10:55.453,edge_recovered,1,2026-08-22T18:41:12.470,TC02-20260822T181047451168-run10-1de0d5,TC02-batch-20260822T180830-a18476,TC02,10,15,workload
cloud,586,v41-TC02-10-16-2470d27d,V4.1 TC02 Run 10 Customer 16,"V4.1 test order 16 for cloud_failure_with_stateful_edge_failover, run 10, phase workload",2026-08-22T18:10:55.805,edge_recovered,1,2026-08-22T18:41:13.021,TC02-20260822T181047451168-run10-1de0d5,TC02-batch-20260822T180830-a18476,TC02,10,16,workload
cloud,587,v41-TC02-10-17-2b872bfc,V4.1 TC02 Run 10 Customer 17,"V4.1 test order 17 for cloud_failure_with_stateful_edge_failover, run 10, phase workload",2026-08-22T18:10:56.299,edge_recovered,1,2026-08-22T18:41:13.394,TC02-20260822T181047451168-run10-1de0d5,TC02-batch-20260822T180830-a18476,TC02,10,17,workload
cloud,588,v41-TC02-10-18-5218ccd7,V4.1 TC02 Run 10 Customer 18,"V4.1 test order 18 for cloud_failure_with_stateful_edge_failover, run 10, phase workload",2026-08-22T18:10:56.707,edge_recovered,1,2026-08-22T18:41:13.728,TC02-20260822T181047451168-run10-1de0d5,TC02-batch-20260822T180830-a18476,TC02,10,18,workload
cloud,589,v41-TC02-10-19-1cee470e,V4.1 TC02 Run 10 Customer 19,"V4.1 test order 19 for cloud_failure_with_stateful_edge_failover, run 10, phase workload",2026-08-22T18:10:57.051,edge_recovered,1,2026-08-22T18:41:14.189,TC02-20260822T181047451168-run10-1de0d5,TC02-batch-20260822T180830-a18476,TC02,10,19,workload
cloud,590,v41-TC02-10-20-e07f55cf,V4.1 TC02 Run 10 Customer 20,"V4.1 test order 20 for cloud_failure_with_stateful_edge_failover, run 10, phase workload",2026-08-22T18:10:57.560,edge_recovered,1,2026-08-22T18:41:14.553,TC02-20260822T181047451168-run10-1de0d5,TC02-batch-20260822T180830-a18476,TC02,10,20,workload
cloud,591,v41-TC02-10-21-cf0f0971,V4.1 TC02 Run 10 Customer 21,"V4.1 test order 21 for cloud_failure_with_stateful_edge_failover, run 10, phase workload",2026-08-22T18:10:57.937,edge_recovered,1,2026-08-22T18:41:15.012,TC02-20260822T181047451168-run10-1de0d5,TC02-batch-20260822T180830-a18476,TC02,10,21,workload
cloud,592,v41-TC02-10-22-f989816a,V4.1 TC02 Run 10 Customer 22,"V4.1 test order 22 for cloud_failure_with_stateful_edge_failover, run 10, phase workload",2026-08-22T18:10:58.319,edge_recovered,1,2026-08-22T18:41:15.430,TC02-20260822T181047451168-run10-1de0d5,TC02-batch-20260822T180830-a18476,TC02,10,22,workload
cloud,593,v41-TC02-10-23-d8ad7d39,V4.1 TC02 Run 10 Customer 23,"V4.1 test order 23 for cloud_failure_with_stateful_edge_failover, run 10, phase workload",2026-08-22T18:10:58.841,edge_recovered,1,2026-08-22T18:41:15.797,TC02-20260822T181047451168-run10-1de0d5,TC02-batch-20260822T180830-a18476,TC02,10,23,workload
cloud,594,v41-TC02-10-24-721690bc,V4.1 TC02 Run 10 Customer 24,"V4.1 test order 24 for cloud_failure_with_stateful_edge_failover, run 10, phase workload",2026-08-22T18:10:59.228,edge_recovered,1,2026-08-22T18:41:16.276,TC02-20260822T181047451168-run10-1de0d5,TC02-batch-20260822T180830-a18476,TC02,10,24,workload
cloud,595,v41-TC02-10-25-67ecf3e6,V4.1 TC02 Run 10 Customer 25,"V4.1 test order 25 for cloud_failure_with_stateful_edge_failover, run 10, phase workload",2026-08-22T18:10:59.617,edge_recovered,1,2026-08-22T18:41:16.643,TC02-20260822T181047451168-run10-1de0d5,TC02-batch-20260822T180830-a18476,TC02,10,25,workload
cloud,596,v41-TC02-10-26-fdd0d6ac,V4.1 TC02 Run 10 Customer 26,"V4.1 test order 26 for cloud_failure_with_stateful_edge_failover, run 10, phase workload",2026-08-22T18:11:00.128,edge_recovered,1,2026-08-22T18:41:16.959,TC02-20260822T181047451168-run10-1de0d5,TC02-batch-20260822T180830-a18476,TC02,10,26,workload
cloud,597,v41-TC02-10-27-6625e925,V4.1 TC02 Run 10 Customer 27,"V4.1 test order 27 for cloud_failure_with_stateful_edge_failover, run 10, phase workload",2026-08-22T18:11:00.497,edge_recovered,1,2026-08-22T18:41:17.444,TC02-20260822T181047451168-run10-1de0d5,TC02-batch-20260822T180830-a18476,TC02,10,27,workload
cloud,598,v41-TC02-10-28-91ab3658,V4.1 TC02 Run 10 Customer 28,"V4.1 test order 28 for cloud_failure_with_stateful_edge_failover, run 10, phase workload",2026-08-22T18:11:00.892,edge_recovered,1,2026-08-22T18:41:17.811,TC02-20260822T181047451168-run10-1de0d5,TC02-batch-20260822T180830-a18476,TC02,10,28,workload
cloud,599,v41-TC02-10-29-92805557,V4.1 TC02 Run 10 Customer 29,"V4.1 test order 29 for cloud_failure_with_stateful_edge_failover, run 10, phase workload",2026-08-22T18:11:01.276,edge_recovered,1,2026-08-22T18:41:18.172,TC02-20260822T181047451168-run10-1de0d5,TC02-batch-20260822T180830-a18476,TC02,10,29,workload
cloud,600,v41-TC02-10-30-afc61005,V4.1 TC02 Run 10 Customer 30,"V4.1 test order 30 for cloud_failure_with_stateful_edge_failover, run 10, phase workload",2026-08-22T18:11:01.685,edge_recovered,1,2026-08-22T18:41:18.623,TC02-20260822T181047451168-run10-1de0d5,TC02-batch-20260822T180830-a18476,TC02,10,30,workload
cloud,601,v41-TC07-1-1-2301fe9c,V4.1 TC07 Run 1 Customer 1,"V4.1 test order 1 for end_to_end_recovery_lifecycle, run 1, phase normal_baseline",2026-08-22T18:41:51.279,cloud,0,,TC07-20260822T184151255278-run1-7354ec,TC07-batch-20260822T184151-4d9be0,TC07,1,1,normal_baseline
cloud,602,v41-TC07-1-2-03d5ab67,V4.1 TC07 Run 1 Customer 2,"V4.1 test order 2 for end_to_end_recovery_lifecycle, run 1, phase normal_baseline",2026-08-22T18:41:51.698,cloud,0,,TC07-20260822T184151255278-run1-7354ec,TC07-batch-20260822T184151-4d9be0,TC07,1,2,normal_baseline
cloud,603,v41-TC07-1-3-a7759ac1,V4.1 TC07 Run 1 Customer 3,"V4.1 test order 3 for end_to_end_recovery_lifecycle, run 1, phase normal_baseline",2026-08-22T18:41:52.098,cloud,0,,TC07-20260822T184151255278-run1-7354ec,TC07-batch-20260822T184151-4d9be0,TC07,1,3,normal_baseline
cloud,604,v41-TC07-1-4-ee144610,V4.1 TC07 Run 1 Customer 4,"V4.1 test order 4 for end_to_end_recovery_lifecycle, run 1, phase normal_baseline",2026-08-22T18:41:52.604,cloud,0,,TC07-20260822T184151255278-run1-7354ec,TC07-batch-20260822T184151-4d9be0,TC07,1,4,normal_baseline
cloud,605,v41-TC07-1-5-4573536e,V4.1 TC07 Run 1 Customer 5,"V4.1 test order 5 for end_to_end_recovery_lifecycle, run 1, phase normal_baseline",2026-08-22T18:41:52.996,cloud,0,,TC07-20260822T184151255278-run1-7354ec,TC07-batch-20260822T184151-4d9be0,TC07,1,5,normal_baseline
cloud,606,v41-TC07-1-6-66405e0c,V4.1 TC07 Run 1 Customer 6,"V4.1 test order 6 for end_to_end_recovery_lifecycle, run 1, phase normal_baseline",2026-08-22T18:41:53.404,cloud,0,,TC07-20260822T184151255278-run1-7354ec,TC07-batch-20260822T184151-4d9be0,TC07,1,6,normal_baseline
cloud,607,v41-TC07-1-7-9200477f,V4.1 TC07 Run 1 Customer 7,"V4.1 test order 7 for end_to_end_recovery_lifecycle, run 1, phase normal_baseline",2026-08-22T18:41:53.909,cloud,0,,TC07-20260822T184151255278-run1-7354ec,TC07-batch-20260822T184151-4d9be0,TC07,1,7,normal_baseline
cloud,608,v41-TC07-1-8-3220bb57,V4.1 TC07 Run 1 Customer 8,"V4.1 test order 8 for end_to_end_recovery_lifecycle, run 1, phase normal_baseline",2026-08-22T18:41:54.285,cloud,0,,TC07-20260822T184151255278-run1-7354ec,TC07-batch-20260822T184151-4d9be0,TC07,1,8,normal_baseline
cloud,609,v41-TC07-1-9-833cea67,V4.1 TC07 Run 1 Customer 9,"V4.1 test order 9 for end_to_end_recovery_lifecycle, run 1, phase normal_baseline",2026-08-22T18:41:54.671,cloud,0,,TC07-20260822T184151255278-run1-7354ec,TC07-batch-20260822T184151-4d9be0,TC07,1,9,normal_baseline
cloud,610,v41-TC07-1-10-b6276130,V4.1 TC07 Run 1 Customer 10,"V4.1 test order 10 for end_to_end_recovery_lifecycle, run 1, phase normal_baseline",2026-08-22T18:41:55.171,cloud,0,,TC07-20260822T184151255278-run1-7354ec,TC07-batch-20260822T184151-4d9be0,TC07,1,10,normal_baseline
cloud,611,v41-TC07-1-1-51403923,V4.1 TC07 Run 1 Customer 1,"V4.1 test order 1 for end_to_end_recovery_lifecycle, run 1, phase cloud_outage",2026-08-22T18:41:56.307,edge_recovered,1,2026-08-22T18:42:05.586,TC07-20260822T184151255278-run1-7354ec,TC07-batch-20260822T184151-4d9be0,TC07,1,1,cloud_outage
cloud,612,v41-TC07-1-2-a11365de,V4.1 TC07 Run 1 Customer 2,"V4.1 test order 2 for end_to_end_recovery_lifecycle, run 1, phase cloud_outage",2026-08-22T18:41:58.838,edge_recovered,1,2026-08-22T18:42:06.026,TC07-20260822T184151255278-run1-7354ec,TC07-batch-20260822T184151-4d9be0,TC07,1,2,cloud_outage
cloud,613,v41-TC07-1-3-415fbc01,V4.1 TC07 Run 1 Customer 3,"V4.1 test order 3 for end_to_end_recovery_lifecycle, run 1, phase cloud_outage",2026-08-22T18:41:59.260,edge_recovered,1,2026-08-22T18:42:06.564,TC07-20260822T184151255278-run1-7354ec,TC07-batch-20260822T184151-4d9be0,TC07,1,3,cloud_outage
cloud,614,v41-TC07-1-4-dd62245f,V4.1 TC07 Run 1 Customer 4,"V4.1 test order 4 for end_to_end_recovery_lifecycle, run 1, phase cloud_outage",2026-08-22T18:41:59.828,edge_recovered,1,2026-08-22T18:42:07.031,TC07-20260822T184151255278-run1-7354ec,TC07-batch-20260822T184151-4d9be0,TC07,1,4,cloud_outage
cloud,615,v41-TC07-1-5-dbcebb76,V4.1 TC07 Run 1 Customer 5,"V4.1 test order 5 for end_to_end_recovery_lifecycle, run 1, phase cloud_outage",2026-08-22T18:42:00.229,edge_recovered,1,2026-08-22T18:42:07.388,TC07-20260822T184151255278-run1-7354ec,TC07-batch-20260822T184151-4d9be0,TC07,1,5,cloud_outage
cloud,616,v41-TC07-1-6-e2d87258,V4.1 TC07 Run 1 Customer 6,"V4.1 test order 6 for end_to_end_recovery_lifecycle, run 1, phase cloud_outage",2026-08-22T18:42:00.627,edge_recovered,1,2026-08-22T18:42:07.722,TC07-20260822T184151255278-run1-7354ec,TC07-batch-20260822T184151-4d9be0,TC07,1,6,cloud_outage
cloud,617,v41-TC07-1-7-2dcf30a0,V4.1 TC07 Run 1 Customer 7,"V4.1 test order 7 for end_to_end_recovery_lifecycle, run 1, phase cloud_outage",2026-08-22T18:42:01.152,edge_recovered,1,2026-08-22T18:42:08.193,TC07-20260822T184151255278-run1-7354ec,TC07-batch-20260822T184151-4d9be0,TC07,1,7,cloud_outage
cloud,618,v41-TC07-1-8-ff2a2d51,V4.1 TC07 Run 1 Customer 8,"V4.1 test order 8 for end_to_end_recovery_lifecycle, run 1, phase cloud_outage",2026-08-22T18:42:01.550,edge_recovered,1,2026-08-22T18:42:08.544,TC07-20260822T184151255278-run1-7354ec,TC07-batch-20260822T184151-4d9be0,TC07,1,8,cloud_outage
cloud,619,v41-TC07-1-9-f7a832dc,V4.1 TC07 Run 1 Customer 9,"V4.1 test order 9 for end_to_end_recovery_lifecycle, run 1, phase cloud_outage",2026-08-22T18:42:01.958,edge_recovered,1,2026-08-22T18:42:08.955,TC07-20260822T184151255278-run1-7354ec,TC07-batch-20260822T184151-4d9be0,TC07,1,9,cloud_outage
cloud,620,v41-TC07-1-10-3243d47d,V4.1 TC07 Run 1 Customer 10,"V4.1 test order 10 for end_to_end_recovery_lifecycle, run 1, phase cloud_outage",2026-08-22T18:42:02.361,edge_recovered,1,2026-08-22T18:42:09.311,TC07-20260822T184151255278-run1-7354ec,TC07-batch-20260822T184151-4d9be0,TC07,1,10,cloud_outage
cloud,621,v41-TC07-1-1-f4eeafbd,V4.1 TC07 Run 1 Customer 1,"V4.1 test order 1 for end_to_end_recovery_lifecycle, run 1, phase post_recovery_verification",2026-08-22T18:42:09.789,cloud,0,,TC07-20260822T184151255278-run1-7354ec,TC07-batch-20260822T184151-4d9be0,TC07,1,1,post_recovery_verification
cloud,622,v41-TC07-1-2-08f50428,V4.1 TC07 Run 1 Customer 2,"V4.1 test order 2 for end_to_end_recovery_lifecycle, run 1, phase post_recovery_verification",2026-08-22T18:42:10.205,cloud,0,,TC07-20260822T184151255278-run1-7354ec,TC07-batch-20260822T184151-4d9be0,TC07,1,2,post_recovery_verification
cloud,623,v41-TC07-1-3-71a1ad92,V4.1 TC07 Run 1 Customer 3,"V4.1 test order 3 for end_to_end_recovery_lifecycle, run 1, phase post_recovery_verification",2026-08-22T18:42:10.649,cloud,0,,TC07-20260822T184151255278-run1-7354ec,TC07-batch-20260822T184151-4d9be0,TC07,1,3,post_recovery_verification
cloud,624,v41-TC07-1-4-2f34cf9a,V4.1 TC07 Run 1 Customer 4,"V4.1 test order 4 for end_to_end_recovery_lifecycle, run 1, phase post_recovery_verification",2026-08-22T18:42:11.028,cloud,0,,TC07-20260822T184151255278-run1-7354ec,TC07-batch-20260822T184151-4d9be0,TC07,1,4,post_recovery_verification
cloud,625,v41-TC07-1-5-fed99e35,V4.1 TC07 Run 1 Customer 5,"V4.1 test order 5 for end_to_end_recovery_lifecycle, run 1, phase post_recovery_verification",2026-08-22T18:42:11.405,cloud,0,,TC07-20260822T184151255278-run1-7354ec,TC07-batch-20260822T184151-4d9be0,TC07,1,5,post_recovery_verification
cloud,626,v41-TC07-1-6-21ba5120,V4.1 TC07 Run 1 Customer 6,"V4.1 test order 6 for end_to_end_recovery_lifecycle, run 1, phase post_recovery_verification",2026-08-22T18:42:11.784,cloud,0,,TC07-20260822T184151255278-run1-7354ec,TC07-batch-20260822T184151-4d9be0,TC07,1,6,post_recovery_verification
cloud,627,v41-TC07-1-7-15bbbda3,V4.1 TC07 Run 1 Customer 7,"V4.1 test order 7 for end_to_end_recovery_lifecycle, run 1, phase post_recovery_verification",2026-08-22T18:42:12.183,cloud,0,,TC07-20260822T184151255278-run1-7354ec,TC07-batch-20260822T184151-4d9be0,TC07,1,7,post_recovery_verification
cloud,628,v41-TC07-1-8-84f8b62b,V4.1 TC07 Run 1 Customer 8,"V4.1 test order 8 for end_to_end_recovery_lifecycle, run 1, phase post_recovery_verification",2026-08-22T18:42:12.563,cloud,0,,TC07-20260822T184151255278-run1-7354ec,TC07-batch-20260822T184151-4d9be0,TC07,1,8,post_recovery_verification
cloud,629,v41-TC07-1-9-46af2f6b,V4.1 TC07 Run 1 Customer 9,"V4.1 test order 9 for end_to_end_recovery_lifecycle, run 1, phase post_recovery_verification",2026-08-22T18:42:12.941,cloud,0,,TC07-20260822T184151255278-run1-7354ec,TC07-batch-20260822T184151-4d9be0,TC07,1,9,post_recovery_verification
cloud,630,v41-TC07-1-10-dc8e5f32,V4.1 TC07 Run 1 Customer 10,"V4.1 test order 10 for end_to_end_recovery_lifecycle, run 1, phase post_recovery_verification",2026-08-22T18:42:13.354,cloud,0,,TC07-20260822T184151255278-run1-7354ec,TC07-batch-20260822T184151-4d9be0,TC07,1,10,post_recovery_verification
cloud,631,v41-TC07-2-1-e1948d93,V4.1 TC07 Run 2 Customer 1,"V4.1 test order 1 for end_to_end_recovery_lifecycle, run 2, phase normal_baseline",2026-08-22T18:42:14.197,cloud,0,,TC07-20260822T184214183587-run2-408c2c,TC07-batch-20260822T184151-4d9be0,TC07,2,1,normal_baseline
cloud,632,v41-TC07-2-2-b0b6dfa7,V4.1 TC07 Run 2 Customer 2,"V4.1 test order 2 for end_to_end_recovery_lifecycle, run 2, phase normal_baseline",2026-08-22T18:42:14.606,cloud,0,,TC07-20260822T184214183587-run2-408c2c,TC07-batch-20260822T184151-4d9be0,TC07,2,2,normal_baseline
cloud,633,v41-TC07-2-3-47f073e3,V4.1 TC07 Run 2 Customer 3,"V4.1 test order 3 for end_to_end_recovery_lifecycle, run 2, phase normal_baseline",2026-08-22T18:42:14.982,cloud,0,,TC07-20260822T184214183587-run2-408c2c,TC07-batch-20260822T184151-4d9be0,TC07,2,3,normal_baseline
cloud,634,v41-TC07-2-4-dab0e3d3,V4.1 TC07 Run 2 Customer 4,"V4.1 test order 4 for end_to_end_recovery_lifecycle, run 2, phase normal_baseline",2026-08-22T18:42:15.399,cloud,0,,TC07-20260822T184214183587-run2-408c2c,TC07-batch-20260822T184151-4d9be0,TC07,2,4,normal_baseline
cloud,635,v41-TC07-2-5-0dd43135,V4.1 TC07 Run 2 Customer 5,"V4.1 test order 5 for end_to_end_recovery_lifecycle, run 2, phase normal_baseline",2026-08-22T18:42:15.774,cloud,0,,TC07-20260822T184214183587-run2-408c2c,TC07-batch-20260822T184151-4d9be0,TC07,2,5,normal_baseline
cloud,636,v41-TC07-2-6-44415cf5,V4.1 TC07 Run 2 Customer 6,"V4.1 test order 6 for end_to_end_recovery_lifecycle, run 2, phase normal_baseline",2026-08-22T18:42:16.173,cloud,0,,TC07-20260822T184214183587-run2-408c2c,TC07-batch-20260822T184151-4d9be0,TC07,2,6,normal_baseline
cloud,637,v41-TC07-2-7-34b6de30,V4.1 TC07 Run 2 Customer 7,"V4.1 test order 7 for end_to_end_recovery_lifecycle, run 2, phase normal_baseline",2026-08-22T18:42:16.560,cloud,0,,TC07-20260822T184214183587-run2-408c2c,TC07-batch-20260822T184151-4d9be0,TC07,2,7,normal_baseline
cloud,638,v41-TC07-2-8-75ede3ad,V4.1 TC07 Run 2 Customer 8,"V4.1 test order 8 for end_to_end_recovery_lifecycle, run 2, phase normal_baseline",2026-08-22T18:42:16.932,cloud,0,,TC07-20260822T184214183587-run2-408c2c,TC07-batch-20260822T184151-4d9be0,TC07,2,8,normal_baseline
cloud,639,v41-TC07-2-9-72ca79e0,V4.1 TC07 Run 2 Customer 9,"V4.1 test order 9 for end_to_end_recovery_lifecycle, run 2, phase normal_baseline",2026-08-22T18:42:17.350,cloud,0,,TC07-20260822T184214183587-run2-408c2c,TC07-batch-20260822T184151-4d9be0,TC07,2,9,normal_baseline
cloud,640,v41-TC07-2-10-3382af47,V4.1 TC07 Run 2 Customer 10,"V4.1 test order 10 for end_to_end_recovery_lifecycle, run 2, phase normal_baseline",2026-08-22T18:42:17.709,cloud,0,,TC07-20260822T184214183587-run2-408c2c,TC07-batch-20260822T184151-4d9be0,TC07,2,10,normal_baseline
cloud,641,v41-TC07-2-1-991a45bb,V4.1 TC07 Run 2 Customer 1,"V4.1 test order 1 for end_to_end_recovery_lifecycle, run 2, phase cloud_outage",2026-08-22T18:42:18.704,edge_recovered,1,2026-08-22T18:42:27.558,TC07-20260822T184214183587-run2-408c2c,TC07-batch-20260822T184151-4d9be0,TC07,2,1,cloud_outage
cloud,642,v41-TC07-2-2-f8463e1e,V4.1 TC07 Run 2 Customer 2,"V4.1 test order 2 for end_to_end_recovery_lifecycle, run 2, phase cloud_outage",2026-08-22T18:42:21.188,edge_recovered,1,2026-08-22T18:42:29.488,TC07-20260822T184214183587-run2-408c2c,TC07-batch-20260822T184151-4d9be0,TC07,2,2,cloud_outage
cloud,643,v41-TC07-2-3-121c6940,V4.1 TC07 Run 2 Customer 3,"V4.1 test order 3 for end_to_end_recovery_lifecycle, run 2, phase cloud_outage",2026-08-22T18:42:21.576,edge_recovered,1,2026-08-22T18:42:29.853,TC07-20260822T184214183587-run2-408c2c,TC07-batch-20260822T184151-4d9be0,TC07,2,3,cloud_outage
cloud,644,v41-TC07-2-4-2a025044,V4.1 TC07 Run 2 Customer 4,"V4.1 test order 4 for end_to_end_recovery_lifecycle, run 2, phase cloud_outage",2026-08-22T18:42:21.985,edge_recovered,1,2026-08-22T18:42:30.179,TC07-20260822T184214183587-run2-408c2c,TC07-batch-20260822T184151-4d9be0,TC07,2,4,cloud_outage
cloud,645,v41-TC07-2-5-cc166fe7,V4.1 TC07 Run 2 Customer 5,"V4.1 test order 5 for end_to_end_recovery_lifecycle, run 2, phase cloud_outage",2026-08-22T18:42:22.394,edge_recovered,1,2026-08-22T18:42:30.501,TC07-20260822T184214183587-run2-408c2c,TC07-batch-20260822T184151-4d9be0,TC07,2,5,cloud_outage
cloud,646,v41-TC07-2-6-8cc1f89f,V4.1 TC07 Run 2 Customer 6,"V4.1 test order 6 for end_to_end_recovery_lifecycle, run 2, phase cloud_outage",2026-08-22T18:42:22.807,edge_recovered,1,2026-08-22T18:42:30.840,TC07-20260822T184214183587-run2-408c2c,TC07-batch-20260822T184151-4d9be0,TC07,2,6,cloud_outage
cloud,647,v41-TC07-2-7-0cdc1284,V4.1 TC07 Run 2 Customer 7,"V4.1 test order 7 for end_to_end_recovery_lifecycle, run 2, phase cloud_outage",2026-08-22T18:42:23.211,edge_recovered,1,2026-08-22T18:42:31.189,TC07-20260822T184214183587-run2-408c2c,TC07-batch-20260822T184151-4d9be0,TC07,2,7,cloud_outage
cloud,648,v41-TC07-2-8-f9f332f3,V4.1 TC07 Run 2 Customer 8,"V4.1 test order 8 for end_to_end_recovery_lifecycle, run 2, phase cloud_outage",2026-08-22T18:42:23.620,edge_recovered,1,2026-08-22T18:42:31.556,TC07-20260822T184214183587-run2-408c2c,TC07-batch-20260822T184151-4d9be0,TC07,2,8,cloud_outage
cloud,649,v41-TC07-2-9-94b42f34,V4.1 TC07 Run 2 Customer 9,"V4.1 test order 9 for end_to_end_recovery_lifecycle, run 2, phase cloud_outage",2026-08-22T18:42:24.006,edge_recovered,1,2026-08-22T18:42:31.931,TC07-20260822T184214183587-run2-408c2c,TC07-batch-20260822T184151-4d9be0,TC07,2,9,cloud_outage
cloud,650,v41-TC07-2-10-45717c91,V4.1 TC07 Run 2 Customer 10,"V4.1 test order 10 for end_to_end_recovery_lifecycle, run 2, phase cloud_outage",2026-08-22T18:42:24.398,edge_recovered,1,2026-08-22T18:42:32.280,TC07-20260822T184214183587-run2-408c2c,TC07-batch-20260822T184151-4d9be0,TC07,2,10,cloud_outage
cloud,651,v41-TC07-2-1-d2b8ccbf,V4.1 TC07 Run 2 Customer 1,"V4.1 test order 1 for end_to_end_recovery_lifecycle, run 2, phase post_recovery_verification",2026-08-22T18:42:32.808,cloud,0,,TC07-20260822T184214183587-run2-408c2c,TC07-batch-20260822T184151-4d9be0,TC07,2,1,post_recovery_verification
cloud,652,v41-TC07-2-2-d2d42e59,V4.1 TC07 Run 2 Customer 2,"V4.1 test order 2 for end_to_end_recovery_lifecycle, run 2, phase post_recovery_verification",2026-08-22T18:42:33.229,cloud,0,,TC07-20260822T184214183587-run2-408c2c,TC07-batch-20260822T184151-4d9be0,TC07,2,2,post_recovery_verification
cloud,653,v41-TC07-2-3-20465882,V4.1 TC07 Run 2 Customer 3,"V4.1 test order 3 for end_to_end_recovery_lifecycle, run 2, phase post_recovery_verification",2026-08-22T18:42:33.605,cloud,0,,TC07-20260822T184214183587-run2-408c2c,TC07-batch-20260822T184151-4d9be0,TC07,2,3,post_recovery_verification
cloud,654,v41-TC07-2-4-c7053005,V4.1 TC07 Run 2 Customer 4,"V4.1 test order 4 for end_to_end_recovery_lifecycle, run 2, phase post_recovery_verification",2026-08-22T18:42:33.995,cloud,0,,TC07-20260822T184214183587-run2-408c2c,TC07-batch-20260822T184151-4d9be0,TC07,2,4,post_recovery_verification
cloud,655,v41-TC07-2-5-c81b4aaa,V4.1 TC07 Run 2 Customer 5,"V4.1 test order 5 for end_to_end_recovery_lifecycle, run 2, phase post_recovery_verification",2026-08-22T18:42:34.395,cloud,0,,TC07-20260822T184214183587-run2-408c2c,TC07-batch-20260822T184151-4d9be0,TC07,2,5,post_recovery_verification
cloud,656,v41-TC07-2-6-4d5116d4,V4.1 TC07 Run 2 Customer 6,"V4.1 test order 6 for end_to_end_recovery_lifecycle, run 2, phase post_recovery_verification",2026-08-22T18:42:34.796,cloud,0,,TC07-20260822T184214183587-run2-408c2c,TC07-batch-20260822T184151-4d9be0,TC07,2,6,post_recovery_verification
cloud,657,v41-TC07-2-7-2513d749,V4.1 TC07 Run 2 Customer 7,"V4.1 test order 7 for end_to_end_recovery_lifecycle, run 2, phase post_recovery_verification",2026-08-22T18:42:35.199,cloud,0,,TC07-20260822T184214183587-run2-408c2c,TC07-batch-20260822T184151-4d9be0,TC07,2,7,post_recovery_verification
cloud,658,v41-TC07-2-8-ee9f87bc,V4.1 TC07 Run 2 Customer 8,"V4.1 test order 8 for end_to_end_recovery_lifecycle, run 2, phase post_recovery_verification",2026-08-22T18:42:35.597,cloud,0,,TC07-20260822T184214183587-run2-408c2c,TC07-batch-20260822T184151-4d9be0,TC07,2,8,post_recovery_verification
cloud,659,v41-TC07-2-9-4f393c53,V4.1 TC07 Run 2 Customer 9,"V4.1 test order 9 for end_to_end_recovery_lifecycle, run 2, phase post_recovery_verification",2026-08-22T18:42:35.984,cloud,0,,TC07-20260822T184214183587-run2-408c2c,TC07-batch-20260822T184151-4d9be0,TC07,2,9,post_recovery_verification
cloud,660,v41-TC07-2-10-e737ada1,V4.1 TC07 Run 2 Customer 10,"V4.1 test order 10 for end_to_end_recovery_lifecycle, run 2, phase post_recovery_verification",2026-08-22T18:42:36.353,cloud,0,,TC07-20260822T184214183587-run2-408c2c,TC07-batch-20260822T184151-4d9be0,TC07,2,10,post_recovery_verification
cloud,661,v41-TC07-3-1-42773701,V4.1 TC07 Run 3 Customer 1,"V4.1 test order 1 for end_to_end_recovery_lifecycle, run 3, phase normal_baseline",2026-08-22T18:42:37.215,cloud,0,,TC07-20260822T184237197894-run3-c4c88e,TC07-batch-20260822T184151-4d9be0,TC07,3,1,normal_baseline
cloud,662,v41-TC07-3-2-0efa6038,V4.1 TC07 Run 3 Customer 2,"V4.1 test order 2 for end_to_end_recovery_lifecycle, run 3, phase normal_baseline",2026-08-22T18:42:37.609,cloud,0,,TC07-20260822T184237197894-run3-c4c88e,TC07-batch-20260822T184151-4d9be0,TC07,3,2,normal_baseline
cloud,663,v41-TC07-3-3-ecbfa2be,V4.1 TC07 Run 3 Customer 3,"V4.1 test order 3 for end_to_end_recovery_lifecycle, run 3, phase normal_baseline",2026-08-22T18:42:38.021,cloud,0,,TC07-20260822T184237197894-run3-c4c88e,TC07-batch-20260822T184151-4d9be0,TC07,3,3,normal_baseline
cloud,664,v41-TC07-3-4-c10a8c90,V4.1 TC07 Run 3 Customer 4,"V4.1 test order 4 for end_to_end_recovery_lifecycle, run 3, phase normal_baseline",2026-08-22T18:42:38.421,cloud,0,,TC07-20260822T184237197894-run3-c4c88e,TC07-batch-20260822T184151-4d9be0,TC07,3,4,normal_baseline
cloud,665,v41-TC07-3-5-945eb68a,V4.1 TC07 Run 3 Customer 5,"V4.1 test order 5 for end_to_end_recovery_lifecycle, run 3, phase normal_baseline",2026-08-22T18:42:38.840,cloud,0,,TC07-20260822T184237197894-run3-c4c88e,TC07-batch-20260822T184151-4d9be0,TC07,3,5,normal_baseline
cloud,666,v41-TC07-3-6-20b04260,V4.1 TC07 Run 3 Customer 6,"V4.1 test order 6 for end_to_end_recovery_lifecycle, run 3, phase normal_baseline",2026-08-22T18:42:39.259,cloud,0,,TC07-20260822T184237197894-run3-c4c88e,TC07-batch-20260822T184151-4d9be0,TC07,3,6,normal_baseline
cloud,667,v41-TC07-3-7-df75ac68,V4.1 TC07 Run 3 Customer 7,"V4.1 test order 7 for end_to_end_recovery_lifecycle, run 3, phase normal_baseline",2026-08-22T18:42:39.673,cloud,0,,TC07-20260822T184237197894-run3-c4c88e,TC07-batch-20260822T184151-4d9be0,TC07,3,7,normal_baseline
cloud,668,v41-TC07-3-8-dee13439,V4.1 TC07 Run 3 Customer 8,"V4.1 test order 8 for end_to_end_recovery_lifecycle, run 3, phase normal_baseline",2026-08-22T18:42:40.074,cloud,0,,TC07-20260822T184237197894-run3-c4c88e,TC07-batch-20260822T184151-4d9be0,TC07,3,8,normal_baseline
cloud,669,v41-TC07-3-9-b0ebc089,V4.1 TC07 Run 3 Customer 9,"V4.1 test order 9 for end_to_end_recovery_lifecycle, run 3, phase normal_baseline",2026-08-22T18:42:40.473,cloud,0,,TC07-20260822T184237197894-run3-c4c88e,TC07-batch-20260822T184151-4d9be0,TC07,3,9,normal_baseline
cloud,670,v41-TC07-3-10-21f7a1c7,V4.1 TC07 Run 3 Customer 10,"V4.1 test order 10 for end_to_end_recovery_lifecycle, run 3, phase normal_baseline",2026-08-22T18:42:40.869,cloud,0,,TC07-20260822T184237197894-run3-c4c88e,TC07-batch-20260822T184151-4d9be0,TC07,3,10,normal_baseline
cloud,671,v41-TC07-3-1-ae5b2764,V4.1 TC07 Run 3 Customer 1,"V4.1 test order 1 for end_to_end_recovery_lifecycle, run 3, phase cloud_outage",2026-08-22T18:42:41.798,edge_recovered,1,2026-08-22T18:42:54.772,TC07-20260822T184237197894-run3-c4c88e,TC07-batch-20260822T184151-4d9be0,TC07,3,1,cloud_outage
cloud,672,v41-TC07-3-2-b9b6cdae,V4.1 TC07 Run 3 Customer 2,"V4.1 test order 2 for end_to_end_recovery_lifecycle, run 3, phase cloud_outage",2026-08-22T18:42:44.206,edge_recovered,1,2026-08-22T18:42:55.210,TC07-20260822T184237197894-run3-c4c88e,TC07-batch-20260822T184151-4d9be0,TC07,3,2,cloud_outage
cloud,673,v41-TC07-3-3-b1c7ff34,V4.1 TC07 Run 3 Customer 3,"V4.1 test order 3 for end_to_end_recovery_lifecycle, run 3, phase cloud_outage",2026-08-22T18:42:49.416,edge_recovered,1,2026-08-22T18:42:55.622,TC07-20260822T184237197894-run3-c4c88e,TC07-batch-20260822T184151-4d9be0,TC07,3,3,cloud_outage
cloud,674,v41-TC07-3-4-fb223253,V4.1 TC07 Run 3 Customer 4,"V4.1 test order 4 for end_to_end_recovery_lifecycle, run 3, phase cloud_outage",2026-08-22T18:42:49.813,edge_recovered,1,2026-08-22T18:42:55.975,TC07-20260822T184237197894-run3-c4c88e,TC07-batch-20260822T184151-4d9be0,TC07,3,4,cloud_outage
cloud,675,v41-TC07-3-5-bb1fcd40,V4.1 TC07 Run 3 Customer 5,"V4.1 test order 5 for end_to_end_recovery_lifecycle, run 3, phase cloud_outage",2026-08-22T18:42:50.220,edge_recovered,1,2026-08-22T18:42:56.315,TC07-20260822T184237197894-run3-c4c88e,TC07-batch-20260822T184151-4d9be0,TC07,3,5,cloud_outage
cloud,676,v41-TC07-3-6-d20cb109,V4.1 TC07 Run 3 Customer 6,"V4.1 test order 6 for end_to_end_recovery_lifecycle, run 3, phase cloud_outage",2026-08-22T18:42:50.642,edge_recovered,1,2026-08-22T18:42:56.687,TC07-20260822T184237197894-run3-c4c88e,TC07-batch-20260822T184151-4d9be0,TC07,3,6,cloud_outage
cloud,677,v41-TC07-3-7-ca53da79,V4.1 TC07 Run 3 Customer 7,"V4.1 test order 7 for end_to_end_recovery_lifecycle, run 3, phase cloud_outage",2026-08-22T18:42:51.031,edge_recovered,1,2026-08-22T18:42:57.029,TC07-20260822T184237197894-run3-c4c88e,TC07-batch-20260822T184151-4d9be0,TC07,3,7,cloud_outage
cloud,678,v41-TC07-3-8-e698800c,V4.1 TC07 Run 3 Customer 8,"V4.1 test order 8 for end_to_end_recovery_lifecycle, run 3, phase cloud_outage",2026-08-22T18:42:51.465,edge_recovered,1,2026-08-22T18:42:57.390,TC07-20260822T184237197894-run3-c4c88e,TC07-batch-20260822T184151-4d9be0,TC07,3,8,cloud_outage
cloud,679,v41-TC07-3-9-e08de69a,V4.1 TC07 Run 3 Customer 9,"V4.1 test order 9 for end_to_end_recovery_lifecycle, run 3, phase cloud_outage",2026-08-22T18:42:51.872,edge_recovered,1,2026-08-22T18:42:57.727,TC07-20260822T184237197894-run3-c4c88e,TC07-batch-20260822T184151-4d9be0,TC07,3,9,cloud_outage
cloud,680,v41-TC07-3-10-58360b6f,V4.1 TC07 Run 3 Customer 10,"V4.1 test order 10 for end_to_end_recovery_lifecycle, run 3, phase cloud_outage",2026-08-22T18:42:52.288,edge_recovered,1,2026-08-22T18:42:58.071,TC07-20260822T184237197894-run3-c4c88e,TC07-batch-20260822T184151-4d9be0,TC07,3,10,cloud_outage
cloud,681,v41-TC07-3-1-553d8c2e,V4.1 TC07 Run 3 Customer 1,"V4.1 test order 1 for end_to_end_recovery_lifecycle, run 3, phase post_recovery_verification",2026-08-22T18:42:58.585,cloud,0,,TC07-20260822T184237197894-run3-c4c88e,TC07-batch-20260822T184151-4d9be0,TC07,3,1,post_recovery_verification
cloud,682,v41-TC07-3-2-ef48bbb4,V4.1 TC07 Run 3 Customer 2,"V4.1 test order 2 for end_to_end_recovery_lifecycle, run 3, phase post_recovery_verification",2026-08-22T18:42:58.973,cloud,0,,TC07-20260822T184237197894-run3-c4c88e,TC07-batch-20260822T184151-4d9be0,TC07,3,2,post_recovery_verification
cloud,683,v41-TC07-3-3-450e150b,V4.1 TC07 Run 3 Customer 3,"V4.1 test order 3 for end_to_end_recovery_lifecycle, run 3, phase post_recovery_verification",2026-08-22T18:42:59.361,cloud,0,,TC07-20260822T184237197894-run3-c4c88e,TC07-batch-20260822T184151-4d9be0,TC07,3,3,post_recovery_verification
cloud,684,v41-TC07-3-4-9c3e7e03,V4.1 TC07 Run 3 Customer 4,"V4.1 test order 4 for end_to_end_recovery_lifecycle, run 3, phase post_recovery_verification",2026-08-22T18:42:59.764,cloud,0,,TC07-20260822T184237197894-run3-c4c88e,TC07-batch-20260822T184151-4d9be0,TC07,3,4,post_recovery_verification
cloud,685,v41-TC07-3-5-72b185ba,V4.1 TC07 Run 3 Customer 5,"V4.1 test order 5 for end_to_end_recovery_lifecycle, run 3, phase post_recovery_verification",2026-08-22T18:43:00.152,cloud,0,,TC07-20260822T184237197894-run3-c4c88e,TC07-batch-20260822T184151-4d9be0,TC07,3,5,post_recovery_verification
cloud,686,v41-TC07-3-6-56049523,V4.1 TC07 Run 3 Customer 6,"V4.1 test order 6 for end_to_end_recovery_lifecycle, run 3, phase post_recovery_verification",2026-08-22T18:43:00.568,cloud,0,,TC07-20260822T184237197894-run3-c4c88e,TC07-batch-20260822T184151-4d9be0,TC07,3,6,post_recovery_verification
cloud,687,v41-TC07-3-7-0522cda7,V4.1 TC07 Run 3 Customer 7,"V4.1 test order 7 for end_to_end_recovery_lifecycle, run 3, phase post_recovery_verification",2026-08-22T18:43:00.974,cloud,0,,TC07-20260822T184237197894-run3-c4c88e,TC07-batch-20260822T184151-4d9be0,TC07,3,7,post_recovery_verification
cloud,688,v41-TC07-3-8-e43f775b,V4.1 TC07 Run 3 Customer 8,"V4.1 test order 8 for end_to_end_recovery_lifecycle, run 3, phase post_recovery_verification",2026-08-22T18:43:01.364,cloud,0,,TC07-20260822T184237197894-run3-c4c88e,TC07-batch-20260822T184151-4d9be0,TC07,3,8,post_recovery_verification
cloud,689,v41-TC07-3-9-723630e8,V4.1 TC07 Run 3 Customer 9,"V4.1 test order 9 for end_to_end_recovery_lifecycle, run 3, phase post_recovery_verification",2026-08-22T18:43:01.748,cloud,0,,TC07-20260822T184237197894-run3-c4c88e,TC07-batch-20260822T184151-4d9be0,TC07,3,9,post_recovery_verification
cloud,690,v41-TC07-3-10-478583d3,V4.1 TC07 Run 3 Customer 10,"V4.1 test order 10 for end_to_end_recovery_lifecycle, run 3, phase post_recovery_verification",2026-08-22T18:43:02.152,cloud,0,,TC07-20260822T184237197894-run3-c4c88e,TC07-batch-20260822T184151-4d9be0,TC07,3,10,post_recovery_verification
cloud,691,v41-TC07-4-1-a6292236,V4.1 TC07 Run 4 Customer 1,"V4.1 test order 1 for end_to_end_recovery_lifecycle, run 4, phase normal_baseline",2026-08-22T18:43:03.051,cloud,0,,TC07-20260822T184303016055-run4-de86c9,TC07-batch-20260822T184151-4d9be0,TC07,4,1,normal_baseline
cloud,692,v41-TC07-4-2-11990c1b,V4.1 TC07 Run 4 Customer 2,"V4.1 test order 2 for end_to_end_recovery_lifecycle, run 4, phase normal_baseline",2026-08-22T18:43:03.453,cloud,0,,TC07-20260822T184303016055-run4-de86c9,TC07-batch-20260822T184151-4d9be0,TC07,4,2,normal_baseline
cloud,693,v41-TC07-4-3-f52cbd0e,V4.1 TC07 Run 4 Customer 3,"V4.1 test order 3 for end_to_end_recovery_lifecycle, run 4, phase normal_baseline",2026-08-22T18:43:03.842,cloud,0,,TC07-20260822T184303016055-run4-de86c9,TC07-batch-20260822T184151-4d9be0,TC07,4,3,normal_baseline
cloud,694,v41-TC07-4-4-7b68b652,V4.1 TC07 Run 4 Customer 4,"V4.1 test order 4 for end_to_end_recovery_lifecycle, run 4, phase normal_baseline",2026-08-22T18:43:04.254,cloud,0,,TC07-20260822T184303016055-run4-de86c9,TC07-batch-20260822T184151-4d9be0,TC07,4,4,normal_baseline
cloud,695,v41-TC07-4-5-ba6a5946,V4.1 TC07 Run 4 Customer 5,"V4.1 test order 5 for end_to_end_recovery_lifecycle, run 4, phase normal_baseline",2026-08-22T18:43:04.665,cloud,0,,TC07-20260822T184303016055-run4-de86c9,TC07-batch-20260822T184151-4d9be0,TC07,4,5,normal_baseline
cloud,696,v41-TC07-4-6-85e19c10,V4.1 TC07 Run 4 Customer 6,"V4.1 test order 6 for end_to_end_recovery_lifecycle, run 4, phase normal_baseline",2026-08-22T18:43:05.063,cloud,0,,TC07-20260822T184303016055-run4-de86c9,TC07-batch-20260822T184151-4d9be0,TC07,4,6,normal_baseline
cloud,697,v41-TC07-4-7-91bb5477,V4.1 TC07 Run 4 Customer 7,"V4.1 test order 7 for end_to_end_recovery_lifecycle, run 4, phase normal_baseline",2026-08-22T18:43:05.474,cloud,0,,TC07-20260822T184303016055-run4-de86c9,TC07-batch-20260822T184151-4d9be0,TC07,4,7,normal_baseline
cloud,698,v41-TC07-4-8-b60843a6,V4.1 TC07 Run 4 Customer 8,"V4.1 test order 8 for end_to_end_recovery_lifecycle, run 4, phase normal_baseline",2026-08-22T18:43:05.919,cloud,0,,TC07-20260822T184303016055-run4-de86c9,TC07-batch-20260822T184151-4d9be0,TC07,4,8,normal_baseline
cloud,699,v41-TC07-4-9-d9226d32,V4.1 TC07 Run 4 Customer 9,"V4.1 test order 9 for end_to_end_recovery_lifecycle, run 4, phase normal_baseline",2026-08-22T18:43:06.307,cloud,0,,TC07-20260822T184303016055-run4-de86c9,TC07-batch-20260822T184151-4d9be0,TC07,4,9,normal_baseline
cloud,700,v41-TC07-4-10-3543028e,V4.1 TC07 Run 4 Customer 10,"V4.1 test order 10 for end_to_end_recovery_lifecycle, run 4, phase normal_baseline",2026-08-22T18:43:06.707,cloud,0,,TC07-20260822T184303016055-run4-de86c9,TC07-batch-20260822T184151-4d9be0,TC07,4,10,normal_baseline
cloud,701,v41-TC07-4-1-c068ec71,V4.1 TC07 Run 4 Customer 1,"V4.1 test order 1 for end_to_end_recovery_lifecycle, run 4, phase cloud_outage",2026-08-22T18:43:07.673,edge_recovered,1,2026-08-22T18:43:16.520,TC07-20260822T184303016055-run4-de86c9,TC07-batch-20260822T184151-4d9be0,TC07,4,1,cloud_outage
cloud,702,v41-TC07-4-2-d9021c37,V4.1 TC07 Run 4 Customer 2,"V4.1 test order 2 for end_to_end_recovery_lifecycle, run 4, phase cloud_outage",2026-08-22T18:43:10.106,edge_recovered,1,2026-08-22T18:43:16.890,TC07-20260822T184303016055-run4-de86c9,TC07-batch-20260822T184151-4d9be0,TC07,4,2,cloud_outage
cloud,703,v41-TC07-4-3-22cedca7,V4.1 TC07 Run 4 Customer 3,"V4.1 test order 3 for end_to_end_recovery_lifecycle, run 4, phase cloud_outage",2026-08-22T18:43:10.512,edge_recovered,1,2026-08-22T18:43:17.240,TC07-20260822T184303016055-run4-de86c9,TC07-batch-20260822T184151-4d9be0,TC07,4,3,cloud_outage
cloud,704,v41-TC07-4-4-3d65ae45,V4.1 TC07 Run 4 Customer 4,"V4.1 test order 4 for end_to_end_recovery_lifecycle, run 4, phase cloud_outage",2026-08-22T18:43:10.907,edge_recovered,1,2026-08-22T18:43:17.653,TC07-20260822T184303016055-run4-de86c9,TC07-batch-20260822T184151-4d9be0,TC07,4,4,cloud_outage
cloud,705,v41-TC07-4-5-b2fb57b6,V4.1 TC07 Run 4 Customer 5,"V4.1 test order 5 for end_to_end_recovery_lifecycle, run 4, phase cloud_outage",2026-08-22T18:43:11.308,edge_recovered,1,2026-08-22T18:43:17.989,TC07-20260822T184303016055-run4-de86c9,TC07-batch-20260822T184151-4d9be0,TC07,4,5,cloud_outage
cloud,706,v41-TC07-4-6-c8448635,V4.1 TC07 Run 4 Customer 6,"V4.1 test order 6 for end_to_end_recovery_lifecycle, run 4, phase cloud_outage",2026-08-22T18:43:11.730,edge_recovered,1,2026-08-22T18:43:18.348,TC07-20260822T184303016055-run4-de86c9,TC07-batch-20260822T184151-4d9be0,TC07,4,6,cloud_outage
cloud,707,v41-TC07-4-7-4b2ca2bb,V4.1 TC07 Run 4 Customer 7,"V4.1 test order 7 for end_to_end_recovery_lifecycle, run 4, phase cloud_outage",2026-08-22T18:43:12.130,edge_recovered,1,2026-08-22T18:43:18.712,TC07-20260822T184303016055-run4-de86c9,TC07-batch-20260822T184151-4d9be0,TC07,4,7,cloud_outage
cloud,708,v41-TC07-4-8-36da4f8d,V4.1 TC07 Run 4 Customer 8,"V4.1 test order 8 for end_to_end_recovery_lifecycle, run 4, phase cloud_outage",2026-08-22T18:43:12.523,edge_recovered,1,2026-08-22T18:43:19.090,TC07-20260822T184303016055-run4-de86c9,TC07-batch-20260822T184151-4d9be0,TC07,4,8,cloud_outage
cloud,709,v41-TC07-4-9-7d4c876e,V4.1 TC07 Run 4 Customer 9,"V4.1 test order 9 for end_to_end_recovery_lifecycle, run 4, phase cloud_outage",2026-08-22T18:43:12.908,edge_recovered,1,2026-08-22T18:43:19.444,TC07-20260822T184303016055-run4-de86c9,TC07-batch-20260822T184151-4d9be0,TC07,4,9,cloud_outage
cloud,710,v41-TC07-4-10-cccd0559,V4.1 TC07 Run 4 Customer 10,"V4.1 test order 10 for end_to_end_recovery_lifecycle, run 4, phase cloud_outage",2026-08-22T18:43:13.307,edge_recovered,1,2026-08-22T18:43:19.800,TC07-20260822T184303016055-run4-de86c9,TC07-batch-20260822T184151-4d9be0,TC07,4,10,cloud_outage
cloud,711,v41-TC07-4-1-2fd11276,V4.1 TC07 Run 4 Customer 1,"V4.1 test order 1 for end_to_end_recovery_lifecycle, run 4, phase post_recovery_verification",2026-08-22T18:43:20.324,cloud,0,,TC07-20260822T184303016055-run4-de86c9,TC07-batch-20260822T184151-4d9be0,TC07,4,1,post_recovery_verification
cloud,712,v41-TC07-4-2-9d25a7f2,V4.1 TC07 Run 4 Customer 2,"V4.1 test order 2 for end_to_end_recovery_lifecycle, run 4, phase post_recovery_verification",2026-08-22T18:43:20.696,cloud,0,,TC07-20260822T184303016055-run4-de86c9,TC07-batch-20260822T184151-4d9be0,TC07,4,2,post_recovery_verification
cloud,713,v41-TC07-4-3-31283b9e,V4.1 TC07 Run 4 Customer 3,"V4.1 test order 3 for end_to_end_recovery_lifecycle, run 4, phase post_recovery_verification",2026-08-22T18:43:21.135,cloud,0,,TC07-20260822T184303016055-run4-de86c9,TC07-batch-20260822T184151-4d9be0,TC07,4,3,post_recovery_verification
cloud,714,v41-TC07-4-4-32d1353d,V4.1 TC07 Run 4 Customer 4,"V4.1 test order 4 for end_to_end_recovery_lifecycle, run 4, phase post_recovery_verification",2026-08-22T18:43:21.630,cloud,0,,TC07-20260822T184303016055-run4-de86c9,TC07-batch-20260822T184151-4d9be0,TC07,4,4,post_recovery_verification
cloud,715,v41-TC07-4-5-ea9befb1,V4.1 TC07 Run 4 Customer 5,"V4.1 test order 5 for end_to_end_recovery_lifecycle, run 4, phase post_recovery_verification",2026-08-22T18:43:22.122,cloud,0,,TC07-20260822T184303016055-run4-de86c9,TC07-batch-20260822T184151-4d9be0,TC07,4,5,post_recovery_verification
cloud,716,v41-TC07-4-6-56d5e09d,V4.1 TC07 Run 4 Customer 6,"V4.1 test order 6 for end_to_end_recovery_lifecycle, run 4, phase post_recovery_verification",2026-08-22T18:43:22.530,cloud,0,,TC07-20260822T184303016055-run4-de86c9,TC07-batch-20260822T184151-4d9be0,TC07,4,6,post_recovery_verification
cloud,717,v41-TC07-4-7-e2d6525b,V4.1 TC07 Run 4 Customer 7,"V4.1 test order 7 for end_to_end_recovery_lifecycle, run 4, phase post_recovery_verification",2026-08-22T18:43:22.908,cloud,0,,TC07-20260822T184303016055-run4-de86c9,TC07-batch-20260822T184151-4d9be0,TC07,4,7,post_recovery_verification
cloud,718,v41-TC07-4-8-f19d0d93,V4.1 TC07 Run 4 Customer 8,"V4.1 test order 8 for end_to_end_recovery_lifecycle, run 4, phase post_recovery_verification",2026-08-22T18:43:23.422,cloud,0,,TC07-20260822T184303016055-run4-de86c9,TC07-batch-20260822T184151-4d9be0,TC07,4,8,post_recovery_verification
cloud,719,v41-TC07-4-9-e1e8fd2f,V4.1 TC07 Run 4 Customer 9,"V4.1 test order 9 for end_to_end_recovery_lifecycle, run 4, phase post_recovery_verification",2026-08-22T18:43:23.809,cloud,0,,TC07-20260822T184303016055-run4-de86c9,TC07-batch-20260822T184151-4d9be0,TC07,4,9,post_recovery_verification
cloud,720,v41-TC07-4-10-b5f3ccab,V4.1 TC07 Run 4 Customer 10,"V4.1 test order 10 for end_to_end_recovery_lifecycle, run 4, phase post_recovery_verification",2026-08-22T18:43:24.326,cloud,0,,TC07-20260822T184303016055-run4-de86c9,TC07-batch-20260822T184151-4d9be0,TC07,4,10,post_recovery_verification
cloud,721,v41-TC07-5-1-98c06928,V4.1 TC07 Run 5 Customer 1,"V4.1 test order 1 for end_to_end_recovery_lifecycle, run 5, phase normal_baseline",2026-08-22T18:43:25.240,cloud,0,,TC07-20260822T184325225993-run5-95a7a2,TC07-batch-20260822T184151-4d9be0,TC07,5,1,normal_baseline
cloud,722,v41-TC07-5-2-77bbbfed,V4.1 TC07 Run 5 Customer 2,"V4.1 test order 2 for end_to_end_recovery_lifecycle, run 5, phase normal_baseline",2026-08-22T18:43:25.713,cloud,0,,TC07-20260822T184325225993-run5-95a7a2,TC07-batch-20260822T184151-4d9be0,TC07,5,2,normal_baseline
cloud,723,v41-TC07-5-3-13da3cba,V4.1 TC07 Run 5 Customer 3,"V4.1 test order 3 for end_to_end_recovery_lifecycle, run 5, phase normal_baseline",2026-08-22T18:43:26.130,cloud,0,,TC07-20260822T184325225993-run5-95a7a2,TC07-batch-20260822T184151-4d9be0,TC07,5,3,normal_baseline
cloud,724,v41-TC07-5-4-5c338f10,V4.1 TC07 Run 5 Customer 4,"V4.1 test order 4 for end_to_end_recovery_lifecycle, run 5, phase normal_baseline",2026-08-22T18:43:26.636,cloud,0,,TC07-20260822T184325225993-run5-95a7a2,TC07-batch-20260822T184151-4d9be0,TC07,5,4,normal_baseline
cloud,725,v41-TC07-5-5-79e6677d,V4.1 TC07 Run 5 Customer 5,"V4.1 test order 5 for end_to_end_recovery_lifecycle, run 5, phase normal_baseline",2026-08-22T18:43:28.391,cloud,0,,TC07-20260822T184325225993-run5-95a7a2,TC07-batch-20260822T184151-4d9be0,TC07,5,5,normal_baseline
cloud,726,v41-TC07-5-6-b0700714,V4.1 TC07 Run 5 Customer 6,"V4.1 test order 6 for end_to_end_recovery_lifecycle, run 5, phase normal_baseline",2026-08-22T18:43:28.847,cloud,0,,TC07-20260822T184325225993-run5-95a7a2,TC07-batch-20260822T184151-4d9be0,TC07,5,6,normal_baseline
cloud,727,v41-TC07-5-7-0ebc90dc,V4.1 TC07 Run 5 Customer 7,"V4.1 test order 7 for end_to_end_recovery_lifecycle, run 5, phase normal_baseline",2026-08-22T18:43:29.381,cloud,0,,TC07-20260822T184325225993-run5-95a7a2,TC07-batch-20260822T184151-4d9be0,TC07,5,7,normal_baseline
cloud,728,v41-TC07-5-8-81d9db0b,V4.1 TC07 Run 5 Customer 8,"V4.1 test order 8 for end_to_end_recovery_lifecycle, run 5, phase normal_baseline",2026-08-22T18:43:29.798,cloud,0,,TC07-20260822T184325225993-run5-95a7a2,TC07-batch-20260822T184151-4d9be0,TC07,5,8,normal_baseline
cloud,729,v41-TC07-5-9-28e1ad20,V4.1 TC07 Run 5 Customer 9,"V4.1 test order 9 for end_to_end_recovery_lifecycle, run 5, phase normal_baseline",2026-08-22T18:43:30.221,cloud,0,,TC07-20260822T184325225993-run5-95a7a2,TC07-batch-20260822T184151-4d9be0,TC07,5,9,normal_baseline
cloud,730,v41-TC07-5-10-3ec63258,V4.1 TC07 Run 5 Customer 10,"V4.1 test order 10 for end_to_end_recovery_lifecycle, run 5, phase normal_baseline",2026-08-22T18:43:30.712,cloud,0,,TC07-20260822T184325225993-run5-95a7a2,TC07-batch-20260822T184151-4d9be0,TC07,5,10,normal_baseline
cloud,731,v41-TC07-5-1-5dd4658f,V4.1 TC07 Run 5 Customer 1,"V4.1 test order 1 for end_to_end_recovery_lifecycle, run 5, phase cloud_outage",2026-08-22T18:43:31.876,edge_recovered,1,2026-08-22T18:43:40.521,TC07-20260822T184325225993-run5-95a7a2,TC07-batch-20260822T184151-4d9be0,TC07,5,1,cloud_outage
cloud,732,v41-TC07-5-2-b4b89ace,V4.1 TC07 Run 5 Customer 2,"V4.1 test order 2 for end_to_end_recovery_lifecycle, run 5, phase cloud_outage",2026-08-22T18:43:34.445,edge_recovered,1,2026-08-22T18:43:41.013,TC07-20260822T184325225993-run5-95a7a2,TC07-batch-20260822T184151-4d9be0,TC07,5,2,cloud_outage
cloud,733,v41-TC07-5-3-15ba04fa,V4.1 TC07 Run 5 Customer 3,"V4.1 test order 3 for end_to_end_recovery_lifecycle, run 5, phase cloud_outage",2026-08-22T18:43:34.866,edge_recovered,1,2026-08-22T18:43:41.381,TC07-20260822T184325225993-run5-95a7a2,TC07-batch-20260822T184151-4d9be0,TC07,5,3,cloud_outage
cloud,734,v41-TC07-5-4-e05fff01,V4.1 TC07 Run 5 Customer 4,"V4.1 test order 4 for end_to_end_recovery_lifecycle, run 5, phase cloud_outage",2026-08-22T18:43:35.361,edge_recovered,1,2026-08-22T18:43:41.814,TC07-20260822T184325225993-run5-95a7a2,TC07-batch-20260822T184151-4d9be0,TC07,5,4,cloud_outage
cloud,735,v41-TC07-5-5-be7f9c4b,V4.1 TC07 Run 5 Customer 5,"V4.1 test order 5 for end_to_end_recovery_lifecycle, run 5, phase cloud_outage",2026-08-22T18:43:35.753,edge_recovered,1,2026-08-22T18:43:42.185,TC07-20260822T184325225993-run5-95a7a2,TC07-batch-20260822T184151-4d9be0,TC07,5,5,cloud_outage
cloud,736,v41-TC07-5-6-536a5286,V4.1 TC07 Run 5 Customer 6,"V4.1 test order 6 for end_to_end_recovery_lifecycle, run 5, phase cloud_outage",2026-08-22T18:43:36.152,edge_recovered,1,2026-08-22T18:43:42.535,TC07-20260822T184325225993-run5-95a7a2,TC07-batch-20260822T184151-4d9be0,TC07,5,6,cloud_outage
cloud,737,v41-TC07-5-7-5a83c80f,V4.1 TC07 Run 5 Customer 7,"V4.1 test order 7 for end_to_end_recovery_lifecycle, run 5, phase cloud_outage",2026-08-22T18:43:36.664,edge_recovered,1,2026-08-22T18:43:42.974,TC07-20260822T184325225993-run5-95a7a2,TC07-batch-20260822T184151-4d9be0,TC07,5,7,cloud_outage
cloud,738,v41-TC07-5-8-4bccbe0f,V4.1 TC07 Run 5 Customer 8,"V4.1 test order 8 for end_to_end_recovery_lifecycle, run 5, phase cloud_outage",2026-08-22T18:43:37.063,edge_recovered,1,2026-08-22T18:43:43.305,TC07-20260822T184325225993-run5-95a7a2,TC07-batch-20260822T184151-4d9be0,TC07,5,8,cloud_outage
cloud,739,v41-TC07-5-9-2edcd0d4,V4.1 TC07 Run 5 Customer 9,"V4.1 test order 9 for end_to_end_recovery_lifecycle, run 5, phase cloud_outage",2026-08-22T18:43:37.597,edge_recovered,1,2026-08-22T18:43:43.635,TC07-20260822T184325225993-run5-95a7a2,TC07-batch-20260822T184151-4d9be0,TC07,5,9,cloud_outage
cloud,740,v41-TC07-5-10-3afe3375,V4.1 TC07 Run 5 Customer 10,"V4.1 test order 10 for end_to_end_recovery_lifecycle, run 5, phase cloud_outage",2026-08-22T18:43:38.010,edge_recovered,1,2026-08-22T18:43:44.091,TC07-20260822T184325225993-run5-95a7a2,TC07-batch-20260822T184151-4d9be0,TC07,5,10,cloud_outage
cloud,741,v41-TC07-5-1-40469854,V4.1 TC07 Run 5 Customer 1,"V4.1 test order 1 for end_to_end_recovery_lifecycle, run 5, phase post_recovery_verification",2026-08-22T18:43:44.603,cloud,0,,TC07-20260822T184325225993-run5-95a7a2,TC07-batch-20260822T184151-4d9be0,TC07,5,1,post_recovery_verification
cloud,742,v41-TC07-5-2-9a7f8c45,V4.1 TC07 Run 5 Customer 2,"V4.1 test order 2 for end_to_end_recovery_lifecycle, run 5, phase post_recovery_verification",2026-08-22T18:43:45.053,cloud,0,,TC07-20260822T184325225993-run5-95a7a2,TC07-batch-20260822T184151-4d9be0,TC07,5,2,post_recovery_verification
cloud,743,v41-TC07-5-3-c7758bf4,V4.1 TC07 Run 5 Customer 3,"V4.1 test order 3 for end_to_end_recovery_lifecycle, run 5, phase post_recovery_verification",2026-08-22T18:43:45.597,cloud,0,,TC07-20260822T184325225993-run5-95a7a2,TC07-batch-20260822T184151-4d9be0,TC07,5,3,post_recovery_verification
cloud,744,v41-TC07-5-4-1f8af4dc,V4.1 TC07 Run 5 Customer 4,"V4.1 test order 4 for end_to_end_recovery_lifecycle, run 5, phase post_recovery_verification",2026-08-22T18:43:45.998,cloud,0,,TC07-20260822T184325225993-run5-95a7a2,TC07-batch-20260822T184151-4d9be0,TC07,5,4,post_recovery_verification
cloud,745,v41-TC07-5-5-1d644e4e,V4.1 TC07 Run 5 Customer 5,"V4.1 test order 5 for end_to_end_recovery_lifecycle, run 5, phase post_recovery_verification",2026-08-22T18:43:46.494,cloud,0,,TC07-20260822T184325225993-run5-95a7a2,TC07-batch-20260822T184151-4d9be0,TC07,5,5,post_recovery_verification
cloud,746,v41-TC07-5-6-e169c434,V4.1 TC07 Run 5 Customer 6,"V4.1 test order 6 for end_to_end_recovery_lifecycle, run 5, phase post_recovery_verification",2026-08-22T18:43:46.931,cloud,0,,TC07-20260822T184325225993-run5-95a7a2,TC07-batch-20260822T184151-4d9be0,TC07,5,6,post_recovery_verification
cloud,747,v41-TC07-5-7-128877ec,V4.1 TC07 Run 5 Customer 7,"V4.1 test order 7 for end_to_end_recovery_lifecycle, run 5, phase post_recovery_verification",2026-08-22T18:43:47.321,cloud,0,,TC07-20260822T184325225993-run5-95a7a2,TC07-batch-20260822T184151-4d9be0,TC07,5,7,post_recovery_verification
cloud,748,v41-TC07-5-8-0853fe35,V4.1 TC07 Run 5 Customer 8,"V4.1 test order 8 for end_to_end_recovery_lifecycle, run 5, phase post_recovery_verification",2026-08-22T18:43:47.867,cloud,0,,TC07-20260822T184325225993-run5-95a7a2,TC07-batch-20260822T184151-4d9be0,TC07,5,8,post_recovery_verification
cloud,749,v41-TC07-5-9-85cc3871,V4.1 TC07 Run 5 Customer 9,"V4.1 test order 9 for end_to_end_recovery_lifecycle, run 5, phase post_recovery_verification",2026-08-22T18:43:48.286,cloud,0,,TC07-20260822T184325225993-run5-95a7a2,TC07-batch-20260822T184151-4d9be0,TC07,5,9,post_recovery_verification
cloud,750,v41-TC07-5-10-1aec2853,V4.1 TC07 Run 5 Customer 10,"V4.1 test order 10 for end_to_end_recovery_lifecycle, run 5, phase post_recovery_verification",2026-08-22T18:43:48.799,cloud,0,,TC07-20260822T184325225993-run5-95a7a2,TC07-batch-20260822T184151-4d9be0,TC07,5,10,post_recovery_verification
cloud,751,v41-TC07-6-1-698e0620,V4.1 TC07 Run 6 Customer 1,"V4.1 test order 1 for end_to_end_recovery_lifecycle, run 6, phase normal_baseline",2026-08-22T18:43:49.703,cloud,0,,TC07-20260822T184349680910-run6-999928,TC07-batch-20260822T184151-4d9be0,TC07,6,1,normal_baseline
cloud,752,v41-TC07-6-2-83354940,V4.1 TC07 Run 6 Customer 2,"V4.1 test order 2 for end_to_end_recovery_lifecycle, run 6, phase normal_baseline",2026-08-22T18:43:50.186,cloud,0,,TC07-20260822T184349680910-run6-999928,TC07-batch-20260822T184151-4d9be0,TC07,6,2,normal_baseline
cloud,753,v41-TC07-6-3-ab8ddadc,V4.1 TC07 Run 6 Customer 3,"V4.1 test order 3 for end_to_end_recovery_lifecycle, run 6, phase normal_baseline",2026-08-22T18:43:50.609,cloud,0,,TC07-20260822T184349680910-run6-999928,TC07-batch-20260822T184151-4d9be0,TC07,6,3,normal_baseline
cloud,754,v41-TC07-6-4-8af88fac,V4.1 TC07 Run 6 Customer 4,"V4.1 test order 4 for end_to_end_recovery_lifecycle, run 6, phase normal_baseline",2026-08-22T18:43:51.041,cloud,0,,TC07-20260822T184349680910-run6-999928,TC07-batch-20260822T184151-4d9be0,TC07,6,4,normal_baseline
cloud,755,v41-TC07-6-5-166eb5ba,V4.1 TC07 Run 6 Customer 5,"V4.1 test order 5 for end_to_end_recovery_lifecycle, run 6, phase normal_baseline",2026-08-22T18:43:51.453,cloud,0,,TC07-20260822T184349680910-run6-999928,TC07-batch-20260822T184151-4d9be0,TC07,6,5,normal_baseline
cloud,756,v41-TC07-6-6-62ea5415,V4.1 TC07 Run 6 Customer 6,"V4.1 test order 6 for end_to_end_recovery_lifecycle, run 6, phase normal_baseline",2026-08-22T18:43:51.854,cloud,0,,TC07-20260822T184349680910-run6-999928,TC07-batch-20260822T184151-4d9be0,TC07,6,6,normal_baseline
cloud,757,v41-TC07-6-7-5149dd52,V4.1 TC07 Run 6 Customer 7,"V4.1 test order 7 for end_to_end_recovery_lifecycle, run 6, phase normal_baseline",2026-08-22T18:43:52.220,cloud,0,,TC07-20260822T184349680910-run6-999928,TC07-batch-20260822T184151-4d9be0,TC07,6,7,normal_baseline
cloud,758,v41-TC07-6-8-7679cb50,V4.1 TC07 Run 6 Customer 8,"V4.1 test order 8 for end_to_end_recovery_lifecycle, run 6, phase normal_baseline",2026-08-22T18:43:52.600,cloud,0,,TC07-20260822T184349680910-run6-999928,TC07-batch-20260822T184151-4d9be0,TC07,6,8,normal_baseline
cloud,759,v41-TC07-6-9-658eccd0,V4.1 TC07 Run 6 Customer 9,"V4.1 test order 9 for end_to_end_recovery_lifecycle, run 6, phase normal_baseline",2026-08-22T18:43:53.009,cloud,0,,TC07-20260822T184349680910-run6-999928,TC07-batch-20260822T184151-4d9be0,TC07,6,9,normal_baseline
cloud,760,v41-TC07-6-10-75ffb7d5,V4.1 TC07 Run 6 Customer 10,"V4.1 test order 10 for end_to_end_recovery_lifecycle, run 6, phase normal_baseline",2026-08-22T18:43:53.445,cloud,0,,TC07-20260822T184349680910-run6-999928,TC07-batch-20260822T184151-4d9be0,TC07,6,10,normal_baseline
cloud,761,v41-TC07-6-1-c9ff9e9e,V4.1 TC07 Run 6 Customer 1,"V4.1 test order 1 for end_to_end_recovery_lifecycle, run 6, phase cloud_outage",2026-08-22T18:43:54.548,edge_recovered,1,2026-08-22T18:44:03.409,TC07-20260822T184349680910-run6-999928,TC07-batch-20260822T184151-4d9be0,TC07,6,1,cloud_outage
cloud,762,v41-TC07-6-2-aacad55d,V4.1 TC07 Run 6 Customer 2,"V4.1 test order 2 for end_to_end_recovery_lifecycle, run 6, phase cloud_outage",2026-08-22T18:43:56.969,edge_recovered,1,2026-08-22T18:44:03.770,TC07-20260822T184349680910-run6-999928,TC07-batch-20260822T184151-4d9be0,TC07,6,2,cloud_outage
cloud,763,v41-TC07-6-3-dfb09ea3,V4.1 TC07 Run 6 Customer 3,"V4.1 test order 3 for end_to_end_recovery_lifecycle, run 6, phase cloud_outage",2026-08-22T18:43:57.375,edge_recovered,1,2026-08-22T18:44:04.136,TC07-20260822T184349680910-run6-999928,TC07-batch-20260822T184151-4d9be0,TC07,6,3,cloud_outage
cloud,764,v41-TC07-6-4-467f252a,V4.1 TC07 Run 6 Customer 4,"V4.1 test order 4 for end_to_end_recovery_lifecycle, run 6, phase cloud_outage",2026-08-22T18:43:57.776,edge_recovered,1,2026-08-22T18:44:04.493,TC07-20260822T184349680910-run6-999928,TC07-batch-20260822T184151-4d9be0,TC07,6,4,cloud_outage
cloud,765,v41-TC07-6-5-47acbcd3,V4.1 TC07 Run 6 Customer 5,"V4.1 test order 5 for end_to_end_recovery_lifecycle, run 6, phase cloud_outage",2026-08-22T18:43:58.180,edge_recovered,1,2026-08-22T18:44:04.856,TC07-20260822T184349680910-run6-999928,TC07-batch-20260822T184151-4d9be0,TC07,6,5,cloud_outage
cloud,766,v41-TC07-6-6-2ed09bf7,V4.1 TC07 Run 6 Customer 6,"V4.1 test order 6 for end_to_end_recovery_lifecycle, run 6, phase cloud_outage",2026-08-22T18:43:58.569,edge_recovered,1,2026-08-22T18:44:05.202,TC07-20260822T184349680910-run6-999928,TC07-batch-20260822T184151-4d9be0,TC07,6,6,cloud_outage
cloud,767,v41-TC07-6-7-3d26205a,V4.1 TC07 Run 6 Customer 7,"V4.1 test order 7 for end_to_end_recovery_lifecycle, run 6, phase cloud_outage",2026-08-22T18:43:58.999,edge_recovered,1,2026-08-22T18:44:05.515,TC07-20260822T184349680910-run6-999928,TC07-batch-20260822T184151-4d9be0,TC07,6,7,cloud_outage
cloud,768,v41-TC07-6-8-4e779a84,V4.1 TC07 Run 6 Customer 8,"V4.1 test order 8 for end_to_end_recovery_lifecycle, run 6, phase cloud_outage",2026-08-22T18:43:59.398,edge_recovered,1,2026-08-22T18:44:05.860,TC07-20260822T184349680910-run6-999928,TC07-batch-20260822T184151-4d9be0,TC07,6,8,cloud_outage
cloud,769,v41-TC07-6-9-9a56e487,V4.1 TC07 Run 6 Customer 9,"V4.1 test order 9 for end_to_end_recovery_lifecycle, run 6, phase cloud_outage",2026-08-22T18:43:59.797,edge_recovered,1,2026-08-22T18:44:06.249,TC07-20260822T184349680910-run6-999928,TC07-batch-20260822T184151-4d9be0,TC07,6,9,cloud_outage
cloud,770,v41-TC07-6-10-0bb47d26,V4.1 TC07 Run 6 Customer 10,"V4.1 test order 10 for end_to_end_recovery_lifecycle, run 6, phase cloud_outage",2026-08-22T18:44:00.224,edge_recovered,1,2026-08-22T18:44:06.627,TC07-20260822T184349680910-run6-999928,TC07-batch-20260822T184151-4d9be0,TC07,6,10,cloud_outage
cloud,771,v41-TC07-6-1-680bafb7,V4.1 TC07 Run 6 Customer 1,"V4.1 test order 1 for end_to_end_recovery_lifecycle, run 6, phase post_recovery_verification",2026-08-22T18:44:07.163,cloud,0,,TC07-20260822T184349680910-run6-999928,TC07-batch-20260822T184151-4d9be0,TC07,6,1,post_recovery_verification
cloud,772,v41-TC07-6-2-0bf8effe,V4.1 TC07 Run 6 Customer 2,"V4.1 test order 2 for end_to_end_recovery_lifecycle, run 6, phase post_recovery_verification",2026-08-22T18:44:07.668,cloud,0,,TC07-20260822T184349680910-run6-999928,TC07-batch-20260822T184151-4d9be0,TC07,6,2,post_recovery_verification
cloud,773,v41-TC07-6-3-14602e6a,V4.1 TC07 Run 6 Customer 3,"V4.1 test order 3 for end_to_end_recovery_lifecycle, run 6, phase post_recovery_verification",2026-08-22T18:44:08.099,cloud,0,,TC07-20260822T184349680910-run6-999928,TC07-batch-20260822T184151-4d9be0,TC07,6,3,post_recovery_verification
cloud,774,v41-TC07-6-4-c05b7f34,V4.1 TC07 Run 6 Customer 4,"V4.1 test order 4 for end_to_end_recovery_lifecycle, run 6, phase post_recovery_verification",2026-08-22T18:44:08.483,cloud,0,,TC07-20260822T184349680910-run6-999928,TC07-batch-20260822T184151-4d9be0,TC07,6,4,post_recovery_verification
cloud,775,v41-TC07-6-5-576255a7,V4.1 TC07 Run 6 Customer 5,"V4.1 test order 5 for end_to_end_recovery_lifecycle, run 6, phase post_recovery_verification",2026-08-22T18:44:08.889,cloud,0,,TC07-20260822T184349680910-run6-999928,TC07-batch-20260822T184151-4d9be0,TC07,6,5,post_recovery_verification
cloud,776,v41-TC07-6-6-50ec7926,V4.1 TC07 Run 6 Customer 6,"V4.1 test order 6 for end_to_end_recovery_lifecycle, run 6, phase post_recovery_verification",2026-08-22T18:44:09.287,cloud,0,,TC07-20260822T184349680910-run6-999928,TC07-batch-20260822T184151-4d9be0,TC07,6,6,post_recovery_verification
cloud,777,v41-TC07-6-7-36c26d4e,V4.1 TC07 Run 6 Customer 7,"V4.1 test order 7 for end_to_end_recovery_lifecycle, run 6, phase post_recovery_verification",2026-08-22T18:44:09.688,cloud,0,,TC07-20260822T184349680910-run6-999928,TC07-batch-20260822T184151-4d9be0,TC07,6,7,post_recovery_verification
cloud,778,v41-TC07-6-8-48ccc85f,V4.1 TC07 Run 6 Customer 8,"V4.1 test order 8 for end_to_end_recovery_lifecycle, run 6, phase post_recovery_verification",2026-08-22T18:44:10.115,cloud,0,,TC07-20260822T184349680910-run6-999928,TC07-batch-20260822T184151-4d9be0,TC07,6,8,post_recovery_verification
cloud,779,v41-TC07-6-9-eb59046f,V4.1 TC07 Run 6 Customer 9,"V4.1 test order 9 for end_to_end_recovery_lifecycle, run 6, phase post_recovery_verification",2026-08-22T18:44:10.525,cloud,0,,TC07-20260822T184349680910-run6-999928,TC07-batch-20260822T184151-4d9be0,TC07,6,9,post_recovery_verification
cloud,780,v41-TC07-6-10-8c5f6c0b,V4.1 TC07 Run 6 Customer 10,"V4.1 test order 10 for end_to_end_recovery_lifecycle, run 6, phase post_recovery_verification",2026-08-22T18:44:10.921,cloud,0,,TC07-20260822T184349680910-run6-999928,TC07-batch-20260822T184151-4d9be0,TC07,6,10,post_recovery_verification
cloud,781,v41-TC07-7-1-ba11a523,V4.1 TC07 Run 7 Customer 1,"V4.1 test order 1 for end_to_end_recovery_lifecycle, run 7, phase normal_baseline",2026-08-22T18:44:11.782,cloud,0,,TC07-20260822T184411764715-run7-11dd42,TC07-batch-20260822T184151-4d9be0,TC07,7,1,normal_baseline
cloud,782,v41-TC07-7-2-6797dac8,V4.1 TC07 Run 7 Customer 2,"V4.1 test order 2 for end_to_end_recovery_lifecycle, run 7, phase normal_baseline",2026-08-22T18:44:16.999,cloud,0,,TC07-20260822T184411764715-run7-11dd42,TC07-batch-20260822T184151-4d9be0,TC07,7,2,normal_baseline
cloud,783,v41-TC07-7-3-39875546,V4.1 TC07 Run 7 Customer 3,"V4.1 test order 3 for end_to_end_recovery_lifecycle, run 7, phase normal_baseline",2026-08-22T18:44:17.380,cloud,0,,TC07-20260822T184411764715-run7-11dd42,TC07-batch-20260822T184151-4d9be0,TC07,7,3,normal_baseline
cloud,784,v41-TC07-7-4-f19c9c14,V4.1 TC07 Run 7 Customer 4,"V4.1 test order 4 for end_to_end_recovery_lifecycle, run 7, phase normal_baseline",2026-08-22T18:44:17.854,cloud,0,,TC07-20260822T184411764715-run7-11dd42,TC07-batch-20260822T184151-4d9be0,TC07,7,4,normal_baseline
cloud,785,v41-TC07-7-5-c91c52ba,V4.1 TC07 Run 7 Customer 5,"V4.1 test order 5 for end_to_end_recovery_lifecycle, run 7, phase normal_baseline",2026-08-22T18:44:18.232,cloud,0,,TC07-20260822T184411764715-run7-11dd42,TC07-batch-20260822T184151-4d9be0,TC07,7,5,normal_baseline
cloud,786,v41-TC07-7-6-2548ffde,V4.1 TC07 Run 7 Customer 6,"V4.1 test order 6 for end_to_end_recovery_lifecycle, run 7, phase normal_baseline",2026-08-22T18:44:18.645,cloud,0,,TC07-20260822T184411764715-run7-11dd42,TC07-batch-20260822T184151-4d9be0,TC07,7,6,normal_baseline
cloud,787,v41-TC07-7-7-63998870,V4.1 TC07 Run 7 Customer 7,"V4.1 test order 7 for end_to_end_recovery_lifecycle, run 7, phase normal_baseline",2026-08-22T18:44:19.047,cloud,0,,TC07-20260822T184411764715-run7-11dd42,TC07-batch-20260822T184151-4d9be0,TC07,7,7,normal_baseline
cloud,788,v41-TC07-7-8-bcbea63a,V4.1 TC07 Run 7 Customer 8,"V4.1 test order 8 for end_to_end_recovery_lifecycle, run 7, phase normal_baseline",2026-08-22T18:44:19.461,cloud,0,,TC07-20260822T184411764715-run7-11dd42,TC07-batch-20260822T184151-4d9be0,TC07,7,8,normal_baseline
cloud,789,v41-TC07-7-9-d2a438df,V4.1 TC07 Run 7 Customer 9,"V4.1 test order 9 for end_to_end_recovery_lifecycle, run 7, phase normal_baseline",2026-08-22T18:44:19.900,cloud,0,,TC07-20260822T184411764715-run7-11dd42,TC07-batch-20260822T184151-4d9be0,TC07,7,9,normal_baseline
cloud,790,v41-TC07-7-10-ace1b404,V4.1 TC07 Run 7 Customer 10,"V4.1 test order 10 for end_to_end_recovery_lifecycle, run 7, phase normal_baseline",2026-08-22T18:44:20.288,cloud,0,,TC07-20260822T184411764715-run7-11dd42,TC07-batch-20260822T184151-4d9be0,TC07,7,10,normal_baseline
cloud,791,v41-TC07-7-1-4e0595b7,V4.1 TC07 Run 7 Customer 1,"V4.1 test order 1 for end_to_end_recovery_lifecycle, run 7, phase cloud_outage",2026-08-22T18:44:21.316,edge_recovered,1,2026-08-22T18:44:30.678,TC07-20260822T184411764715-run7-11dd42,TC07-batch-20260822T184151-4d9be0,TC07,7,1,cloud_outage
cloud,792,v41-TC07-7-2-221d029f,V4.1 TC07 Run 7 Customer 2,"V4.1 test order 2 for end_to_end_recovery_lifecycle, run 7, phase cloud_outage",2026-08-22T18:44:24.887,edge_recovered,1,2026-08-22T18:44:31.065,TC07-20260822T184411764715-run7-11dd42,TC07-batch-20260822T184151-4d9be0,TC07,7,2,cloud_outage
cloud,793,v41-TC07-7-3-ac404007,V4.1 TC07 Run 7 Customer 3,"V4.1 test order 3 for end_to_end_recovery_lifecycle, run 7, phase cloud_outage",2026-08-22T18:44:25.289,edge_recovered,1,2026-08-22T18:44:31.418,TC07-20260822T184411764715-run7-11dd42,TC07-batch-20260822T184151-4d9be0,TC07,7,3,cloud_outage
cloud,794,v41-TC07-7-4-25bbeeca,V4.1 TC07 Run 7 Customer 4,"V4.1 test order 4 for end_to_end_recovery_lifecycle, run 7, phase cloud_outage",2026-08-22T18:44:25.702,edge_recovered,1,2026-08-22T18:44:31.789,TC07-20260822T184411764715-run7-11dd42,TC07-batch-20260822T184151-4d9be0,TC07,7,4,cloud_outage
cloud,795,v41-TC07-7-5-4df4ab34,V4.1 TC07 Run 7 Customer 5,"V4.1 test order 5 for end_to_end_recovery_lifecycle, run 7, phase cloud_outage",2026-08-22T18:44:26.100,edge_recovered,1,2026-08-22T18:44:32.138,TC07-20260822T184411764715-run7-11dd42,TC07-batch-20260822T184151-4d9be0,TC07,7,5,cloud_outage
cloud,796,v41-TC07-7-6-fb37ab8b,V4.1 TC07 Run 7 Customer 6,"V4.1 test order 6 for end_to_end_recovery_lifecycle, run 7, phase cloud_outage",2026-08-22T18:44:26.502,edge_recovered,1,2026-08-22T18:44:32.497,TC07-20260822T184411764715-run7-11dd42,TC07-batch-20260822T184151-4d9be0,TC07,7,6,cloud_outage
cloud,797,v41-TC07-7-7-e759e570,V4.1 TC07 Run 7 Customer 7,"V4.1 test order 7 for end_to_end_recovery_lifecycle, run 7, phase cloud_outage",2026-08-22T18:44:26.911,edge_recovered,1,2026-08-22T18:44:32.864,TC07-20260822T184411764715-run7-11dd42,TC07-batch-20260822T184151-4d9be0,TC07,7,7,cloud_outage
cloud,798,v41-TC07-7-8-3eb473c5,V4.1 TC07 Run 7 Customer 8,"V4.1 test order 8 for end_to_end_recovery_lifecycle, run 7, phase cloud_outage",2026-08-22T18:44:27.322,edge_recovered,1,2026-08-22T18:44:33.216,TC07-20260822T184411764715-run7-11dd42,TC07-batch-20260822T184151-4d9be0,TC07,7,8,cloud_outage
cloud,799,v41-TC07-7-9-ccafb73b,V4.1 TC07 Run 7 Customer 9,"V4.1 test order 9 for end_to_end_recovery_lifecycle, run 7, phase cloud_outage",2026-08-22T18:44:27.699,edge_recovered,1,2026-08-22T18:44:33.580,TC07-20260822T184411764715-run7-11dd42,TC07-batch-20260822T184151-4d9be0,TC07,7,9,cloud_outage
cloud,800,v41-TC07-7-10-ac853568,V4.1 TC07 Run 7 Customer 10,"V4.1 test order 10 for end_to_end_recovery_lifecycle, run 7, phase cloud_outage",2026-08-22T18:44:28.099,edge_recovered,1,2026-08-22T18:44:33.930,TC07-20260822T184411764715-run7-11dd42,TC07-batch-20260822T184151-4d9be0,TC07,7,10,cloud_outage
cloud,801,v41-TC07-7-1-856869c4,V4.1 TC07 Run 7 Customer 1,"V4.1 test order 1 for end_to_end_recovery_lifecycle, run 7, phase post_recovery_verification",2026-08-22T18:44:34.424,cloud,0,,TC07-20260822T184411764715-run7-11dd42,TC07-batch-20260822T184151-4d9be0,TC07,7,1,post_recovery_verification
cloud,802,v41-TC07-7-2-e21516cf,V4.1 TC07 Run 7 Customer 2,"V4.1 test order 2 for end_to_end_recovery_lifecycle, run 7, phase post_recovery_verification",2026-08-22T18:44:34.812,cloud,0,,TC07-20260822T184411764715-run7-11dd42,TC07-batch-20260822T184151-4d9be0,TC07,7,2,post_recovery_verification
cloud,803,v41-TC07-7-3-5a9c1f1e,V4.1 TC07 Run 7 Customer 3,"V4.1 test order 3 for end_to_end_recovery_lifecycle, run 7, phase post_recovery_verification",2026-08-22T18:44:35.233,cloud,0,,TC07-20260822T184411764715-run7-11dd42,TC07-batch-20260822T184151-4d9be0,TC07,7,3,post_recovery_verification
cloud,804,v41-TC07-7-4-462a21ce,V4.1 TC07 Run 7 Customer 4,"V4.1 test order 4 for end_to_end_recovery_lifecycle, run 7, phase post_recovery_verification",2026-08-22T18:44:35.633,cloud,0,,TC07-20260822T184411764715-run7-11dd42,TC07-batch-20260822T184151-4d9be0,TC07,7,4,post_recovery_verification
cloud,805,v41-TC07-7-5-d2c75da6,V4.1 TC07 Run 7 Customer 5,"V4.1 test order 5 for end_to_end_recovery_lifecycle, run 7, phase post_recovery_verification",2026-08-22T18:44:36.024,cloud,0,,TC07-20260822T184411764715-run7-11dd42,TC07-batch-20260822T184151-4d9be0,TC07,7,5,post_recovery_verification
cloud,806,v41-TC07-7-6-8a84bda7,V4.1 TC07 Run 7 Customer 6,"V4.1 test order 6 for end_to_end_recovery_lifecycle, run 7, phase post_recovery_verification",2026-08-22T18:44:36.544,cloud,0,,TC07-20260822T184411764715-run7-11dd42,TC07-batch-20260822T184151-4d9be0,TC07,7,6,post_recovery_verification
cloud,807,v41-TC07-7-7-1237b48c,V4.1 TC07 Run 7 Customer 7,"V4.1 test order 7 for end_to_end_recovery_lifecycle, run 7, phase post_recovery_verification",2026-08-22T18:44:36.932,cloud,0,,TC07-20260822T184411764715-run7-11dd42,TC07-batch-20260822T184151-4d9be0,TC07,7,7,post_recovery_verification
cloud,808,v41-TC07-7-8-3eca701e,V4.1 TC07 Run 7 Customer 8,"V4.1 test order 8 for end_to_end_recovery_lifecycle, run 7, phase post_recovery_verification",2026-08-22T18:44:37.292,cloud,0,,TC07-20260822T184411764715-run7-11dd42,TC07-batch-20260822T184151-4d9be0,TC07,7,8,post_recovery_verification
cloud,809,v41-TC07-7-9-46f8e17d,V4.1 TC07 Run 7 Customer 9,"V4.1 test order 9 for end_to_end_recovery_lifecycle, run 7, phase post_recovery_verification",2026-08-22T18:44:37.761,cloud,0,,TC07-20260822T184411764715-run7-11dd42,TC07-batch-20260822T184151-4d9be0,TC07,7,9,post_recovery_verification
cloud,810,v41-TC07-7-10-c792b72b,V4.1 TC07 Run 7 Customer 10,"V4.1 test order 10 for end_to_end_recovery_lifecycle, run 7, phase post_recovery_verification",2026-08-22T18:44:38.177,cloud,0,,TC07-20260822T184411764715-run7-11dd42,TC07-batch-20260822T184151-4d9be0,TC07,7,10,post_recovery_verification
cloud,811,v41-TC07-8-1-a6e4871d,V4.1 TC07 Run 8 Customer 1,"V4.1 test order 1 for end_to_end_recovery_lifecycle, run 8, phase normal_baseline",2026-08-22T18:44:39.095,cloud,0,,TC07-20260822T184439061477-run8-9cf9e3,TC07-batch-20260822T184151-4d9be0,TC07,8,1,normal_baseline
cloud,812,v41-TC07-8-2-d4bfaa74,V4.1 TC07 Run 8 Customer 2,"V4.1 test order 2 for end_to_end_recovery_lifecycle, run 8, phase normal_baseline",2026-08-22T18:44:39.622,cloud,0,,TC07-20260822T184439061477-run8-9cf9e3,TC07-batch-20260822T184151-4d9be0,TC07,8,2,normal_baseline
cloud,813,v41-TC07-8-3-dc6060be,V4.1 TC07 Run 8 Customer 3,"V4.1 test order 3 for end_to_end_recovery_lifecycle, run 8, phase normal_baseline",2026-08-22T18:44:40.010,cloud,0,,TC07-20260822T184439061477-run8-9cf9e3,TC07-batch-20260822T184151-4d9be0,TC07,8,3,normal_baseline
cloud,814,v41-TC07-8-4-259ae54b,V4.1 TC07 Run 8 Customer 4,"V4.1 test order 4 for end_to_end_recovery_lifecycle, run 8, phase normal_baseline",2026-08-22T18:44:40.425,cloud,0,,TC07-20260822T184439061477-run8-9cf9e3,TC07-batch-20260822T184151-4d9be0,TC07,8,4,normal_baseline
cloud,815,v41-TC07-8-5-902c5640,V4.1 TC07 Run 8 Customer 5,"V4.1 test order 5 for end_to_end_recovery_lifecycle, run 8, phase normal_baseline",2026-08-22T18:44:40.955,cloud,0,,TC07-20260822T184439061477-run8-9cf9e3,TC07-batch-20260822T184151-4d9be0,TC07,8,5,normal_baseline
cloud,816,v41-TC07-8-6-016b5d83,V4.1 TC07 Run 8 Customer 6,"V4.1 test order 6 for end_to_end_recovery_lifecycle, run 8, phase normal_baseline",2026-08-22T18:44:41.355,cloud,0,,TC07-20260822T184439061477-run8-9cf9e3,TC07-batch-20260822T184151-4d9be0,TC07,8,6,normal_baseline
cloud,817,v41-TC07-8-7-0330827c,V4.1 TC07 Run 8 Customer 7,"V4.1 test order 7 for end_to_end_recovery_lifecycle, run 8, phase normal_baseline",2026-08-22T18:44:41.862,cloud,0,,TC07-20260822T184439061477-run8-9cf9e3,TC07-batch-20260822T184151-4d9be0,TC07,8,7,normal_baseline
cloud,818,v41-TC07-8-8-b35ad792,V4.1 TC07 Run 8 Customer 8,"V4.1 test order 8 for end_to_end_recovery_lifecycle, run 8, phase normal_baseline",2026-08-22T18:44:42.255,cloud,0,,TC07-20260822T184439061477-run8-9cf9e3,TC07-batch-20260822T184151-4d9be0,TC07,8,8,normal_baseline
cloud,819,v41-TC07-8-9-3da91a2a,V4.1 TC07 Run 8 Customer 9,"V4.1 test order 9 for end_to_end_recovery_lifecycle, run 8, phase normal_baseline",2026-08-22T18:44:42.691,cloud,0,,TC07-20260822T184439061477-run8-9cf9e3,TC07-batch-20260822T184151-4d9be0,TC07,8,9,normal_baseline
cloud,820,v41-TC07-8-10-d3f1e98d,V4.1 TC07 Run 8 Customer 10,"V4.1 test order 10 for end_to_end_recovery_lifecycle, run 8, phase normal_baseline",2026-08-22T18:44:43.189,cloud,0,,TC07-20260822T184439061477-run8-9cf9e3,TC07-batch-20260822T184151-4d9be0,TC07,8,10,normal_baseline
cloud,821,v41-TC07-8-1-d260cafa,V4.1 TC07 Run 8 Customer 1,"V4.1 test order 1 for end_to_end_recovery_lifecycle, run 8, phase cloud_outage",2026-08-22T18:44:44.359,edge_recovered,1,2026-08-22T18:44:53.724,TC07-20260822T184439061477-run8-9cf9e3,TC07-batch-20260822T184151-4d9be0,TC07,8,1,cloud_outage
cloud,822,v41-TC07-8-2-065a7fdb,V4.1 TC07 Run 8 Customer 2,"V4.1 test order 2 for end_to_end_recovery_lifecycle, run 8, phase cloud_outage",2026-08-22T18:44:46.857,edge_recovered,1,2026-08-22T18:44:54.139,TC07-20260822T184439061477-run8-9cf9e3,TC07-batch-20260822T184151-4d9be0,TC07,8,2,cloud_outage
cloud,823,v41-TC07-8-3-a9c4702e,V4.1 TC07 Run 8 Customer 3,"V4.1 test order 3 for end_to_end_recovery_lifecycle, run 8, phase cloud_outage",2026-08-22T18:44:47.268,edge_recovered,1,2026-08-22T18:44:54.627,TC07-20260822T184439061477-run8-9cf9e3,TC07-batch-20260822T184151-4d9be0,TC07,8,3,cloud_outage
cloud,824,v41-TC07-8-4-8db2fb59,V4.1 TC07 Run 8 Customer 4,"V4.1 test order 4 for end_to_end_recovery_lifecycle, run 8, phase cloud_outage",2026-08-22T18:44:47.681,edge_recovered,1,2026-08-22T18:44:55.024,TC07-20260822T184439061477-run8-9cf9e3,TC07-batch-20260822T184151-4d9be0,TC07,8,4,cloud_outage
cloud,825,v41-TC07-8-5-cd5173bd,V4.1 TC07 Run 8 Customer 5,"V4.1 test order 5 for end_to_end_recovery_lifecycle, run 8, phase cloud_outage",2026-08-22T18:44:48.189,edge_recovered,1,2026-08-22T18:44:55.386,TC07-20260822T184439061477-run8-9cf9e3,TC07-batch-20260822T184151-4d9be0,TC07,8,5,cloud_outage
cloud,826,v41-TC07-8-6-e5fa03e2,V4.1 TC07 Run 8 Customer 6,"V4.1 test order 6 for end_to_end_recovery_lifecycle, run 8, phase cloud_outage",2026-08-22T18:44:48.566,edge_recovered,1,2026-08-22T18:44:55.806,TC07-20260822T184439061477-run8-9cf9e3,TC07-batch-20260822T184151-4d9be0,TC07,8,6,cloud_outage
cloud,827,v41-TC07-8-7-0bbac46d,V4.1 TC07 Run 8 Customer 7,"V4.1 test order 7 for end_to_end_recovery_lifecycle, run 8, phase cloud_outage",2026-08-22T18:44:48.986,edge_recovered,1,2026-08-22T18:44:56.197,TC07-20260822T184439061477-run8-9cf9e3,TC07-batch-20260822T184151-4d9be0,TC07,8,7,cloud_outage
cloud,828,v41-TC07-8-8-55edecac,V4.1 TC07 Run 8 Customer 8,"V4.1 test order 8 for end_to_end_recovery_lifecycle, run 8, phase cloud_outage",2026-08-22T18:44:49.483,edge_recovered,1,2026-08-22T18:44:56.659,TC07-20260822T184439061477-run8-9cf9e3,TC07-batch-20260822T184151-4d9be0,TC07,8,8,cloud_outage
cloud,829,v41-TC07-8-9-953188f1,V4.1 TC07 Run 8 Customer 9,"V4.1 test order 9 for end_to_end_recovery_lifecycle, run 8, phase cloud_outage",2026-08-22T18:44:50.041,edge_recovered,1,2026-08-22T18:44:57.019,TC07-20260822T184439061477-run8-9cf9e3,TC07-batch-20260822T184151-4d9be0,TC07,8,9,cloud_outage
cloud,830,v41-TC07-8-10-76a85b9b,V4.1 TC07 Run 8 Customer 10,"V4.1 test order 10 for end_to_end_recovery_lifecycle, run 8, phase cloud_outage",2026-08-22T18:44:50.525,edge_recovered,1,2026-08-22T18:44:57.369,TC07-20260822T184439061477-run8-9cf9e3,TC07-batch-20260822T184151-4d9be0,TC07,8,10,cloud_outage
cloud,831,v41-TC07-8-1-7de0d904,V4.1 TC07 Run 8 Customer 1,"V4.1 test order 1 for end_to_end_recovery_lifecycle, run 8, phase post_recovery_verification",2026-08-22T18:44:58.066,cloud,0,,TC07-20260822T184439061477-run8-9cf9e3,TC07-batch-20260822T184151-4d9be0,TC07,8,1,post_recovery_verification
cloud,832,v41-TC07-8-2-9ddcf8cd,V4.1 TC07 Run 8 Customer 2,"V4.1 test order 2 for end_to_end_recovery_lifecycle, run 8, phase post_recovery_verification",2026-08-22T18:44:58.480,cloud,0,,TC07-20260822T184439061477-run8-9cf9e3,TC07-batch-20260822T184151-4d9be0,TC07,8,2,post_recovery_verification
cloud,833,v41-TC07-8-3-90a4c781,V4.1 TC07 Run 8 Customer 3,"V4.1 test order 3 for end_to_end_recovery_lifecycle, run 8, phase post_recovery_verification",2026-08-22T18:44:58.886,cloud,0,,TC07-20260822T184439061477-run8-9cf9e3,TC07-batch-20260822T184151-4d9be0,TC07,8,3,post_recovery_verification
cloud,834,v41-TC07-8-4-8b4f4e30,V4.1 TC07 Run 8 Customer 4,"V4.1 test order 4 for end_to_end_recovery_lifecycle, run 8, phase post_recovery_verification",2026-08-22T18:44:59.301,cloud,0,,TC07-20260822T184439061477-run8-9cf9e3,TC07-batch-20260822T184151-4d9be0,TC07,8,4,post_recovery_verification
cloud,835,v41-TC07-8-5-dae36707,V4.1 TC07 Run 8 Customer 5,"V4.1 test order 5 for end_to_end_recovery_lifecycle, run 8, phase post_recovery_verification",2026-08-22T18:44:59.691,cloud,0,,TC07-20260822T184439061477-run8-9cf9e3,TC07-batch-20260822T184151-4d9be0,TC07,8,5,post_recovery_verification
cloud,836,v41-TC07-8-6-a7d70da0,V4.1 TC07 Run 8 Customer 6,"V4.1 test order 6 for end_to_end_recovery_lifecycle, run 8, phase post_recovery_verification",2026-08-22T18:45:00.129,cloud,0,,TC07-20260822T184439061477-run8-9cf9e3,TC07-batch-20260822T184151-4d9be0,TC07,8,6,post_recovery_verification
cloud,837,v41-TC07-8-7-5af9d56b,V4.1 TC07 Run 8 Customer 7,"V4.1 test order 7 for end_to_end_recovery_lifecycle, run 8, phase post_recovery_verification",2026-08-22T18:45:00.737,cloud,0,,TC07-20260822T184439061477-run8-9cf9e3,TC07-batch-20260822T184151-4d9be0,TC07,8,7,post_recovery_verification
cloud,838,v41-TC07-8-8-9434b6f6,V4.1 TC07 Run 8 Customer 8,"V4.1 test order 8 for end_to_end_recovery_lifecycle, run 8, phase post_recovery_verification",2026-08-22T18:45:01.159,cloud,0,,TC07-20260822T184439061477-run8-9cf9e3,TC07-batch-20260822T184151-4d9be0,TC07,8,8,post_recovery_verification
cloud,839,v41-TC07-8-9-bfa14af3,V4.1 TC07 Run 8 Customer 9,"V4.1 test order 9 for end_to_end_recovery_lifecycle, run 8, phase post_recovery_verification",2026-08-22T18:45:01.612,cloud,0,,TC07-20260822T184439061477-run8-9cf9e3,TC07-batch-20260822T184151-4d9be0,TC07,8,9,post_recovery_verification
cloud,840,v41-TC07-8-10-52e85e92,V4.1 TC07 Run 8 Customer 10,"V4.1 test order 10 for end_to_end_recovery_lifecycle, run 8, phase post_recovery_verification",2026-08-22T18:45:02.036,cloud,0,,TC07-20260822T184439061477-run8-9cf9e3,TC07-batch-20260822T184151-4d9be0,TC07,8,10,post_recovery_verification
cloud,841,v41-TC07-9-1-7acfcfe4,V4.1 TC07 Run 9 Customer 1,"V4.1 test order 1 for end_to_end_recovery_lifecycle, run 9, phase normal_baseline",2026-08-22T18:45:02.903,cloud,0,,TC07-20260822T184502878370-run9-27309f,TC07-batch-20260822T184151-4d9be0,TC07,9,1,normal_baseline
cloud,842,v41-TC07-9-2-76cdd626,V4.1 TC07 Run 9 Customer 2,"V4.1 test order 2 for end_to_end_recovery_lifecycle, run 9, phase normal_baseline",2026-08-22T18:45:03.289,cloud,0,,TC07-20260822T184502878370-run9-27309f,TC07-batch-20260822T184151-4d9be0,TC07,9,2,normal_baseline
cloud,843,v41-TC07-9-3-64d2d5e0,V4.1 TC07 Run 9 Customer 3,"V4.1 test order 3 for end_to_end_recovery_lifecycle, run 9, phase normal_baseline",2026-08-22T18:45:03.707,cloud,0,,TC07-20260822T184502878370-run9-27309f,TC07-batch-20260822T184151-4d9be0,TC07,9,3,normal_baseline
cloud,844,v41-TC07-9-4-9b7b9bd4,V4.1 TC07 Run 9 Customer 4,"V4.1 test order 4 for end_to_end_recovery_lifecycle, run 9, phase normal_baseline",2026-08-22T18:45:04.125,cloud,0,,TC07-20260822T184502878370-run9-27309f,TC07-batch-20260822T184151-4d9be0,TC07,9,4,normal_baseline
cloud,845,v41-TC07-9-5-ce5c295b,V4.1 TC07 Run 9 Customer 5,"V4.1 test order 5 for end_to_end_recovery_lifecycle, run 9, phase normal_baseline",2026-08-22T18:45:04.534,cloud,0,,TC07-20260822T184502878370-run9-27309f,TC07-batch-20260822T184151-4d9be0,TC07,9,5,normal_baseline
cloud,846,v41-TC07-9-6-f9c35c15,V4.1 TC07 Run 9 Customer 6,"V4.1 test order 6 for end_to_end_recovery_lifecycle, run 9, phase normal_baseline",2026-08-22T18:45:05.052,cloud,0,,TC07-20260822T184502878370-run9-27309f,TC07-batch-20260822T184151-4d9be0,TC07,9,6,normal_baseline
cloud,847,v41-TC07-9-7-d8b148a4,V4.1 TC07 Run 9 Customer 7,"V4.1 test order 7 for end_to_end_recovery_lifecycle, run 9, phase normal_baseline",2026-08-22T18:45:05.478,cloud,0,,TC07-20260822T184502878370-run9-27309f,TC07-batch-20260822T184151-4d9be0,TC07,9,7,normal_baseline
cloud,848,v41-TC07-9-8-8b3d1a6b,V4.1 TC07 Run 9 Customer 8,"V4.1 test order 8 for end_to_end_recovery_lifecycle, run 9, phase normal_baseline",2026-08-22T18:45:05.889,cloud,0,,TC07-20260822T184502878370-run9-27309f,TC07-batch-20260822T184151-4d9be0,TC07,9,8,normal_baseline
cloud,849,v41-TC07-9-9-f10f17f1,V4.1 TC07 Run 9 Customer 9,"V4.1 test order 9 for end_to_end_recovery_lifecycle, run 9, phase normal_baseline",2026-08-22T18:45:06.357,cloud,0,,TC07-20260822T184502878370-run9-27309f,TC07-batch-20260822T184151-4d9be0,TC07,9,9,normal_baseline
cloud,850,v41-TC07-9-10-4e4db371,V4.1 TC07 Run 9 Customer 10,"V4.1 test order 10 for end_to_end_recovery_lifecycle, run 9, phase normal_baseline",2026-08-22T18:45:06.768,cloud,0,,TC07-20260822T184502878370-run9-27309f,TC07-batch-20260822T184151-4d9be0,TC07,9,10,normal_baseline
cloud,851,v41-TC07-9-1-9d07dbda,V4.1 TC07 Run 9 Customer 1,"V4.1 test order 1 for end_to_end_recovery_lifecycle, run 9, phase cloud_outage",2026-08-22T18:45:07.775,edge_recovered,1,2026-08-22T18:45:17.281,TC07-20260822T184502878370-run9-27309f,TC07-batch-20260822T184151-4d9be0,TC07,9,1,cloud_outage
cloud,852,v41-TC07-9-2-cd82010b,V4.1 TC07 Run 9 Customer 2,"V4.1 test order 2 for end_to_end_recovery_lifecycle, run 9, phase cloud_outage",2026-08-22T18:45:10.334,edge_recovered,1,2026-08-22T18:45:17.749,TC07-20260822T184502878370-run9-27309f,TC07-batch-20260822T184151-4d9be0,TC07,9,2,cloud_outage
cloud,853,v41-TC07-9-3-119598a8,V4.1 TC07 Run 9 Customer 3,"V4.1 test order 3 for end_to_end_recovery_lifecycle, run 9, phase cloud_outage",2026-08-22T18:45:10.766,edge_recovered,1,2026-08-22T18:45:18.155,TC07-20260822T184502878370-run9-27309f,TC07-batch-20260822T184151-4d9be0,TC07,9,3,cloud_outage
cloud,854,v41-TC07-9-4-3e9bc46f,V4.1 TC07 Run 9 Customer 4,"V4.1 test order 4 for end_to_end_recovery_lifecycle, run 9, phase cloud_outage",2026-08-22T18:45:11.309,edge_recovered,1,2026-08-22T18:45:18.622,TC07-20260822T184502878370-run9-27309f,TC07-batch-20260822T184151-4d9be0,TC07,9,4,cloud_outage
cloud,855,v41-TC07-9-5-63876468,V4.1 TC07 Run 9 Customer 5,"V4.1 test order 5 for end_to_end_recovery_lifecycle, run 9, phase cloud_outage",2026-08-22T18:45:11.736,edge_recovered,1,2026-08-22T18:45:19.123,TC07-20260822T184502878370-run9-27309f,TC07-batch-20260822T184151-4d9be0,TC07,9,5,cloud_outage
cloud,856,v41-TC07-9-6-6d196dec,V4.1 TC07 Run 9 Customer 6,"V4.1 test order 6 for end_to_end_recovery_lifecycle, run 9, phase cloud_outage",2026-08-22T18:45:12.133,edge_recovered,1,2026-08-22T18:45:19.537,TC07-20260822T184502878370-run9-27309f,TC07-batch-20260822T184151-4d9be0,TC07,9,6,cloud_outage
cloud,857,v41-TC07-9-7-0ff26b41,V4.1 TC07 Run 9 Customer 7,"V4.1 test order 7 for end_to_end_recovery_lifecycle, run 9, phase cloud_outage",2026-08-22T18:45:12.647,edge_recovered,1,2026-08-22T18:45:19.953,TC07-20260822T184502878370-run9-27309f,TC07-batch-20260822T184151-4d9be0,TC07,9,7,cloud_outage
cloud,858,v41-TC07-9-8-b27041af,V4.1 TC07 Run 9 Customer 8,"V4.1 test order 8 for end_to_end_recovery_lifecycle, run 9, phase cloud_outage",2026-08-22T18:45:13.046,edge_recovered,1,2026-08-22T18:45:20.358,TC07-20260822T184502878370-run9-27309f,TC07-batch-20260822T184151-4d9be0,TC07,9,8,cloud_outage
cloud,859,v41-TC07-9-9-31654321,V4.1 TC07 Run 9 Customer 9,"V4.1 test order 9 for end_to_end_recovery_lifecycle, run 9, phase cloud_outage",2026-08-22T18:45:13.451,edge_recovered,1,2026-08-22T18:45:20.754,TC07-20260822T184502878370-run9-27309f,TC07-batch-20260822T184151-4d9be0,TC07,9,9,cloud_outage
cloud,860,v41-TC07-9-10-bd86a5d6,V4.1 TC07 Run 9 Customer 10,"V4.1 test order 10 for end_to_end_recovery_lifecycle, run 9, phase cloud_outage",2026-08-22T18:45:13.994,edge_recovered,1,2026-08-22T18:45:21.168,TC07-20260822T184502878370-run9-27309f,TC07-batch-20260822T184151-4d9be0,TC07,9,10,cloud_outage
cloud,861,v41-TC07-9-1-51bb9858,V4.1 TC07 Run 9 Customer 1,"V4.1 test order 1 for end_to_end_recovery_lifecycle, run 9, phase post_recovery_verification",2026-08-22T18:45:21.789,cloud,0,,TC07-20260822T184502878370-run9-27309f,TC07-batch-20260822T184151-4d9be0,TC07,9,1,post_recovery_verification
cloud,862,v41-TC07-9-2-ea2d07b6,V4.1 TC07 Run 9 Customer 2,"V4.1 test order 2 for end_to_end_recovery_lifecycle, run 9, phase post_recovery_verification",2026-08-22T18:45:22.207,cloud,0,,TC07-20260822T184502878370-run9-27309f,TC07-batch-20260822T184151-4d9be0,TC07,9,2,post_recovery_verification
cloud,863,v41-TC07-9-3-9a469665,V4.1 TC07 Run 9 Customer 3,"V4.1 test order 3 for end_to_end_recovery_lifecycle, run 9, phase post_recovery_verification",2026-08-22T18:45:22.635,cloud,0,,TC07-20260822T184502878370-run9-27309f,TC07-batch-20260822T184151-4d9be0,TC07,9,3,post_recovery_verification
cloud,864,v41-TC07-9-4-1dc962de,V4.1 TC07 Run 9 Customer 4,"V4.1 test order 4 for end_to_end_recovery_lifecycle, run 9, phase post_recovery_verification",2026-08-22T18:45:23.036,cloud,0,,TC07-20260822T184502878370-run9-27309f,TC07-batch-20260822T184151-4d9be0,TC07,9,4,post_recovery_verification
cloud,865,v41-TC07-9-5-6b574da8,V4.1 TC07 Run 9 Customer 5,"V4.1 test order 5 for end_to_end_recovery_lifecycle, run 9, phase post_recovery_verification",2026-08-22T18:45:23.447,cloud,0,,TC07-20260822T184502878370-run9-27309f,TC07-batch-20260822T184151-4d9be0,TC07,9,5,post_recovery_verification
cloud,866,v41-TC07-9-6-efcc30dd,V4.1 TC07 Run 9 Customer 6,"V4.1 test order 6 for end_to_end_recovery_lifecycle, run 9, phase post_recovery_verification",2026-08-22T18:45:23.880,cloud,0,,TC07-20260822T184502878370-run9-27309f,TC07-batch-20260822T184151-4d9be0,TC07,9,6,post_recovery_verification
cloud,867,v41-TC07-9-7-b83df8ca,V4.1 TC07 Run 9 Customer 7,"V4.1 test order 7 for end_to_end_recovery_lifecycle, run 9, phase post_recovery_verification",2026-08-22T18:45:24.301,cloud,0,,TC07-20260822T184502878370-run9-27309f,TC07-batch-20260822T184151-4d9be0,TC07,9,7,post_recovery_verification
cloud,868,v41-TC07-9-8-d8c20d98,V4.1 TC07 Run 9 Customer 8,"V4.1 test order 8 for end_to_end_recovery_lifecycle, run 9, phase post_recovery_verification",2026-08-22T18:45:24.733,cloud,0,,TC07-20260822T184502878370-run9-27309f,TC07-batch-20260822T184151-4d9be0,TC07,9,8,post_recovery_verification
cloud,869,v41-TC07-9-9-a471cd59,V4.1 TC07 Run 9 Customer 9,"V4.1 test order 9 for end_to_end_recovery_lifecycle, run 9, phase post_recovery_verification",2026-08-22T18:45:25.149,cloud,0,,TC07-20260822T184502878370-run9-27309f,TC07-batch-20260822T184151-4d9be0,TC07,9,9,post_recovery_verification
cloud,870,v41-TC07-9-10-2aa4f2a9,V4.1 TC07 Run 9 Customer 10,"V4.1 test order 10 for end_to_end_recovery_lifecycle, run 9, phase post_recovery_verification",2026-08-22T18:45:25.667,cloud,0,,TC07-20260822T184502878370-run9-27309f,TC07-batch-20260822T184151-4d9be0,TC07,9,10,post_recovery_verification
cloud,871,v41-TC07-10-1-6aa207cc,V4.1 TC07 Run 10 Customer 1,"V4.1 test order 1 for end_to_end_recovery_lifecycle, run 10, phase normal_baseline",2026-08-22T18:45:26.578,cloud,0,,TC07-20260822T184526556295-run10-69bf45,TC07-batch-20260822T184151-4d9be0,TC07,10,1,normal_baseline
cloud,872,v41-TC07-10-2-f9128e46,V4.1 TC07 Run 10 Customer 2,"V4.1 test order 2 for end_to_end_recovery_lifecycle, run 10, phase normal_baseline",2026-08-22T18:45:27.046,cloud,0,,TC07-20260822T184526556295-run10-69bf45,TC07-batch-20260822T184151-4d9be0,TC07,10,2,normal_baseline
cloud,873,v41-TC07-10-3-8c2e7749,V4.1 TC07 Run 10 Customer 3,"V4.1 test order 3 for end_to_end_recovery_lifecycle, run 10, phase normal_baseline",2026-08-22T18:45:27.471,cloud,0,,TC07-20260822T184526556295-run10-69bf45,TC07-batch-20260822T184151-4d9be0,TC07,10,3,normal_baseline
cloud,874,v41-TC07-10-4-7b9f8f12,V4.1 TC07 Run 10 Customer 4,"V4.1 test order 4 for end_to_end_recovery_lifecycle, run 10, phase normal_baseline",2026-08-22T18:45:29.125,cloud,0,,TC07-20260822T184526556295-run10-69bf45,TC07-batch-20260822T184151-4d9be0,TC07,10,4,normal_baseline
cloud,875,v41-TC07-10-5-b55ca74e,V4.1 TC07 Run 10 Customer 5,"V4.1 test order 5 for end_to_end_recovery_lifecycle, run 10, phase normal_baseline",2026-08-22T18:45:29.577,cloud,0,,TC07-20260822T184526556295-run10-69bf45,TC07-batch-20260822T184151-4d9be0,TC07,10,5,normal_baseline
cloud,876,v41-TC07-10-6-c7a223f8,V4.1 TC07 Run 10 Customer 6,"V4.1 test order 6 for end_to_end_recovery_lifecycle, run 10, phase normal_baseline",2026-08-22T18:45:30.013,cloud,0,,TC07-20260822T184526556295-run10-69bf45,TC07-batch-20260822T184151-4d9be0,TC07,10,6,normal_baseline
cloud,877,v41-TC07-10-7-bc8218b5,V4.1 TC07 Run 10 Customer 7,"V4.1 test order 7 for end_to_end_recovery_lifecycle, run 10, phase normal_baseline",2026-08-22T18:45:30.435,cloud,0,,TC07-20260822T184526556295-run10-69bf45,TC07-batch-20260822T184151-4d9be0,TC07,10,7,normal_baseline
cloud,878,v41-TC07-10-8-41e921cf,V4.1 TC07 Run 10 Customer 8,"V4.1 test order 8 for end_to_end_recovery_lifecycle, run 10, phase normal_baseline",2026-08-22T18:45:30.853,cloud,0,,TC07-20260822T184526556295-run10-69bf45,TC07-batch-20260822T184151-4d9be0,TC07,10,8,normal_baseline
cloud,879,v41-TC07-10-9-23c84a77,V4.1 TC07 Run 10 Customer 9,"V4.1 test order 9 for end_to_end_recovery_lifecycle, run 10, phase normal_baseline",2026-08-22T18:45:31.238,cloud,0,,TC07-20260822T184526556295-run10-69bf45,TC07-batch-20260822T184151-4d9be0,TC07,10,9,normal_baseline
cloud,880,v41-TC07-10-10-999c8b05,V4.1 TC07 Run 10 Customer 10,"V4.1 test order 10 for end_to_end_recovery_lifecycle, run 10, phase normal_baseline",2026-08-22T18:45:31.669,cloud,0,,TC07-20260822T184526556295-run10-69bf45,TC07-batch-20260822T184151-4d9be0,TC07,10,10,normal_baseline
cloud,881,v41-TC07-10-1-00442695,V4.1 TC07 Run 10 Customer 1,"V4.1 test order 1 for end_to_end_recovery_lifecycle, run 10, phase cloud_outage",2026-08-22T18:45:32.946,edge_recovered,1,2026-08-22T18:45:41.831,TC07-20260822T184526556295-run10-69bf45,TC07-batch-20260822T184151-4d9be0,TC07,10,1,cloud_outage
cloud,882,v41-TC07-10-2-4a11b6d3,V4.1 TC07 Run 10 Customer 2,"V4.1 test order 2 for end_to_end_recovery_lifecycle, run 10, phase cloud_outage",2026-08-22T18:45:35.383,edge_recovered,1,2026-08-22T18:45:42.218,TC07-20260822T184526556295-run10-69bf45,TC07-batch-20260822T184151-4d9be0,TC07,10,2,cloud_outage
cloud,883,v41-TC07-10-3-f6860b6a,V4.1 TC07 Run 10 Customer 3,"V4.1 test order 3 for end_to_end_recovery_lifecycle, run 10, phase cloud_outage",2026-08-22T18:45:35.806,edge_recovered,1,2026-08-22T18:45:42.597,TC07-20260822T184526556295-run10-69bf45,TC07-batch-20260822T184151-4d9be0,TC07,10,3,cloud_outage
cloud,884,v41-TC07-10-4-cb8cfbad,V4.1 TC07 Run 10 Customer 4,"V4.1 test order 4 for end_to_end_recovery_lifecycle, run 10, phase cloud_outage",2026-08-22T18:45:36.238,edge_recovered,1,2026-08-22T18:45:43.013,TC07-20260822T184526556295-run10-69bf45,TC07-batch-20260822T184151-4d9be0,TC07,10,4,cloud_outage
cloud,885,v41-TC07-10-5-441dfd46,V4.1 TC07 Run 10 Customer 5,"V4.1 test order 5 for end_to_end_recovery_lifecycle, run 10, phase cloud_outage",2026-08-22T18:45:36.647,edge_recovered,1,2026-08-22T18:45:43.366,TC07-20260822T184526556295-run10-69bf45,TC07-batch-20260822T184151-4d9be0,TC07,10,5,cloud_outage
cloud,886,v41-TC07-10-6-472c6828,V4.1 TC07 Run 10 Customer 6,"V4.1 test order 6 for end_to_end_recovery_lifecycle, run 10, phase cloud_outage",2026-08-22T18:45:37.057,edge_recovered,1,2026-08-22T18:45:43.708,TC07-20260822T184526556295-run10-69bf45,TC07-batch-20260822T184151-4d9be0,TC07,10,6,cloud_outage
cloud,887,v41-TC07-10-7-e6e0341a,V4.1 TC07 Run 10 Customer 7,"V4.1 test order 7 for end_to_end_recovery_lifecycle, run 10, phase cloud_outage",2026-08-22T18:45:37.424,edge_recovered,1,2026-08-22T18:45:44.095,TC07-20260822T184526556295-run10-69bf45,TC07-batch-20260822T184151-4d9be0,TC07,10,7,cloud_outage
cloud,888,v41-TC07-10-8-5ea30f68,V4.1 TC07 Run 10 Customer 8,"V4.1 test order 8 for end_to_end_recovery_lifecycle, run 10, phase cloud_outage",2026-08-22T18:45:37.824,edge_recovered,1,2026-08-22T18:45:44.464,TC07-20260822T184526556295-run10-69bf45,TC07-batch-20260822T184151-4d9be0,TC07,10,8,cloud_outage
cloud,889,v41-TC07-10-9-b672b1f1,V4.1 TC07 Run 10 Customer 9,"V4.1 test order 9 for end_to_end_recovery_lifecycle, run 10, phase cloud_outage",2026-08-22T18:45:38.252,edge_recovered,1,2026-08-22T18:45:44.808,TC07-20260822T184526556295-run10-69bf45,TC07-batch-20260822T184151-4d9be0,TC07,10,9,cloud_outage
cloud,890,v41-TC07-10-10-5fcd568f,V4.1 TC07 Run 10 Customer 10,"V4.1 test order 10 for end_to_end_recovery_lifecycle, run 10, phase cloud_outage",2026-08-22T18:45:38.660,edge_recovered,1,2026-08-22T18:45:45.174,TC07-20260822T184526556295-run10-69bf45,TC07-batch-20260822T184151-4d9be0,TC07,10,10,cloud_outage
cloud,891,v41-TC07-10-1-e581e752,V4.1 TC07 Run 10 Customer 1,"V4.1 test order 1 for end_to_end_recovery_lifecycle, run 10, phase post_recovery_verification",2026-08-22T18:45:45.640,cloud,0,,TC07-20260822T184526556295-run10-69bf45,TC07-batch-20260822T184151-4d9be0,TC07,10,1,post_recovery_verification
cloud,892,v41-TC07-10-2-5ba54449,V4.1 TC07 Run 10 Customer 2,"V4.1 test order 2 for end_to_end_recovery_lifecycle, run 10, phase post_recovery_verification",2026-08-22T18:45:46.013,cloud,0,,TC07-20260822T184526556295-run10-69bf45,TC07-batch-20260822T184151-4d9be0,TC07,10,2,post_recovery_verification
cloud,893,v41-TC07-10-3-34fbadb4,V4.1 TC07 Run 10 Customer 3,"V4.1 test order 3 for end_to_end_recovery_lifecycle, run 10, phase post_recovery_verification",2026-08-22T18:45:46.407,cloud,0,,TC07-20260822T184526556295-run10-69bf45,TC07-batch-20260822T184151-4d9be0,TC07,10,3,post_recovery_verification
cloud,894,v41-TC07-10-4-705338d9,V4.1 TC07 Run 10 Customer 4,"V4.1 test order 4 for end_to_end_recovery_lifecycle, run 10, phase post_recovery_verification",2026-08-22T18:45:46.803,cloud,0,,TC07-20260822T184526556295-run10-69bf45,TC07-batch-20260822T184151-4d9be0,TC07,10,4,post_recovery_verification
cloud,895,v41-TC07-10-5-21566d4a,V4.1 TC07 Run 10 Customer 5,"V4.1 test order 5 for end_to_end_recovery_lifecycle, run 10, phase post_recovery_verification",2026-08-22T18:45:47.191,cloud,0,,TC07-20260822T184526556295-run10-69bf45,TC07-batch-20260822T184151-4d9be0,TC07,10,5,post_recovery_verification
cloud,896,v41-TC07-10-6-9c393f81,V4.1 TC07 Run 10 Customer 6,"V4.1 test order 6 for end_to_end_recovery_lifecycle, run 10, phase post_recovery_verification",2026-08-22T18:45:47.585,cloud,0,,TC07-20260822T184526556295-run10-69bf45,TC07-batch-20260822T184151-4d9be0,TC07,10,6,post_recovery_verification
cloud,897,v41-TC07-10-7-3e496857,V4.1 TC07 Run 10 Customer 7,"V4.1 test order 7 for end_to_end_recovery_lifecycle, run 10, phase post_recovery_verification",2026-08-22T18:45:47.956,cloud,0,,TC07-20260822T184526556295-run10-69bf45,TC07-batch-20260822T184151-4d9be0,TC07,10,7,post_recovery_verification
cloud,898,v41-TC07-10-8-65187cc8,V4.1 TC07 Run 10 Customer 8,"V4.1 test order 8 for end_to_end_recovery_lifecycle, run 10, phase post_recovery_verification",2026-08-22T18:45:48.347,cloud,0,,TC07-20260822T184526556295-run10-69bf45,TC07-batch-20260822T184151-4d9be0,TC07,10,8,post_recovery_verification
cloud,899,v41-TC07-10-9-ca32e640,V4.1 TC07 Run 10 Customer 9,"V4.1 test order 9 for end_to_end_recovery_lifecycle, run 10, phase post_recovery_verification",2026-08-22T18:45:48.747,cloud,0,,TC07-20260822T184526556295-run10-69bf45,TC07-batch-20260822T184151-4d9be0,TC07,10,9,post_recovery_verification
cloud,900,v41-TC07-10-10-7dca3bf7,V4.1 TC07 Run 10 Customer 10,"V4.1 test order 10 for end_to_end_recovery_lifecycle, run 10, phase post_recovery_verification",2026-08-22T18:45:49.214,cloud,0,,TC07-20260822T184526556295-run10-69bf45,TC07-batch-20260822T184151-4d9be0,TC07,10,10,post_recovery_verification
