database,id,client_order_id,customer_name,order_details,created_at,source,pending_cloud_sync,synced_to_cloud_at,experiment_id,batch_id,test_case_id,run_id,request_number,phase
edge,1,v41-TC02-1-1-c7fb0e0a,V4.1 TC02 Run 1 Customer 1,"V4.1 test order 1 for cloud_failure_with_stateful_edge_failover, run 1, phase workload",2026-08-22T18:08:30.828,edge,0,2026-08-22T18:39:08.766,TC02-20260822T180830806173-run1-23c40b,TC02-batch-20260822T180830-a18476,TC02,1,1,workload
edge,2,v41-TC02-1-2-11b995bd,V4.1 TC02 Run 1 Customer 2,"V4.1 test order 2 for cloud_failure_with_stateful_edge_failover, run 1, phase workload",2026-08-22T18:08:33.259,edge,0,2026-08-22T18:39:09.163,TC02-20260822T180830806173-run1-23c40b,TC02-batch-20260822T180830-a18476,TC02,1,2,workload
edge,3,v41-TC02-1-3-85e004bf,V4.1 TC02 Run 1 Customer 3,"V4.1 test order 3 for cloud_failure_with_stateful_edge_failover, run 1, phase workload",2026-08-22T18:08:33.800,edge,0,2026-08-22T18:39:09.536,TC02-20260822T180830806173-run1-23c40b,TC02-batch-20260822T180830-a18476,TC02,1,3,workload
edge,4,v41-TC02-1-4-4cab05fe,V4.1 TC02 Run 1 Customer 4,"V4.1 test order 4 for cloud_failure_with_stateful_edge_failover, run 1, phase workload",2026-08-22T18:08:34.182,edge,0,2026-08-22T18:39:09.928,TC02-20260822T180830806173-run1-23c40b,TC02-batch-20260822T180830-a18476,TC02,1,4,workload
edge,5,v41-TC02-1-5-5894e404,V4.1 TC02 Run 1 Customer 5,"V4.1 test order 5 for cloud_failure_with_stateful_edge_failover, run 1, phase workload",2026-08-22T18:08:34.577,edge,0,2026-08-22T18:39:10.292,TC02-20260822T180830806173-run1-23c40b,TC02-batch-20260822T180830-a18476,TC02,1,5,workload
edge,6,v41-TC02-1-6-918384b9,V4.1 TC02 Run 1 Customer 6,"V4.1 test order 6 for cloud_failure_with_stateful_edge_failover, run 1, phase workload",2026-08-22T18:08:35.078,edge,0,2026-08-22T18:39:10.832,TC02-20260822T180830806173-run1-23c40b,TC02-batch-20260822T180830-a18476,TC02,1,6,workload
edge,7,v41-TC02-1-7-d1917717,V4.1 TC02 Run 1 Customer 7,"V4.1 test order 7 for cloud_failure_with_stateful_edge_failover, run 1, phase workload",2026-08-22T18:08:35.454,edge,0,2026-08-22T18:39:11.216,TC02-20260822T180830806173-run1-23c40b,TC02-batch-20260822T180830-a18476,TC02,1,7,workload
edge,8,v41-TC02-1-8-dbf20b43,V4.1 TC02 Run 1 Customer 8,"V4.1 test order 8 for cloud_failure_with_stateful_edge_failover, run 1, phase workload",2026-08-22T18:08:35.821,edge,0,2026-08-22T18:39:11.583,TC02-20260822T180830806173-run1-23c40b,TC02-batch-20260822T180830-a18476,TC02,1,8,workload
edge,9,v41-TC02-1-9-83cfa2d2,V4.1 TC02 Run 1 Customer 9,"V4.1 test order 9 for cloud_failure_with_stateful_edge_failover, run 1, phase workload",2026-08-22T18:08:36.348,edge,0,2026-08-22T18:39:11.938,TC02-20260822T180830806173-run1-23c40b,TC02-batch-20260822T180830-a18476,TC02,1,9,workload
edge,10,v41-TC02-1-10-8bef7205,V4.1 TC02 Run 1 Customer 10,"V4.1 test order 10 for cloud_failure_with_stateful_edge_failover, run 1, phase workload",2026-08-22T18:08:36.703,edge,0,2026-08-22T18:39:12.258,TC02-20260822T180830806173-run1-23c40b,TC02-batch-20260822T180830-a18476,TC02,1,10,workload
edge,11,v41-TC02-1-11-66f7d1ce,V4.1 TC02 Run 1 Customer 11,"V4.1 test order 11 for cloud_failure_with_stateful_edge_failover, run 1, phase workload",2026-08-22T18:08:37.067,edge,0,2026-08-22T18:39:12.648,TC02-20260822T180830806173-run1-23c40b,TC02-batch-20260822T180830-a18476,TC02,1,11,workload
edge,12,v41-TC02-1-12-8aae46fd,V4.1 TC02 Run 1 Customer 12,"V4.1 test order 12 for cloud_failure_with_stateful_edge_failover, run 1, phase workload",2026-08-22T18:08:37.574,edge,0,2026-08-22T18:39:13.006,TC02-20260822T180830806173-run1-23c40b,TC02-batch-20260822T180830-a18476,TC02,1,12,workload
edge,13,v41-TC02-1-13-b76ea03e,V4.1 TC02 Run 1 Customer 13,"V4.1 test order 13 for cloud_failure_with_stateful_edge_failover, run 1, phase workload",2026-08-22T18:08:37.982,edge,0,2026-08-22T18:39:13.313,TC02-20260822T180830806173-run1-23c40b,TC02-batch-20260822T180830-a18476,TC02,1,13,workload
edge,14,v41-TC02-1-14-9d3425c6,V4.1 TC02 Run 1 Customer 14,"V4.1 test order 14 for cloud_failure_with_stateful_edge_failover, run 1, phase workload",2026-08-22T18:08:38.357,edge,0,2026-08-22T18:39:13.636,TC02-20260822T180830806173-run1-23c40b,TC02-batch-20260822T180830-a18476,TC02,1,14,workload
edge,15,v41-TC02-1-15-202738e3,V4.1 TC02 Run 1 Customer 15,"V4.1 test order 15 for cloud_failure_with_stateful_edge_failover, run 1, phase workload",2026-08-22T18:08:38.822,edge,0,2026-08-22T18:39:13.979,TC02-20260822T180830806173-run1-23c40b,TC02-batch-20260822T180830-a18476,TC02,1,15,workload
edge,16,v41-TC02-1-16-fac3921e,V4.1 TC02 Run 1 Customer 16,"V4.1 test order 16 for cloud_failure_with_stateful_edge_failover, run 1, phase workload",2026-08-22T18:08:39.240,edge,0,2026-08-22T18:39:14.313,TC02-20260822T180830806173-run1-23c40b,TC02-batch-20260822T180830-a18476,TC02,1,16,workload
edge,17,v41-TC02-1-17-b96ccce4,V4.1 TC02 Run 1 Customer 17,"V4.1 test order 17 for cloud_failure_with_stateful_edge_failover, run 1, phase workload",2026-08-22T18:08:39.633,edge,0,2026-08-22T18:39:14.647,TC02-20260822T180830806173-run1-23c40b,TC02-batch-20260822T180830-a18476,TC02,1,17,workload
edge,18,v41-TC02-1-18-3732861a,V4.1 TC02 Run 1 Customer 18,"V4.1 test order 18 for cloud_failure_with_stateful_edge_failover, run 1, phase workload",2026-08-22T18:08:40.043,edge,0,2026-08-22T18:39:14.991,TC02-20260822T180830806173-run1-23c40b,TC02-batch-20260822T180830-a18476,TC02,1,18,workload
edge,19,v41-TC02-1-19-68e89750,V4.1 TC02 Run 1 Customer 19,"V4.1 test order 19 for cloud_failure_with_stateful_edge_failover, run 1, phase workload",2026-08-22T18:08:40.422,edge,0,2026-08-22T18:39:15.370,TC02-20260822T180830806173-run1-23c40b,TC02-batch-20260822T180830-a18476,TC02,1,19,workload
edge,20,v41-TC02-1-20-848a7f7b,V4.1 TC02 Run 1 Customer 20,"V4.1 test order 20 for cloud_failure_with_stateful_edge_failover, run 1, phase workload",2026-08-22T18:08:40.796,edge,0,2026-08-22T18:39:15.681,TC02-20260822T180830806173-run1-23c40b,TC02-batch-20260822T180830-a18476,TC02,1,20,workload
edge,21,v41-TC02-1-21-411950a5,V4.1 TC02 Run 1 Customer 21,"V4.1 test order 21 for cloud_failure_with_stateful_edge_failover, run 1, phase workload",2026-08-22T18:08:41.213,edge,0,2026-08-22T18:39:16.026,TC02-20260822T180830806173-run1-23c40b,TC02-batch-20260822T180830-a18476,TC02,1,21,workload
edge,22,v41-TC02-1-22-9a20c5af,V4.1 TC02 Run 1 Customer 22,"V4.1 test order 22 for cloud_failure_with_stateful_edge_failover, run 1, phase workload",2026-08-22T18:08:41.610,edge,0,2026-08-22T18:39:16.363,TC02-20260822T180830806173-run1-23c40b,TC02-batch-20260822T180830-a18476,TC02,1,22,workload
edge,23,v41-TC02-1-23-8f7a5edd,V4.1 TC02 Run 1 Customer 23,"V4.1 test order 23 for cloud_failure_with_stateful_edge_failover, run 1, phase workload",2026-08-22T18:08:42.018,edge,0,2026-08-22T18:39:16.691,TC02-20260822T180830806173-run1-23c40b,TC02-batch-20260822T180830-a18476,TC02,1,23,workload
edge,24,v41-TC02-1-24-9632eefa,V4.1 TC02 Run 1 Customer 24,"V4.1 test order 24 for cloud_failure_with_stateful_edge_failover, run 1, phase workload",2026-08-22T18:08:42.410,edge,0,2026-08-22T18:39:17.068,TC02-20260822T180830806173-run1-23c40b,TC02-batch-20260822T180830-a18476,TC02,1,24,workload
edge,25,v41-TC02-1-25-1be40dd7,V4.1 TC02 Run 1 Customer 25,"V4.1 test order 25 for cloud_failure_with_stateful_edge_failover, run 1, phase workload",2026-08-22T18:08:42.777,edge,0,2026-08-22T18:39:17.413,TC02-20260822T180830806173-run1-23c40b,TC02-batch-20260822T180830-a18476,TC02,1,25,workload
edge,26,v41-TC02-1-26-af058ea9,V4.1 TC02 Run 1 Customer 26,"V4.1 test order 26 for cloud_failure_with_stateful_edge_failover, run 1, phase workload",2026-08-22T18:08:43.144,edge,0,2026-08-22T18:39:17.757,TC02-20260822T180830806173-run1-23c40b,TC02-batch-20260822T180830-a18476,TC02,1,26,workload
edge,27,v41-TC02-1-27-9bc15343,V4.1 TC02 Run 1 Customer 27,"V4.1 test order 27 for cloud_failure_with_stateful_edge_failover, run 1, phase workload",2026-08-22T18:08:43.501,edge,0,2026-08-22T18:39:18.147,TC02-20260822T180830806173-run1-23c40b,TC02-batch-20260822T180830-a18476,TC02,1,27,workload
edge,28,v41-TC02-1-28-6d0fd98b,V4.1 TC02 Run 1 Customer 28,"V4.1 test order 28 for cloud_failure_with_stateful_edge_failover, run 1, phase workload",2026-08-22T18:08:43.879,edge,0,2026-08-22T18:39:18.458,TC02-20260822T180830806173-run1-23c40b,TC02-batch-20260822T180830-a18476,TC02,1,28,workload
edge,29,v41-TC02-1-29-1e538b95,V4.1 TC02 Run 1 Customer 29,"V4.1 test order 29 for cloud_failure_with_stateful_edge_failover, run 1, phase workload",2026-08-22T18:08:44.266,edge,0,2026-08-22T18:39:18.782,TC02-20260822T180830806173-run1-23c40b,TC02-batch-20260822T180830-a18476,TC02,1,29,workload
edge,30,v41-TC02-1-30-fbba9b4e,V4.1 TC02 Run 1 Customer 30,"V4.1 test order 30 for cloud_failure_with_stateful_edge_failover, run 1, phase workload",2026-08-22T18:08:44.638,edge,0,2026-08-22T18:39:19.126,TC02-20260822T180830806173-run1-23c40b,TC02-batch-20260822T180830-a18476,TC02,1,30,workload
edge,31,v41-TC02-2-1-5ac495c2,V4.1 TC02 Run 2 Customer 1,"V4.1 test order 1 for cloud_failure_with_stateful_edge_failover, run 2, phase workload",2026-08-22T18:08:46.523,edge,0,2026-08-22T18:39:19.494,TC02-20260822T180846502281-run2-0e5068,TC02-batch-20260822T180830-a18476,TC02,2,1,workload
edge,32,v41-TC02-2-2-c58208a8,V4.1 TC02 Run 2 Customer 2,"V4.1 test order 2 for cloud_failure_with_stateful_edge_failover, run 2, phase workload",2026-08-22T18:08:48.915,edge,0,2026-08-22T18:39:19.835,TC02-20260822T180846502281-run2-0e5068,TC02-batch-20260822T180830-a18476,TC02,2,2,workload
edge,33,v41-TC02-2-3-504547f3,V4.1 TC02 Run 2 Customer 3,"V4.1 test order 3 for cloud_failure_with_stateful_edge_failover, run 2, phase workload",2026-08-22T18:08:49.336,edge,0,2026-08-22T18:39:20.207,TC02-20260822T180846502281-run2-0e5068,TC02-batch-20260822T180830-a18476,TC02,2,3,workload
edge,34,v41-TC02-2-4-fddad731,V4.1 TC02 Run 2 Customer 4,"V4.1 test order 4 for cloud_failure_with_stateful_edge_failover, run 2, phase workload",2026-08-22T18:08:49.748,edge,0,2026-08-22T18:39:20.563,TC02-20260822T180846502281-run2-0e5068,TC02-batch-20260822T180830-a18476,TC02,2,4,workload
edge,35,v41-TC02-2-5-2666940a,V4.1 TC02 Run 2 Customer 5,"V4.1 test order 5 for cloud_failure_with_stateful_edge_failover, run 2, phase workload",2026-08-22T18:08:50.155,edge,0,2026-08-22T18:39:20.996,TC02-20260822T180846502281-run2-0e5068,TC02-batch-20260822T180830-a18476,TC02,2,5,workload
edge,36,v41-TC02-2-6-13f21a39,V4.1 TC02 Run 2 Customer 6,"V4.1 test order 6 for cloud_failure_with_stateful_edge_failover, run 2, phase workload",2026-08-22T18:08:50.537,edge,0,2026-08-22T18:39:21.380,TC02-20260822T180846502281-run2-0e5068,TC02-batch-20260822T180830-a18476,TC02,2,6,workload
edge,37,v41-TC02-2-7-2496a277,V4.1 TC02 Run 2 Customer 7,"V4.1 test order 7 for cloud_failure_with_stateful_edge_failover, run 2, phase workload",2026-08-22T18:08:50.911,edge,0,2026-08-22T18:39:21.798,TC02-20260822T180846502281-run2-0e5068,TC02-batch-20260822T180830-a18476,TC02,2,7,workload
edge,38,v41-TC02-2-8-6e3b8e83,V4.1 TC02 Run 2 Customer 8,"V4.1 test order 8 for cloud_failure_with_stateful_edge_failover, run 2, phase workload",2026-08-22T18:08:51.301,edge,0,2026-08-22T18:39:22.164,TC02-20260822T180846502281-run2-0e5068,TC02-batch-20260822T180830-a18476,TC02,2,8,workload
edge,39,v41-TC02-2-9-deb45237,V4.1 TC02 Run 2 Customer 9,"V4.1 test order 9 for cloud_failure_with_stateful_edge_failover, run 2, phase workload",2026-08-22T18:08:51.678,edge,0,2026-08-22T18:39:22.542,TC02-20260822T180846502281-run2-0e5068,TC02-batch-20260822T180830-a18476,TC02,2,9,workload
edge,40,v41-TC02-2-10-380f358c,V4.1 TC02 Run 2 Customer 10,"V4.1 test order 10 for cloud_failure_with_stateful_edge_failover, run 2, phase workload",2026-08-22T18:08:52.043,edge,0,2026-08-22T18:39:22.969,TC02-20260822T180846502281-run2-0e5068,TC02-batch-20260822T180830-a18476,TC02,2,10,workload
edge,41,v41-TC02-2-11-59ea859b,V4.1 TC02 Run 2 Customer 11,"V4.1 test order 11 for cloud_failure_with_stateful_edge_failover, run 2, phase workload",2026-08-22T18:08:52.434,edge,0,2026-08-22T18:39:23.314,TC02-20260822T180846502281-run2-0e5068,TC02-batch-20260822T180830-a18476,TC02,2,11,workload
edge,42,v41-TC02-2-12-f12bf356,V4.1 TC02 Run 2 Customer 12,"V4.1 test order 12 for cloud_failure_with_stateful_edge_failover, run 2, phase workload",2026-08-22T18:08:52.811,edge,0,2026-08-22T18:39:23.738,TC02-20260822T180846502281-run2-0e5068,TC02-batch-20260822T180830-a18476,TC02,2,12,workload
edge,43,v41-TC02-2-13-5f46b0b6,V4.1 TC02 Run 2 Customer 13,"V4.1 test order 13 for cloud_failure_with_stateful_edge_failover, run 2, phase workload",2026-08-22T18:08:53.200,edge,0,2026-08-22T18:39:24.163,TC02-20260822T180846502281-run2-0e5068,TC02-batch-20260822T180830-a18476,TC02,2,13,workload
edge,44,v41-TC02-2-14-cd654fb8,V4.1 TC02 Run 2 Customer 14,"V4.1 test order 14 for cloud_failure_with_stateful_edge_failover, run 2, phase workload",2026-08-22T18:08:53.700,edge,0,2026-08-22T18:39:24.529,TC02-20260822T180846502281-run2-0e5068,TC02-batch-20260822T180830-a18476,TC02,2,14,workload
edge,45,v41-TC02-2-15-b3b335e8,V4.1 TC02 Run 2 Customer 15,"V4.1 test order 15 for cloud_failure_with_stateful_edge_failover, run 2, phase workload",2026-08-22T18:08:54.089,edge,0,2026-08-22T18:39:24.837,TC02-20260822T180846502281-run2-0e5068,TC02-batch-20260822T180830-a18476,TC02,2,15,workload
edge,46,v41-TC02-2-16-74dbfa64,V4.1 TC02 Run 2 Customer 16,"V4.1 test order 16 for cloud_failure_with_stateful_edge_failover, run 2, phase workload",2026-08-22T18:08:54.437,edge,0,2026-08-22T18:39:25.214,TC02-20260822T180846502281-run2-0e5068,TC02-batch-20260822T180830-a18476,TC02,2,16,workload
edge,47,v41-TC02-2-17-8ea6d93a,V4.1 TC02 Run 2 Customer 17,"V4.1 test order 17 for cloud_failure_with_stateful_edge_failover, run 2, phase workload",2026-08-22T18:08:54.812,edge,0,2026-08-22T18:39:25.576,TC02-20260822T180846502281-run2-0e5068,TC02-batch-20260822T180830-a18476,TC02,2,17,workload
edge,48,v41-TC02-2-18-344f329e,V4.1 TC02 Run 2 Customer 18,"V4.1 test order 18 for cloud_failure_with_stateful_edge_failover, run 2, phase workload",2026-08-22T18:08:55.188,edge,0,2026-08-22T18:39:26.032,TC02-20260822T180846502281-run2-0e5068,TC02-batch-20260822T180830-a18476,TC02,2,18,workload
edge,49,v41-TC02-2-19-8a0c5837,V4.1 TC02 Run 2 Customer 19,"V4.1 test order 19 for cloud_failure_with_stateful_edge_failover, run 2, phase workload",2026-08-22T18:08:55.589,edge,0,2026-08-22T18:39:26.479,TC02-20260822T180846502281-run2-0e5068,TC02-batch-20260822T180830-a18476,TC02,2,19,workload
edge,50,v41-TC02-2-20-a8ea86f8,V4.1 TC02 Run 2 Customer 20,"V4.1 test order 20 for cloud_failure_with_stateful_edge_failover, run 2, phase workload",2026-08-22T18:08:56.004,edge,0,2026-08-22T18:39:26.848,TC02-20260822T180846502281-run2-0e5068,TC02-batch-20260822T180830-a18476,TC02,2,20,workload
edge,51,v41-TC02-2-21-652279a9,V4.1 TC02 Run 2 Customer 21,"V4.1 test order 21 for cloud_failure_with_stateful_edge_failover, run 2, phase workload",2026-08-22T18:08:56.411,edge,0,2026-08-22T18:39:27.256,TC02-20260822T180846502281-run2-0e5068,TC02-batch-20260822T180830-a18476,TC02,2,21,workload
edge,52,v41-TC02-2-22-12f3791c,V4.1 TC02 Run 2 Customer 22,"V4.1 test order 22 for cloud_failure_with_stateful_edge_failover, run 2, phase workload",2026-08-22T18:08:56.790,edge,0,2026-08-22T18:39:27.590,TC02-20260822T180846502281-run2-0e5068,TC02-batch-20260822T180830-a18476,TC02,2,22,workload
edge,53,v41-TC02-2-23-e94ff8a9,V4.1 TC02 Run 2 Customer 23,"V4.1 test order 23 for cloud_failure_with_stateful_edge_failover, run 2, phase workload",2026-08-22T18:08:57.155,edge,0,2026-08-22T18:39:28.057,TC02-20260822T180846502281-run2-0e5068,TC02-batch-20260822T180830-a18476,TC02,2,23,workload
edge,54,v41-TC02-2-24-0994274c,V4.1 TC02 Run 2 Customer 24,"V4.1 test order 24 for cloud_failure_with_stateful_edge_failover, run 2, phase workload",2026-08-22T18:08:57.556,edge,0,2026-08-22T18:39:28.370,TC02-20260822T180846502281-run2-0e5068,TC02-batch-20260822T180830-a18476,TC02,2,24,workload
edge,55,v41-TC02-2-25-8507243c,V4.1 TC02 Run 2 Customer 25,"V4.1 test order 25 for cloud_failure_with_stateful_edge_failover, run 2, phase workload",2026-08-22T18:08:57.934,edge,0,2026-08-22T18:39:28.714,TC02-20260822T180846502281-run2-0e5068,TC02-batch-20260822T180830-a18476,TC02,2,25,workload
edge,56,v41-TC02-2-26-8da457cf,V4.1 TC02 Run 2 Customer 26,"V4.1 test order 26 for cloud_failure_with_stateful_edge_failover, run 2, phase workload",2026-08-22T18:08:58.330,edge,0,2026-08-22T18:39:29.089,TC02-20260822T180846502281-run2-0e5068,TC02-batch-20260822T180830-a18476,TC02,2,26,workload
edge,57,v41-TC02-2-27-834ff91e,V4.1 TC02 Run 2 Customer 27,"V4.1 test order 27 for cloud_failure_with_stateful_edge_failover, run 2, phase workload",2026-08-22T18:08:58.739,edge,0,2026-08-22T18:39:29.427,TC02-20260822T180846502281-run2-0e5068,TC02-batch-20260822T180830-a18476,TC02,2,27,workload
edge,58,v41-TC02-2-28-84d22eee,V4.1 TC02 Run 2 Customer 28,"V4.1 test order 28 for cloud_failure_with_stateful_edge_failover, run 2, phase workload",2026-08-22T18:08:59.133,edge,0,2026-08-22T18:39:29.790,TC02-20260822T180846502281-run2-0e5068,TC02-batch-20260822T180830-a18476,TC02,2,28,workload
edge,59,v41-TC02-2-29-6ddcdbe7,V4.1 TC02 Run 2 Customer 29,"V4.1 test order 29 for cloud_failure_with_stateful_edge_failover, run 2, phase workload",2026-08-22T18:08:59.522,edge,0,2026-08-22T18:39:30.181,TC02-20260822T180846502281-run2-0e5068,TC02-batch-20260822T180830-a18476,TC02,2,29,workload
edge,60,v41-TC02-2-30-a1b39423,V4.1 TC02 Run 2 Customer 30,"V4.1 test order 30 for cloud_failure_with_stateful_edge_failover, run 2, phase workload",2026-08-22T18:08:59.871,edge,0,2026-08-22T18:39:30.513,TC02-20260822T180846502281-run2-0e5068,TC02-batch-20260822T180830-a18476,TC02,2,30,workload
edge,61,v41-TC02-3-1-e77862f6,V4.1 TC02 Run 3 Customer 1,"V4.1 test order 1 for cloud_failure_with_stateful_edge_failover, run 3, phase workload",2026-08-22T18:09:01.679,edge,0,2026-08-22T18:39:30.873,TC02-20260822T180901658477-run3-df56d9,TC02-batch-20260822T180830-a18476,TC02,3,1,workload
edge,62,v41-TC02-3-2-9d48af42,V4.1 TC02 Run 3 Customer 2,"V4.1 test order 2 for cloud_failure_with_stateful_edge_failover, run 3, phase workload",2026-08-22T18:09:04.126,edge,0,2026-08-22T18:39:31.380,TC02-20260822T180901658477-run3-df56d9,TC02-batch-20260822T180830-a18476,TC02,3,2,workload
edge,63,v41-TC02-3-3-98a8d31d,V4.1 TC02 Run 3 Customer 3,"V4.1 test order 3 for cloud_failure_with_stateful_edge_failover, run 3, phase workload",2026-08-22T18:09:04.512,edge,0,2026-08-22T18:39:31.760,TC02-20260822T180901658477-run3-df56d9,TC02-batch-20260822T180830-a18476,TC02,3,3,workload
edge,64,v41-TC02-3-4-d61d415f,V4.1 TC02 Run 3 Customer 4,"V4.1 test order 4 for cloud_failure_with_stateful_edge_failover, run 3, phase workload",2026-08-22T18:09:04.878,edge,0,2026-08-22T18:39:32.141,TC02-20260822T180901658477-run3-df56d9,TC02-batch-20260822T180830-a18476,TC02,3,4,workload
edge,65,v41-TC02-3-5-3e46c075,V4.1 TC02 Run 3 Customer 5,"V4.1 test order 5 for cloud_failure_with_stateful_edge_failover, run 3, phase workload",2026-08-22T18:09:05.271,edge,0,2026-08-22T18:39:32.628,TC02-20260822T180901658477-run3-df56d9,TC02-batch-20260822T180830-a18476,TC02,3,5,workload
edge,66,v41-TC02-3-6-e0c7f569,V4.1 TC02 Run 3 Customer 6,"V4.1 test order 6 for cloud_failure_with_stateful_edge_failover, run 3, phase workload",2026-08-22T18:09:05.683,edge,0,2026-08-22T18:39:33.011,TC02-20260822T180901658477-run3-df56d9,TC02-batch-20260822T180830-a18476,TC02,3,6,workload
edge,67,v41-TC02-3-7-4919ef3b,V4.1 TC02 Run 3 Customer 7,"V4.1 test order 7 for cloud_failure_with_stateful_edge_failover, run 3, phase workload",2026-08-22T18:09:06.066,edge,0,2026-08-22T18:39:33.503,TC02-20260822T180901658477-run3-df56d9,TC02-batch-20260822T180830-a18476,TC02,3,7,workload
edge,68,v41-TC02-3-8-d64adbdd,V4.1 TC02 Run 3 Customer 8,"V4.1 test order 8 for cloud_failure_with_stateful_edge_failover, run 3, phase workload",2026-08-22T18:09:06.457,edge,0,2026-08-22T18:39:33.878,TC02-20260822T180901658477-run3-df56d9,TC02-batch-20260822T180830-a18476,TC02,3,8,workload
edge,69,v41-TC02-3-9-ff636bdf,V4.1 TC02 Run 3 Customer 9,"V4.1 test order 9 for cloud_failure_with_stateful_edge_failover, run 3, phase workload",2026-08-22T18:09:06.846,edge,0,2026-08-22T18:39:34.252,TC02-20260822T180901658477-run3-df56d9,TC02-batch-20260822T180830-a18476,TC02,3,9,workload
edge,70,v41-TC02-3-10-42c9983d,V4.1 TC02 Run 3 Customer 10,"V4.1 test order 10 for cloud_failure_with_stateful_edge_failover, run 3, phase workload",2026-08-22T18:09:07.218,edge,0,2026-08-22T18:39:34.676,TC02-20260822T180901658477-run3-df56d9,TC02-batch-20260822T180830-a18476,TC02,3,10,workload
edge,71,v41-TC02-3-11-06b181cf,V4.1 TC02 Run 3 Customer 11,"V4.1 test order 11 for cloud_failure_with_stateful_edge_failover, run 3, phase workload",2026-08-22T18:09:07.601,edge,0,2026-08-22T18:39:35.062,TC02-20260822T180901658477-run3-df56d9,TC02-batch-20260822T180830-a18476,TC02,3,11,workload
edge,72,v41-TC02-3-12-b0fc99cb,V4.1 TC02 Run 3 Customer 12,"V4.1 test order 12 for cloud_failure_with_stateful_edge_failover, run 3, phase workload",2026-08-22T18:09:07.993,edge,0,2026-08-22T18:39:35.426,TC02-20260822T180901658477-run3-df56d9,TC02-batch-20260822T180830-a18476,TC02,3,12,workload
edge,73,v41-TC02-3-13-28920eea,V4.1 TC02 Run 3 Customer 13,"V4.1 test order 13 for cloud_failure_with_stateful_edge_failover, run 3, phase workload",2026-08-22T18:09:08.367,edge,0,2026-08-22T18:39:35.892,TC02-20260822T180901658477-run3-df56d9,TC02-batch-20260822T180830-a18476,TC02,3,13,workload
edge,74,v41-TC02-3-14-809d9541,V4.1 TC02 Run 3 Customer 14,"V4.1 test order 14 for cloud_failure_with_stateful_edge_failover, run 3, phase workload",2026-08-22T18:09:08.745,edge,0,2026-08-22T18:39:36.261,TC02-20260822T180901658477-run3-df56d9,TC02-batch-20260822T180830-a18476,TC02,3,14,workload
edge,75,v41-TC02-3-15-ce099e19,V4.1 TC02 Run 3 Customer 15,"V4.1 test order 15 for cloud_failure_with_stateful_edge_failover, run 3, phase workload",2026-08-22T18:09:09.124,edge,0,2026-08-22T18:39:36.736,TC02-20260822T180901658477-run3-df56d9,TC02-batch-20260822T180830-a18476,TC02,3,15,workload
edge,76,v41-TC02-3-16-7d0b692d,V4.1 TC02 Run 3 Customer 16,"V4.1 test order 16 for cloud_failure_with_stateful_edge_failover, run 3, phase workload",2026-08-22T18:09:09.524,edge,0,2026-08-22T18:39:37.224,TC02-20260822T180901658477-run3-df56d9,TC02-batch-20260822T180830-a18476,TC02,3,16,workload
edge,77,v41-TC02-3-17-fbee86bc,V4.1 TC02 Run 3 Customer 17,"V4.1 test order 17 for cloud_failure_with_stateful_edge_failover, run 3, phase workload",2026-08-22T18:09:09.947,edge,0,2026-08-22T18:39:37.859,TC02-20260822T180901658477-run3-df56d9,TC02-batch-20260822T180830-a18476,TC02,3,17,workload
edge,78,v41-TC02-3-18-2f7747ac,V4.1 TC02 Run 3 Customer 18,"V4.1 test order 18 for cloud_failure_with_stateful_edge_failover, run 3, phase workload",2026-08-22T18:09:10.313,edge,0,2026-08-22T18:39:38.425,TC02-20260822T180901658477-run3-df56d9,TC02-batch-20260822T180830-a18476,TC02,3,18,workload
edge,79,v41-TC02-3-19-c355f6b8,V4.1 TC02 Run 3 Customer 19,"V4.1 test order 19 for cloud_failure_with_stateful_edge_failover, run 3, phase workload",2026-08-22T18:09:10.669,edge,0,2026-08-22T18:39:38.972,TC02-20260822T180901658477-run3-df56d9,TC02-batch-20260822T180830-a18476,TC02,3,19,workload
edge,80,v41-TC02-3-20-27ab0cb4,V4.1 TC02 Run 3 Customer 20,"V4.1 test order 20 for cloud_failure_with_stateful_edge_failover, run 3, phase workload",2026-08-22T18:09:11.025,edge,0,2026-08-22T18:39:39.524,TC02-20260822T180901658477-run3-df56d9,TC02-batch-20260822T180830-a18476,TC02,3,20,workload
edge,81,v41-TC02-3-21-aab61dfa,V4.1 TC02 Run 3 Customer 21,"V4.1 test order 21 for cloud_failure_with_stateful_edge_failover, run 3, phase workload",2026-08-22T18:09:11.389,edge,0,2026-08-22T18:39:40.039,TC02-20260822T180901658477-run3-df56d9,TC02-batch-20260822T180830-a18476,TC02,3,21,workload
edge,82,v41-TC02-3-22-e9c32983,V4.1 TC02 Run 3 Customer 22,"V4.1 test order 22 for cloud_failure_with_stateful_edge_failover, run 3, phase workload",2026-08-22T18:09:11.746,edge,0,2026-08-22T18:39:40.457,TC02-20260822T180901658477-run3-df56d9,TC02-batch-20260822T180830-a18476,TC02,3,22,workload
edge,83,v41-TC02-3-23-1328f4ec,V4.1 TC02 Run 3 Customer 23,"V4.1 test order 23 for cloud_failure_with_stateful_edge_failover, run 3, phase workload",2026-08-22T18:09:12.114,edge,0,2026-08-22T18:39:40.795,TC02-20260822T180901658477-run3-df56d9,TC02-batch-20260822T180830-a18476,TC02,3,23,workload
edge,84,v41-TC02-3-24-fec8ffe2,V4.1 TC02 Run 3 Customer 24,"V4.1 test order 24 for cloud_failure_with_stateful_edge_failover, run 3, phase workload",2026-08-22T18:09:12.490,edge,0,2026-08-22T18:39:41.102,TC02-20260822T180901658477-run3-df56d9,TC02-batch-20260822T180830-a18476,TC02,3,24,workload
edge,85,v41-TC02-3-25-d955c008,V4.1 TC02 Run 3 Customer 25,"V4.1 test order 25 for cloud_failure_with_stateful_edge_failover, run 3, phase workload",2026-08-22T18:09:12.857,edge,0,2026-08-22T18:39:41.612,TC02-20260822T180901658477-run3-df56d9,TC02-batch-20260822T180830-a18476,TC02,3,25,workload
edge,86,v41-TC02-3-26-bad8170f,V4.1 TC02 Run 3 Customer 26,"V4.1 test order 26 for cloud_failure_with_stateful_edge_failover, run 3, phase workload",2026-08-22T18:09:13.246,edge,0,2026-08-22T18:39:41.937,TC02-20260822T180901658477-run3-df56d9,TC02-batch-20260822T180830-a18476,TC02,3,26,workload
edge,87,v41-TC02-3-27-54eabea0,V4.1 TC02 Run 3 Customer 27,"V4.1 test order 27 for cloud_failure_with_stateful_edge_failover, run 3, phase workload",2026-08-22T18:09:13.633,edge,0,2026-08-22T18:39:42.442,TC02-20260822T180901658477-run3-df56d9,TC02-batch-20260822T180830-a18476,TC02,3,27,workload
edge,88,v41-TC02-3-28-0901945a,V4.1 TC02 Run 3 Customer 28,"V4.1 test order 28 for cloud_failure_with_stateful_edge_failover, run 3, phase workload",2026-08-22T18:09:14.008,edge,0,2026-08-22T18:39:42.815,TC02-20260822T180901658477-run3-df56d9,TC02-batch-20260822T180830-a18476,TC02,3,28,workload
edge,89,v41-TC02-3-29-334f79b1,V4.1 TC02 Run 3 Customer 29,"V4.1 test order 29 for cloud_failure_with_stateful_edge_failover, run 3, phase workload",2026-08-22T18:09:14.367,edge,0,2026-08-22T18:39:43.197,TC02-20260822T180901658477-run3-df56d9,TC02-batch-20260822T180830-a18476,TC02,3,29,workload
edge,90,v41-TC02-3-30-9c1eee38,V4.1 TC02 Run 3 Customer 30,"V4.1 test order 30 for cloud_failure_with_stateful_edge_failover, run 3, phase workload",2026-08-22T18:09:14.760,edge,0,2026-08-22T18:39:43.638,TC02-20260822T180901658477-run3-df56d9,TC02-batch-20260822T180830-a18476,TC02,3,30,workload
edge,91,v41-TC02-4-1-1120c5e8,V4.1 TC02 Run 4 Customer 1,"V4.1 test order 1 for cloud_failure_with_stateful_edge_failover, run 4, phase workload",2026-08-22T18:09:16.561,edge,0,2026-08-22T18:39:44.013,TC02-20260822T180916537169-run4-75de4d,TC02-batch-20260822T180830-a18476,TC02,4,1,workload
edge,92,v41-TC02-4-2-b62f9baf,V4.1 TC02 Run 4 Customer 2,"V4.1 test order 2 for cloud_failure_with_stateful_edge_failover, run 4, phase workload",2026-08-22T18:09:18.961,edge,0,2026-08-22T18:39:44.379,TC02-20260822T180916537169-run4-75de4d,TC02-batch-20260822T180830-a18476,TC02,4,2,workload
edge,93,v41-TC02-4-3-5e7155c4,V4.1 TC02 Run 4 Customer 3,"V4.1 test order 3 for cloud_failure_with_stateful_edge_failover, run 4, phase workload",2026-08-22T18:09:19.349,edge,0,2026-08-22T18:39:44.815,TC02-20260822T180916537169-run4-75de4d,TC02-batch-20260822T180830-a18476,TC02,4,3,workload
edge,94,v41-TC02-4-4-780d1d00,V4.1 TC02 Run 4 Customer 4,"V4.1 test order 4 for cloud_failure_with_stateful_edge_failover, run 4, phase workload",2026-08-22T18:09:19.738,edge,0,2026-08-22T18:39:45.391,TC02-20260822T180916537169-run4-75de4d,TC02-batch-20260822T180830-a18476,TC02,4,4,workload
edge,95,v41-TC02-4-5-afdded3f,V4.1 TC02 Run 4 Customer 5,"V4.1 test order 5 for cloud_failure_with_stateful_edge_failover, run 4, phase workload",2026-08-22T18:09:20.103,edge,0,2026-08-22T18:39:45.943,TC02-20260822T180916537169-run4-75de4d,TC02-batch-20260822T180830-a18476,TC02,4,5,workload
edge,96,v41-TC02-4-6-b9a56db6,V4.1 TC02 Run 4 Customer 6,"V4.1 test order 6 for cloud_failure_with_stateful_edge_failover, run 4, phase workload",2026-08-22T18:09:20.494,edge,0,2026-08-22T18:39:46.481,TC02-20260822T180916537169-run4-75de4d,TC02-batch-20260822T180830-a18476,TC02,4,6,workload
edge,97,v41-TC02-4-7-06f0b7ab,V4.1 TC02 Run 4 Customer 7,"V4.1 test order 7 for cloud_failure_with_stateful_edge_failover, run 4, phase workload",2026-08-22T18:09:20.934,edge,0,2026-08-22T18:39:47.014,TC02-20260822T180916537169-run4-75de4d,TC02-batch-20260822T180830-a18476,TC02,4,7,workload
edge,98,v41-TC02-4-8-00787e97,V4.1 TC02 Run 4 Customer 8,"V4.1 test order 8 for cloud_failure_with_stateful_edge_failover, run 4, phase workload",2026-08-22T18:09:21.302,edge,0,2026-08-22T18:39:47.483,TC02-20260822T180916537169-run4-75de4d,TC02-batch-20260822T180830-a18476,TC02,4,8,workload
edge,99,v41-TC02-4-9-dd0b616f,V4.1 TC02 Run 4 Customer 9,"V4.1 test order 9 for cloud_failure_with_stateful_edge_failover, run 4, phase workload",2026-08-22T18:09:21.668,edge,0,2026-08-22T18:39:47.871,TC02-20260822T180916537169-run4-75de4d,TC02-batch-20260822T180830-a18476,TC02,4,9,workload
edge,100,v41-TC02-4-10-15baf453,V4.1 TC02 Run 4 Customer 10,"V4.1 test order 10 for cloud_failure_with_stateful_edge_failover, run 4, phase workload",2026-08-22T18:09:22.045,edge,0,2026-08-22T18:39:48.263,TC02-20260822T180916537169-run4-75de4d,TC02-batch-20260822T180830-a18476,TC02,4,10,workload
edge,101,v41-TC02-4-11-1cab2e17,V4.1 TC02 Run 4 Customer 11,"V4.1 test order 11 for cloud_failure_with_stateful_edge_failover, run 4, phase workload",2026-08-22T18:09:22.412,edge,0,2026-08-22T18:39:48.777,TC02-20260822T180916537169-run4-75de4d,TC02-batch-20260822T180830-a18476,TC02,4,11,workload
edge,102,v41-TC02-4-12-be789e4f,V4.1 TC02 Run 4 Customer 12,"V4.1 test order 12 for cloud_failure_with_stateful_edge_failover, run 4, phase workload",2026-08-22T18:09:22.801,edge,0,2026-08-22T18:39:49.312,TC02-20260822T180916537169-run4-75de4d,TC02-batch-20260822T180830-a18476,TC02,4,12,workload
edge,103,v41-TC02-4-13-27192493,V4.1 TC02 Run 4 Customer 13,"V4.1 test order 13 for cloud_failure_with_stateful_edge_failover, run 4, phase workload",2026-08-22T18:09:23.179,edge,0,2026-08-22T18:39:49.856,TC02-20260822T180916537169-run4-75de4d,TC02-batch-20260822T180830-a18476,TC02,4,13,workload
edge,104,v41-TC02-4-14-227f7853,V4.1 TC02 Run 4 Customer 14,"V4.1 test order 14 for cloud_failure_with_stateful_edge_failover, run 4, phase workload",2026-08-22T18:09:23.562,edge,0,2026-08-22T18:39:50.385,TC02-20260822T180916537169-run4-75de4d,TC02-batch-20260822T180830-a18476,TC02,4,14,workload
edge,105,v41-TC02-4-15-6d8622e4,V4.1 TC02 Run 4 Customer 15,"V4.1 test order 15 for cloud_failure_with_stateful_edge_failover, run 4, phase workload",2026-08-22T18:09:23.945,edge,0,2026-08-22T18:39:50.866,TC02-20260822T180916537169-run4-75de4d,TC02-batch-20260822T180830-a18476,TC02,4,15,workload
edge,106,v41-TC02-4-16-ffd10b0d,V4.1 TC02 Run 4 Customer 16,"V4.1 test order 16 for cloud_failure_with_stateful_edge_failover, run 4, phase workload",2026-08-22T18:09:24.327,edge,0,2026-08-22T18:39:51.333,TC02-20260822T180916537169-run4-75de4d,TC02-batch-20260822T180830-a18476,TC02,4,16,workload
edge,107,v41-TC02-4-17-b1da4f9d,V4.1 TC02 Run 4 Customer 17,"V4.1 test order 17 for cloud_failure_with_stateful_edge_failover, run 4, phase workload",2026-08-22T18:09:24.713,edge,0,2026-08-22T18:39:51.827,TC02-20260822T180916537169-run4-75de4d,TC02-batch-20260822T180830-a18476,TC02,4,17,workload
edge,108,v41-TC02-4-18-521a6d58,V4.1 TC02 Run 4 Customer 18,"V4.1 test order 18 for cloud_failure_with_stateful_edge_failover, run 4, phase workload",2026-08-22T18:09:25.080,edge,0,2026-08-22T18:39:52.283,TC02-20260822T180916537169-run4-75de4d,TC02-batch-20260822T180830-a18476,TC02,4,18,workload
edge,109,v41-TC02-4-19-817ce38e,V4.1 TC02 Run 4 Customer 19,"V4.1 test order 19 for cloud_failure_with_stateful_edge_failover, run 4, phase workload",2026-08-22T18:09:25.483,edge,0,2026-08-22T18:39:52.874,TC02-20260822T180916537169-run4-75de4d,TC02-batch-20260822T180830-a18476,TC02,4,19,workload
edge,110,v41-TC02-4-20-cfa355eb,V4.1 TC02 Run 4 Customer 20,"V4.1 test order 20 for cloud_failure_with_stateful_edge_failover, run 4, phase workload",2026-08-22T18:09:25.892,edge,0,2026-08-22T18:39:53.513,TC02-20260822T180916537169-run4-75de4d,TC02-batch-20260822T180830-a18476,TC02,4,20,workload
edge,111,v41-TC02-4-21-54cbd8c9,V4.1 TC02 Run 4 Customer 21,"V4.1 test order 21 for cloud_failure_with_stateful_edge_failover, run 4, phase workload",2026-08-22T18:09:26.268,edge,0,2026-08-22T18:39:53.915,TC02-20260822T180916537169-run4-75de4d,TC02-batch-20260822T180830-a18476,TC02,4,21,workload
edge,112,v41-TC02-4-22-7692563a,V4.1 TC02 Run 4 Customer 22,"V4.1 test order 22 for cloud_failure_with_stateful_edge_failover, run 4, phase workload",2026-08-22T18:09:26.661,edge,0,2026-08-22T18:39:54.262,TC02-20260822T180916537169-run4-75de4d,TC02-batch-20260822T180830-a18476,TC02,4,22,workload
edge,113,v41-TC02-4-23-e3332045,V4.1 TC02 Run 4 Customer 23,"V4.1 test order 23 for cloud_failure_with_stateful_edge_failover, run 4, phase workload",2026-08-22T18:09:27.046,edge,0,2026-08-22T18:39:54.631,TC02-20260822T180916537169-run4-75de4d,TC02-batch-20260822T180830-a18476,TC02,4,23,workload
edge,114,v41-TC02-4-24-3243faca,V4.1 TC02 Run 4 Customer 24,"V4.1 test order 24 for cloud_failure_with_stateful_edge_failover, run 4, phase workload",2026-08-22T18:09:27.423,edge,0,2026-08-22T18:39:55.007,TC02-20260822T180916537169-run4-75de4d,TC02-batch-20260822T180830-a18476,TC02,4,24,workload
edge,115,v41-TC02-4-25-9ef356a4,V4.1 TC02 Run 4 Customer 25,"V4.1 test order 25 for cloud_failure_with_stateful_edge_failover, run 4, phase workload",2026-08-22T18:09:27.813,edge,0,2026-08-22T18:39:56.592,TC02-20260822T180916537169-run4-75de4d,TC02-batch-20260822T180830-a18476,TC02,4,25,workload
edge,116,v41-TC02-4-26-7edc48f1,V4.1 TC02 Run 4 Customer 26,"V4.1 test order 26 for cloud_failure_with_stateful_edge_failover, run 4, phase workload",2026-08-22T18:09:28.191,edge,0,2026-08-22T18:39:56.972,TC02-20260822T180916537169-run4-75de4d,TC02-batch-20260822T180830-a18476,TC02,4,26,workload
edge,117,v41-TC02-4-27-65ffe866,V4.1 TC02 Run 4 Customer 27,"V4.1 test order 27 for cloud_failure_with_stateful_edge_failover, run 4, phase workload",2026-08-22T18:09:28.572,edge,0,2026-08-22T18:39:57.398,TC02-20260822T180916537169-run4-75de4d,TC02-batch-20260822T180830-a18476,TC02,4,27,workload
edge,118,v41-TC02-4-28-992f5e11,V4.1 TC02 Run 4 Customer 28,"V4.1 test order 28 for cloud_failure_with_stateful_edge_failover, run 4, phase workload",2026-08-22T18:09:28.955,edge,0,2026-08-22T18:39:57.786,TC02-20260822T180916537169-run4-75de4d,TC02-batch-20260822T180830-a18476,TC02,4,28,workload
edge,119,v41-TC02-4-29-db7062a5,V4.1 TC02 Run 4 Customer 29,"V4.1 test order 29 for cloud_failure_with_stateful_edge_failover, run 4, phase workload",2026-08-22T18:09:29.357,edge,0,2026-08-22T18:39:58.128,TC02-20260822T180916537169-run4-75de4d,TC02-batch-20260822T180830-a18476,TC02,4,29,workload
edge,120,v41-TC02-4-30-a2d34e96,V4.1 TC02 Run 4 Customer 30,"V4.1 test order 30 for cloud_failure_with_stateful_edge_failover, run 4, phase workload",2026-08-22T18:09:29.744,edge,0,2026-08-22T18:39:58.604,TC02-20260822T180916537169-run4-75de4d,TC02-batch-20260822T180830-a18476,TC02,4,30,workload
edge,121,v41-TC02-5-1-9bc62000,V4.1 TC02 Run 5 Customer 1,"V4.1 test order 1 for cloud_failure_with_stateful_edge_failover, run 5, phase workload",2026-08-22T18:09:31.559,edge,0,2026-08-22T18:39:58.980,TC02-20260822T180931546429-run5-ec5b60,TC02-batch-20260822T180830-a18476,TC02,5,1,workload
edge,122,v41-TC02-5-2-9c3bcdef,V4.1 TC02 Run 5 Customer 2,"V4.1 test order 2 for cloud_failure_with_stateful_edge_failover, run 5, phase workload",2026-08-22T18:09:33.964,edge,0,2026-08-22T18:39:59.469,TC02-20260822T180931546429-run5-ec5b60,TC02-batch-20260822T180830-a18476,TC02,5,2,workload
edge,123,v41-TC02-5-3-80ba5ed4,V4.1 TC02 Run 5 Customer 3,"V4.1 test order 3 for cloud_failure_with_stateful_edge_failover, run 5, phase workload",2026-08-22T18:09:34.350,edge,0,2026-08-22T18:39:59.843,TC02-20260822T180931546429-run5-ec5b60,TC02-batch-20260822T180830-a18476,TC02,5,3,workload
edge,124,v41-TC02-5-4-48234f09,V4.1 TC02 Run 5 Customer 4,"V4.1 test order 4 for cloud_failure_with_stateful_edge_failover, run 5, phase workload",2026-08-22T18:09:34.727,edge,0,2026-08-22T18:40:00.216,TC02-20260822T180931546429-run5-ec5b60,TC02-batch-20260822T180830-a18476,TC02,5,4,workload
edge,125,v41-TC02-5-5-70a22fab,V4.1 TC02 Run 5 Customer 5,"V4.1 test order 5 for cloud_failure_with_stateful_edge_failover, run 5, phase workload",2026-08-22T18:09:35.157,edge,0,2026-08-22T18:40:00.749,TC02-20260822T180931546429-run5-ec5b60,TC02-batch-20260822T180830-a18476,TC02,5,5,workload
edge,126,v41-TC02-5-6-606ef3ec,V4.1 TC02 Run 5 Customer 6,"V4.1 test order 6 for cloud_failure_with_stateful_edge_failover, run 5, phase workload",2026-08-22T18:09:35.528,edge,0,2026-08-22T18:40:01.103,TC02-20260822T180931546429-run5-ec5b60,TC02-batch-20260822T180830-a18476,TC02,5,6,workload
edge,127,v41-TC02-5-7-4c593b0f,V4.1 TC02 Run 5 Customer 7,"V4.1 test order 7 for cloud_failure_with_stateful_edge_failover, run 5, phase workload",2026-08-22T18:09:35.914,edge,0,2026-08-22T18:40:01.450,TC02-20260822T180931546429-run5-ec5b60,TC02-batch-20260822T180830-a18476,TC02,5,7,workload
edge,128,v41-TC02-5-8-c04c7c02,V4.1 TC02 Run 5 Customer 8,"V4.1 test order 8 for cloud_failure_with_stateful_edge_failover, run 5, phase workload",2026-08-22T18:09:36.335,edge,0,2026-08-22T18:40:01.864,TC02-20260822T180931546429-run5-ec5b60,TC02-batch-20260822T180830-a18476,TC02,5,8,workload
edge,129,v41-TC02-5-9-a60a3e45,V4.1 TC02 Run 5 Customer 9,"V4.1 test order 9 for cloud_failure_with_stateful_edge_failover, run 5, phase workload",2026-08-22T18:09:36.736,edge,0,2026-08-22T18:40:02.228,TC02-20260822T180931546429-run5-ec5b60,TC02-batch-20260822T180830-a18476,TC02,5,9,workload
edge,130,v41-TC02-5-10-d886c059,V4.1 TC02 Run 5 Customer 10,"V4.1 test order 10 for cloud_failure_with_stateful_edge_failover, run 5, phase workload",2026-08-22T18:09:37.124,edge,0,2026-08-22T18:40:02.567,TC02-20260822T180931546429-run5-ec5b60,TC02-batch-20260822T180830-a18476,TC02,5,10,workload
edge,131,v41-TC02-5-11-f3b20588,V4.1 TC02 Run 5 Customer 11,"V4.1 test order 11 for cloud_failure_with_stateful_edge_failover, run 5, phase workload",2026-08-22T18:09:37.517,edge,0,2026-08-22T18:40:03.014,TC02-20260822T180931546429-run5-ec5b60,TC02-batch-20260822T180830-a18476,TC02,5,11,workload
edge,132,v41-TC02-5-12-5733f56b,V4.1 TC02 Run 5 Customer 12,"V4.1 test order 12 for cloud_failure_with_stateful_edge_failover, run 5, phase workload",2026-08-22T18:09:37.917,edge,0,2026-08-22T18:40:03.349,TC02-20260822T180931546429-run5-ec5b60,TC02-batch-20260822T180830-a18476,TC02,5,12,workload
edge,133,v41-TC02-5-13-4c5c756a,V4.1 TC02 Run 5 Customer 13,"V4.1 test order 13 for cloud_failure_with_stateful_edge_failover, run 5, phase workload",2026-08-22T18:09:38.316,edge,0,2026-08-22T18:40:03.695,TC02-20260822T180931546429-run5-ec5b60,TC02-batch-20260822T180830-a18476,TC02,5,13,workload
edge,134,v41-TC02-5-14-8d640dda,V4.1 TC02 Run 5 Customer 14,"V4.1 test order 14 for cloud_failure_with_stateful_edge_failover, run 5, phase workload",2026-08-22T18:09:38.701,edge,0,2026-08-22T18:40:04.251,TC02-20260822T180931546429-run5-ec5b60,TC02-batch-20260822T180830-a18476,TC02,5,14,workload
edge,135,v41-TC02-5-15-3d6604db,V4.1 TC02 Run 5 Customer 15,"V4.1 test order 15 for cloud_failure_with_stateful_edge_failover, run 5, phase workload",2026-08-22T18:09:39.091,edge,0,2026-08-22T18:40:04.826,TC02-20260822T180931546429-run5-ec5b60,TC02-batch-20260822T180830-a18476,TC02,5,15,workload
edge,136,v41-TC02-5-16-5ecd046b,V4.1 TC02 Run 5 Customer 16,"V4.1 test order 16 for cloud_failure_with_stateful_edge_failover, run 5, phase workload",2026-08-22T18:09:39.468,edge,0,2026-08-22T18:40:05.340,TC02-20260822T180931546429-run5-ec5b60,TC02-batch-20260822T180830-a18476,TC02,5,16,workload
edge,137,v41-TC02-5-17-891e9167,V4.1 TC02 Run 5 Customer 17,"V4.1 test order 17 for cloud_failure_with_stateful_edge_failover, run 5, phase workload",2026-08-22T18:09:39.846,edge,0,2026-08-22T18:40:05.902,TC02-20260822T180931546429-run5-ec5b60,TC02-batch-20260822T180830-a18476,TC02,5,17,workload
edge,138,v41-TC02-5-18-0eb3afbc,V4.1 TC02 Run 5 Customer 18,"V4.1 test order 18 for cloud_failure_with_stateful_edge_failover, run 5, phase workload",2026-08-22T18:09:40.235,edge,0,2026-08-22T18:40:06.438,TC02-20260822T180931546429-run5-ec5b60,TC02-batch-20260822T180830-a18476,TC02,5,18,workload
edge,139,v41-TC02-5-19-9768ac2b,V4.1 TC02 Run 5 Customer 19,"V4.1 test order 19 for cloud_failure_with_stateful_edge_failover, run 5, phase workload",2026-08-22T18:09:40.625,edge,0,2026-08-22T18:40:06.959,TC02-20260822T180931546429-run5-ec5b60,TC02-batch-20260822T180830-a18476,TC02,5,19,workload
edge,140,v41-TC02-5-20-0b795201,V4.1 TC02 Run 5 Customer 20,"V4.1 test order 20 for cloud_failure_with_stateful_edge_failover, run 5, phase workload",2026-08-22T18:09:41.014,edge,0,2026-08-22T18:40:07.351,TC02-20260822T180931546429-run5-ec5b60,TC02-batch-20260822T180830-a18476,TC02,5,20,workload
edge,141,v41-TC02-5-21-74c0fae1,V4.1 TC02 Run 5 Customer 21,"V4.1 test order 21 for cloud_failure_with_stateful_edge_failover, run 5, phase workload",2026-08-22T18:09:41.392,edge,0,2026-08-22T18:40:07.708,TC02-20260822T180931546429-run5-ec5b60,TC02-batch-20260822T180830-a18476,TC02,5,21,workload
edge,142,v41-TC02-5-22-f8657c94,V4.1 TC02 Run 5 Customer 22,"V4.1 test order 22 for cloud_failure_with_stateful_edge_failover, run 5, phase workload",2026-08-22T18:09:41.778,edge,0,2026-08-22T18:40:08.069,TC02-20260822T180931546429-run5-ec5b60,TC02-batch-20260822T180830-a18476,TC02,5,22,workload
edge,143,v41-TC02-5-23-0416c9f9,V4.1 TC02 Run 5 Customer 23,"V4.1 test order 23 for cloud_failure_with_stateful_edge_failover, run 5, phase workload",2026-08-22T18:09:42.162,edge,0,2026-08-22T18:40:08.553,TC02-20260822T180931546429-run5-ec5b60,TC02-batch-20260822T180830-a18476,TC02,5,23,workload
edge,144,v41-TC02-5-24-f627dd07,V4.1 TC02 Run 5 Customer 24,"V4.1 test order 24 for cloud_failure_with_stateful_edge_failover, run 5, phase workload",2026-08-22T18:09:42.561,edge,0,2026-08-22T18:40:08.903,TC02-20260822T180931546429-run5-ec5b60,TC02-batch-20260822T180830-a18476,TC02,5,24,workload
edge,145,v41-TC02-5-25-c49c8695,V4.1 TC02 Run 5 Customer 25,"V4.1 test order 25 for cloud_failure_with_stateful_edge_failover, run 5, phase workload",2026-08-22T18:09:42.926,edge,0,2026-08-22T18:40:09.374,TC02-20260822T180931546429-run5-ec5b60,TC02-batch-20260822T180830-a18476,TC02,5,25,workload
edge,146,v41-TC02-5-26-0b63fd7c,V4.1 TC02 Run 5 Customer 26,"V4.1 test order 26 for cloud_failure_with_stateful_edge_failover, run 5, phase workload",2026-08-22T18:09:43.313,edge,0,2026-08-22T18:40:09.750,TC02-20260822T180931546429-run5-ec5b60,TC02-batch-20260822T180830-a18476,TC02,5,26,workload
edge,147,v41-TC02-5-27-59b12eff,V4.1 TC02 Run 5 Customer 27,"V4.1 test order 27 for cloud_failure_with_stateful_edge_failover, run 5, phase workload",2026-08-22T18:09:43.734,edge,0,2026-08-22T18:40:10.149,TC02-20260822T180931546429-run5-ec5b60,TC02-batch-20260822T180830-a18476,TC02,5,27,workload
edge,148,v41-TC02-5-28-449ccdb6,V4.1 TC02 Run 5 Customer 28,"V4.1 test order 28 for cloud_failure_with_stateful_edge_failover, run 5, phase workload",2026-08-22T18:09:44.090,edge,0,2026-08-22T18:40:10.598,TC02-20260822T180931546429-run5-ec5b60,TC02-batch-20260822T180830-a18476,TC02,5,28,workload
edge,149,v41-TC02-5-29-6c8f81f5,V4.1 TC02 Run 5 Customer 29,"V4.1 test order 29 for cloud_failure_with_stateful_edge_failover, run 5, phase workload",2026-08-22T18:09:44.459,edge,0,2026-08-22T18:40:10.949,TC02-20260822T180931546429-run5-ec5b60,TC02-batch-20260822T180830-a18476,TC02,5,29,workload
edge,150,v41-TC02-5-30-dfdfc5e7,V4.1 TC02 Run 5 Customer 30,"V4.1 test order 30 for cloud_failure_with_stateful_edge_failover, run 5, phase workload",2026-08-22T18:09:44.825,edge,0,2026-08-22T18:40:11.306,TC02-20260822T180931546429-run5-ec5b60,TC02-batch-20260822T180830-a18476,TC02,5,30,workload
edge,151,v41-TC02-6-1-1f959a7d,V4.1 TC02 Run 6 Customer 1,"V4.1 test order 1 for cloud_failure_with_stateful_edge_failover, run 6, phase workload",2026-08-22T18:09:46.616,edge,0,2026-08-22T18:40:11.726,TC02-20260822T180946594257-run6-6b5397,TC02-batch-20260822T180830-a18476,TC02,6,1,workload
edge,152,v41-TC02-6-2-04438dbf,V4.1 TC02 Run 6 Customer 2,"V4.1 test order 2 for cloud_failure_with_stateful_edge_failover, run 6, phase workload",2026-08-22T18:09:49.028,edge,0,2026-08-22T18:40:12.048,TC02-20260822T180946594257-run6-6b5397,TC02-batch-20260822T180830-a18476,TC02,6,2,workload
edge,153,v41-TC02-6-3-dcdc83c5,V4.1 TC02 Run 6 Customer 3,"V4.1 test order 3 for cloud_failure_with_stateful_edge_failover, run 6, phase workload",2026-08-22T18:09:49.444,edge,0,2026-08-22T18:40:12.384,TC02-20260822T180946594257-run6-6b5397,TC02-batch-20260822T180830-a18476,TC02,6,3,workload
edge,154,v41-TC02-6-4-6e2adcc2,V4.1 TC02 Run 6 Customer 4,"V4.1 test order 4 for cloud_failure_with_stateful_edge_failover, run 6, phase workload",2026-08-22T18:09:49.830,edge,0,2026-08-22T18:40:12.843,TC02-20260822T180946594257-run6-6b5397,TC02-batch-20260822T180830-a18476,TC02,6,4,workload
edge,155,v41-TC02-6-5-708d9081,V4.1 TC02 Run 6 Customer 5,"V4.1 test order 5 for cloud_failure_with_stateful_edge_failover, run 6, phase workload",2026-08-22T18:09:50.258,edge,0,2026-08-22T18:40:13.183,TC02-20260822T180946594257-run6-6b5397,TC02-batch-20260822T180830-a18476,TC02,6,5,workload
edge,156,v41-TC02-6-6-847025d1,V4.1 TC02 Run 6 Customer 6,"V4.1 test order 6 for cloud_failure_with_stateful_edge_failover, run 6, phase workload",2026-08-22T18:09:50.628,edge,0,2026-08-22T18:40:13.538,TC02-20260822T180946594257-run6-6b5397,TC02-batch-20260822T180830-a18476,TC02,6,6,workload
edge,157,v41-TC02-6-7-384c6785,V4.1 TC02 Run 6 Customer 7,"V4.1 test order 7 for cloud_failure_with_stateful_edge_failover, run 6, phase workload",2026-08-22T18:09:51.003,edge,0,2026-08-22T18:40:13.938,TC02-20260822T180946594257-run6-6b5397,TC02-batch-20260822T180830-a18476,TC02,6,7,workload
edge,158,v41-TC02-6-8-5c4b394e,V4.1 TC02 Run 6 Customer 8,"V4.1 test order 8 for cloud_failure_with_stateful_edge_failover, run 6, phase workload",2026-08-22T18:09:51.405,edge,0,2026-08-22T18:40:14.259,TC02-20260822T180946594257-run6-6b5397,TC02-batch-20260822T180830-a18476,TC02,6,8,workload
edge,159,v41-TC02-6-9-e0b67cc5,V4.1 TC02 Run 6 Customer 9,"V4.1 test order 9 for cloud_failure_with_stateful_edge_failover, run 6, phase workload",2026-08-22T18:09:51.804,edge,0,2026-08-22T18:40:14.574,TC02-20260822T180946594257-run6-6b5397,TC02-batch-20260822T180830-a18476,TC02,6,9,workload
edge,160,v41-TC02-6-10-15addf24,V4.1 TC02 Run 6 Customer 10,"V4.1 test order 10 for cloud_failure_with_stateful_edge_failover, run 6, phase workload",2026-08-22T18:09:52.179,edge,0,2026-08-22T18:40:15.049,TC02-20260822T180946594257-run6-6b5397,TC02-batch-20260822T180830-a18476,TC02,6,10,workload
edge,161,v41-TC02-6-11-6b1af5f7,V4.1 TC02 Run 6 Customer 11,"V4.1 test order 11 for cloud_failure_with_stateful_edge_failover, run 6, phase workload",2026-08-22T18:09:52.550,edge,0,2026-08-22T18:40:15.422,TC02-20260822T180946594257-run6-6b5397,TC02-batch-20260822T180830-a18476,TC02,6,11,workload
edge,162,v41-TC02-6-12-2e24805b,V4.1 TC02 Run 6 Customer 12,"V4.1 test order 12 for cloud_failure_with_stateful_edge_failover, run 6, phase workload",2026-08-22T18:09:52.970,edge,0,2026-08-22T18:40:15.780,TC02-20260822T180946594257-run6-6b5397,TC02-batch-20260822T180830-a18476,TC02,6,12,workload
edge,163,v41-TC02-6-13-6f7d2752,V4.1 TC02 Run 6 Customer 13,"V4.1 test order 13 for cloud_failure_with_stateful_edge_failover, run 6, phase workload",2026-08-22T18:09:53.337,edge,0,2026-08-22T18:40:16.382,TC02-20260822T180946594257-run6-6b5397,TC02-batch-20260822T180830-a18476,TC02,6,13,workload
edge,164,v41-TC02-6-14-7d9af342,V4.1 TC02 Run 6 Customer 14,"V4.1 test order 14 for cloud_failure_with_stateful_edge_failover, run 6, phase workload",2026-08-22T18:09:53.713,edge,0,2026-08-22T18:40:16.944,TC02-20260822T180946594257-run6-6b5397,TC02-batch-20260822T180830-a18476,TC02,6,14,workload
edge,165,v41-TC02-6-15-947484a6,V4.1 TC02 Run 6 Customer 15,"V4.1 test order 15 for cloud_failure_with_stateful_edge_failover, run 6, phase workload",2026-08-22T18:09:54.092,edge,0,2026-08-22T18:40:17.528,TC02-20260822T180946594257-run6-6b5397,TC02-batch-20260822T180830-a18476,TC02,6,15,workload
edge,166,v41-TC02-6-16-2fd08f27,V4.1 TC02 Run 6 Customer 16,"V4.1 test order 16 for cloud_failure_with_stateful_edge_failover, run 6, phase workload",2026-08-22T18:09:54.458,edge,0,2026-08-22T18:40:18.092,TC02-20260822T180946594257-run6-6b5397,TC02-batch-20260822T180830-a18476,TC02,6,16,workload
edge,167,v41-TC02-6-17-db868a09,V4.1 TC02 Run 6 Customer 17,"V4.1 test order 17 for cloud_failure_with_stateful_edge_failover, run 6, phase workload",2026-08-22T18:09:54.869,edge,0,2026-08-22T18:40:18.596,TC02-20260822T180946594257-run6-6b5397,TC02-batch-20260822T180830-a18476,TC02,6,17,workload
edge,168,v41-TC02-6-18-96045c09,V4.1 TC02 Run 6 Customer 18,"V4.1 test order 18 for cloud_failure_with_stateful_edge_failover, run 6, phase workload",2026-08-22T18:09:55.293,edge,0,2026-08-22T18:40:19.084,TC02-20260822T180946594257-run6-6b5397,TC02-batch-20260822T180830-a18476,TC02,6,18,workload
edge,169,v41-TC02-6-19-571d7fbc,V4.1 TC02 Run 6 Customer 19,"V4.1 test order 19 for cloud_failure_with_stateful_edge_failover, run 6, phase workload",2026-08-22T18:09:55.687,edge,0,2026-08-22T18:40:19.680,TC02-20260822T180946594257-run6-6b5397,TC02-batch-20260822T180830-a18476,TC02,6,19,workload
edge,170,v41-TC02-6-20-de15cccd,V4.1 TC02 Run 6 Customer 20,"V4.1 test order 20 for cloud_failure_with_stateful_edge_failover, run 6, phase workload",2026-08-22T18:09:56.106,edge,0,2026-08-22T18:40:20.188,TC02-20260822T180946594257-run6-6b5397,TC02-batch-20260822T180830-a18476,TC02,6,20,workload
edge,171,v41-TC02-6-21-786e1043,V4.1 TC02 Run 6 Customer 21,"V4.1 test order 21 for cloud_failure_with_stateful_edge_failover, run 6, phase workload",2026-08-22T18:09:56.516,edge,0,2026-08-22T18:40:20.747,TC02-20260822T180946594257-run6-6b5397,TC02-batch-20260822T180830-a18476,TC02,6,21,workload
edge,172,v41-TC02-6-22-0a5c3bfd,V4.1 TC02 Run 6 Customer 22,"V4.1 test order 22 for cloud_failure_with_stateful_edge_failover, run 6, phase workload",2026-08-22T18:09:56.914,edge,0,2026-08-22T18:40:21.290,TC02-20260822T180946594257-run6-6b5397,TC02-batch-20260822T180830-a18476,TC02,6,22,workload
edge,173,v41-TC02-6-23-48a35c5a,V4.1 TC02 Run 6 Customer 23,"V4.1 test order 23 for cloud_failure_with_stateful_edge_failover, run 6, phase workload",2026-08-22T18:09:57.349,edge,0,2026-08-22T18:40:21.875,TC02-20260822T180946594257-run6-6b5397,TC02-batch-20260822T180830-a18476,TC02,6,23,workload
edge,174,v41-TC02-6-24-166744ee,V4.1 TC02 Run 6 Customer 24,"V4.1 test order 24 for cloud_failure_with_stateful_edge_failover, run 6, phase workload",2026-08-22T18:09:57.761,edge,0,2026-08-22T18:40:22.454,TC02-20260822T180946594257-run6-6b5397,TC02-batch-20260822T180830-a18476,TC02,6,24,workload
edge,175,v41-TC02-6-25-e3a838a5,V4.1 TC02 Run 6 Customer 25,"V4.1 test order 25 for cloud_failure_with_stateful_edge_failover, run 6, phase workload",2026-08-22T18:09:58.194,edge,0,2026-08-22T18:40:23.035,TC02-20260822T180946594257-run6-6b5397,TC02-batch-20260822T180830-a18476,TC02,6,25,workload
edge,176,v41-TC02-6-26-79cd7c13,V4.1 TC02 Run 6 Customer 26,"V4.1 test order 26 for cloud_failure_with_stateful_edge_failover, run 6, phase workload",2026-08-22T18:09:58.602,edge,0,2026-08-22T18:40:23.465,TC02-20260822T180946594257-run6-6b5397,TC02-batch-20260822T180830-a18476,TC02,6,26,workload
edge,177,v41-TC02-6-27-b012a060,V4.1 TC02 Run 6 Customer 27,"V4.1 test order 27 for cloud_failure_with_stateful_edge_failover, run 6, phase workload",2026-08-22T18:09:59.009,edge,0,2026-08-22T18:40:23.785,TC02-20260822T180946594257-run6-6b5397,TC02-batch-20260822T180830-a18476,TC02,6,27,workload
edge,178,v41-TC02-6-28-d0a46f05,V4.1 TC02 Run 6 Customer 28,"V4.1 test order 28 for cloud_failure_with_stateful_edge_failover, run 6, phase workload",2026-08-22T18:09:59.442,edge,0,2026-08-22T18:40:24.083,TC02-20260822T180946594257-run6-6b5397,TC02-batch-20260822T180830-a18476,TC02,6,28,workload
edge,179,v41-TC02-6-29-c7b88871,V4.1 TC02 Run 6 Customer 29,"V4.1 test order 29 for cloud_failure_with_stateful_edge_failover, run 6, phase workload",2026-08-22T18:09:59.844,edge,0,2026-08-22T18:40:24.603,TC02-20260822T180946594257-run6-6b5397,TC02-batch-20260822T180830-a18476,TC02,6,29,workload
edge,180,v41-TC02-6-30-062239dc,V4.1 TC02 Run 6 Customer 30,"V4.1 test order 30 for cloud_failure_with_stateful_edge_failover, run 6, phase workload",2026-08-22T18:10:00.252,edge,0,2026-08-22T18:40:25.129,TC02-20260822T180946594257-run6-6b5397,TC02-batch-20260822T180830-a18476,TC02,6,30,workload
edge,181,v41-TC02-7-1-801e0d7d,V4.1 TC02 Run 7 Customer 1,"V4.1 test order 1 for cloud_failure_with_stateful_edge_failover, run 7, phase workload",2026-08-22T18:10:02.079,edge,0,2026-08-22T18:40:25.537,TC02-20260822T181002062660-run7-8d051b,TC02-batch-20260822T180830-a18476,TC02,7,1,workload
edge,182,v41-TC02-7-2-d6e9e508,V4.1 TC02 Run 7 Customer 2,"V4.1 test order 2 for cloud_failure_with_stateful_edge_failover, run 7, phase workload",2026-08-22T18:10:04.540,edge,0,2026-08-22T18:40:26.095,TC02-20260822T181002062660-run7-8d051b,TC02-batch-20260822T180830-a18476,TC02,7,2,workload
edge,183,v41-TC02-7-3-f6fa4e4a,V4.1 TC02 Run 7 Customer 3,"V4.1 test order 3 for cloud_failure_with_stateful_edge_failover, run 7, phase workload",2026-08-22T18:10:04.948,edge,0,2026-08-22T18:40:26.667,TC02-20260822T181002062660-run7-8d051b,TC02-batch-20260822T180830-a18476,TC02,7,3,workload
edge,184,v41-TC02-7-4-38736bf6,V4.1 TC02 Run 7 Customer 4,"V4.1 test order 4 for cloud_failure_with_stateful_edge_failover, run 7, phase workload",2026-08-22T18:10:05.348,edge,0,2026-08-22T18:40:27.260,TC02-20260822T181002062660-run7-8d051b,TC02-batch-20260822T180830-a18476,TC02,7,4,workload
edge,185,v41-TC02-7-5-0d5694ee,V4.1 TC02 Run 7 Customer 5,"V4.1 test order 5 for cloud_failure_with_stateful_edge_failover, run 7, phase workload",2026-08-22T18:10:05.748,edge,0,2026-08-22T18:40:27.840,TC02-20260822T181002062660-run7-8d051b,TC02-batch-20260822T180830-a18476,TC02,7,5,workload
edge,186,v41-TC02-7-6-acaf34ed,V4.1 TC02 Run 7 Customer 6,"V4.1 test order 6 for cloud_failure_with_stateful_edge_failover, run 7, phase workload",2026-08-22T18:10:06.147,edge,0,2026-08-22T18:40:28.361,TC02-20260822T181002062660-run7-8d051b,TC02-batch-20260822T180830-a18476,TC02,7,6,workload
edge,187,v41-TC02-7-7-ca48f460,V4.1 TC02 Run 7 Customer 7,"V4.1 test order 7 for cloud_failure_with_stateful_edge_failover, run 7, phase workload",2026-08-22T18:10:06.566,edge,0,2026-08-22T18:40:28.960,TC02-20260822T181002062660-run7-8d051b,TC02-batch-20260822T180830-a18476,TC02,7,7,workload
edge,188,v41-TC02-7-8-2b592704,V4.1 TC02 Run 7 Customer 8,"V4.1 test order 8 for cloud_failure_with_stateful_edge_failover, run 7, phase workload",2026-08-22T18:10:06.948,edge,0,2026-08-22T18:40:29.316,TC02-20260822T181002062660-run7-8d051b,TC02-batch-20260822T180830-a18476,TC02,7,8,workload
edge,189,v41-TC02-7-9-6cf713de,V4.1 TC02 Run 7 Customer 9,"V4.1 test order 9 for cloud_failure_with_stateful_edge_failover, run 7, phase workload",2026-08-22T18:10:07.347,edge,0,2026-08-22T18:40:29.691,TC02-20260822T181002062660-run7-8d051b,TC02-batch-20260822T180830-a18476,TC02,7,9,workload
edge,190,v41-TC02-7-10-c669af8b,V4.1 TC02 Run 7 Customer 10,"V4.1 test order 10 for cloud_failure_with_stateful_edge_failover, run 7, phase workload",2026-08-22T18:10:07.718,edge,0,2026-08-22T18:40:30.120,TC02-20260822T181002062660-run7-8d051b,TC02-batch-20260822T180830-a18476,TC02,7,10,workload
edge,191,v41-TC02-7-11-9a15c2f1,V4.1 TC02 Run 7 Customer 11,"V4.1 test order 11 for cloud_failure_with_stateful_edge_failover, run 7, phase workload",2026-08-22T18:10:08.095,edge,0,2026-08-22T18:40:30.485,TC02-20260822T181002062660-run7-8d051b,TC02-batch-20260822T180830-a18476,TC02,7,11,workload
edge,192,v41-TC02-7-12-1546ad40,V4.1 TC02 Run 7 Customer 12,"V4.1 test order 12 for cloud_failure_with_stateful_edge_failover, run 7, phase workload",2026-08-22T18:10:08.476,edge,0,2026-08-22T18:40:30.949,TC02-20260822T181002062660-run7-8d051b,TC02-batch-20260822T180830-a18476,TC02,7,12,workload
edge,193,v41-TC02-7-13-e967fc6a,V4.1 TC02 Run 7 Customer 13,"V4.1 test order 13 for cloud_failure_with_stateful_edge_failover, run 7, phase workload",2026-08-22T18:10:08.869,edge,0,2026-08-22T18:40:31.304,TC02-20260822T181002062660-run7-8d051b,TC02-batch-20260822T180830-a18476,TC02,7,13,workload
edge,194,v41-TC02-7-14-b5ed505e,V4.1 TC02 Run 7 Customer 14,"V4.1 test order 14 for cloud_failure_with_stateful_edge_failover, run 7, phase workload",2026-08-22T18:10:09.280,edge,0,2026-08-22T18:40:31.751,TC02-20260822T181002062660-run7-8d051b,TC02-batch-20260822T180830-a18476,TC02,7,14,workload
edge,195,v41-TC02-7-15-fdb59bfd,V4.1 TC02 Run 7 Customer 15,"V4.1 test order 15 for cloud_failure_with_stateful_edge_failover, run 7, phase workload",2026-08-22T18:10:09.760,edge,0,2026-08-22T18:40:32.238,TC02-20260822T181002062660-run7-8d051b,TC02-batch-20260822T180830-a18476,TC02,7,15,workload
edge,196,v41-TC02-7-16-23a4980b,V4.1 TC02 Run 7 Customer 16,"V4.1 test order 16 for cloud_failure_with_stateful_edge_failover, run 7, phase workload",2026-08-22T18:10:10.158,edge,0,2026-08-22T18:40:32.652,TC02-20260822T181002062660-run7-8d051b,TC02-batch-20260822T180830-a18476,TC02,7,16,workload
edge,197,v41-TC02-7-17-44972995,V4.1 TC02 Run 7 Customer 17,"V4.1 test order 17 for cloud_failure_with_stateful_edge_failover, run 7, phase workload",2026-08-22T18:10:10.547,edge,0,2026-08-22T18:40:32.995,TC02-20260822T181002062660-run7-8d051b,TC02-batch-20260822T180830-a18476,TC02,7,17,workload
edge,198,v41-TC02-7-18-11969e01,V4.1 TC02 Run 7 Customer 18,"V4.1 test order 18 for cloud_failure_with_stateful_edge_failover, run 7, phase workload",2026-08-22T18:10:10.947,edge,0,2026-08-22T18:40:33.467,TC02-20260822T181002062660-run7-8d051b,TC02-batch-20260822T180830-a18476,TC02,7,18,workload
edge,199,v41-TC02-7-19-c90e223a,V4.1 TC02 Run 7 Customer 19,"V4.1 test order 19 for cloud_failure_with_stateful_edge_failover, run 7, phase workload",2026-08-22T18:10:11.340,edge,0,2026-08-22T18:40:33.850,TC02-20260822T181002062660-run7-8d051b,TC02-batch-20260822T180830-a18476,TC02,7,19,workload
edge,200,v41-TC02-7-20-99bed5bb,V4.1 TC02 Run 7 Customer 20,"V4.1 test order 20 for cloud_failure_with_stateful_edge_failover, run 7, phase workload",2026-08-22T18:10:11.737,edge,0,2026-08-22T18:40:34.270,TC02-20260822T181002062660-run7-8d051b,TC02-batch-20260822T180830-a18476,TC02,7,20,workload
edge,201,v41-TC02-7-21-7e5dc8c2,V4.1 TC02 Run 7 Customer 21,"V4.1 test order 21 for cloud_failure_with_stateful_edge_failover, run 7, phase workload",2026-08-22T18:10:12.097,edge,0,2026-08-22T18:40:34.713,TC02-20260822T181002062660-run7-8d051b,TC02-batch-20260822T180830-a18476,TC02,7,21,workload
edge,202,v41-TC02-7-22-2c7c8ac0,V4.1 TC02 Run 7 Customer 22,"V4.1 test order 22 for cloud_failure_with_stateful_edge_failover, run 7, phase workload",2026-08-22T18:10:12.492,edge,0,2026-08-22T18:40:35.259,TC02-20260822T181002062660-run7-8d051b,TC02-batch-20260822T180830-a18476,TC02,7,22,workload
edge,203,v41-TC02-7-23-91379055,V4.1 TC02 Run 7 Customer 23,"V4.1 test order 23 for cloud_failure_with_stateful_edge_failover, run 7, phase workload",2026-08-22T18:10:12.881,edge,0,2026-08-22T18:40:35.783,TC02-20260822T181002062660-run7-8d051b,TC02-batch-20260822T180830-a18476,TC02,7,23,workload
edge,204,v41-TC02-7-24-73a892f3,V4.1 TC02 Run 7 Customer 24,"V4.1 test order 24 for cloud_failure_with_stateful_edge_failover, run 7, phase workload",2026-08-22T18:10:13.305,edge,0,2026-08-22T18:40:36.375,TC02-20260822T181002062660-run7-8d051b,TC02-batch-20260822T180830-a18476,TC02,7,24,workload
edge,205,v41-TC02-7-25-5adc0b6d,V4.1 TC02 Run 7 Customer 25,"V4.1 test order 25 for cloud_failure_with_stateful_edge_failover, run 7, phase workload",2026-08-22T18:10:13.695,edge,0,2026-08-22T18:40:36.938,TC02-20260822T181002062660-run7-8d051b,TC02-batch-20260822T180830-a18476,TC02,7,25,workload
edge,206,v41-TC02-7-26-5ff0c8b0,V4.1 TC02 Run 7 Customer 26,"V4.1 test order 26 for cloud_failure_with_stateful_edge_failover, run 7, phase workload",2026-08-22T18:10:14.047,edge,0,2026-08-22T18:40:37.590,TC02-20260822T181002062660-run7-8d051b,TC02-batch-20260822T180830-a18476,TC02,7,26,workload
edge,207,v41-TC02-7-27-27b376aa,V4.1 TC02 Run 7 Customer 27,"V4.1 test order 27 for cloud_failure_with_stateful_edge_failover, run 7, phase workload",2026-08-22T18:10:14.414,edge,0,2026-08-22T18:40:38.056,TC02-20260822T181002062660-run7-8d051b,TC02-batch-20260822T180830-a18476,TC02,7,27,workload
edge,208,v41-TC02-7-28-74c91ee0,V4.1 TC02 Run 7 Customer 28,"V4.1 test order 28 for cloud_failure_with_stateful_edge_failover, run 7, phase workload",2026-08-22T18:10:14.769,edge,0,2026-08-22T18:40:38.409,TC02-20260822T181002062660-run7-8d051b,TC02-batch-20260822T180830-a18476,TC02,7,28,workload
edge,209,v41-TC02-7-29-06842170,V4.1 TC02 Run 7 Customer 29,"V4.1 test order 29 for cloud_failure_with_stateful_edge_failover, run 7, phase workload",2026-08-22T18:10:15.131,edge,0,2026-08-22T18:40:38.768,TC02-20260822T181002062660-run7-8d051b,TC02-batch-20260822T180830-a18476,TC02,7,29,workload
edge,210,v41-TC02-7-30-8968a25e,V4.1 TC02 Run 7 Customer 30,"V4.1 test order 30 for cloud_failure_with_stateful_edge_failover, run 7, phase workload",2026-08-22T18:10:15.516,edge,0,2026-08-22T18:40:39.206,TC02-20260822T181002062660-run7-8d051b,TC02-batch-20260822T180830-a18476,TC02,7,30,workload
edge,211,v41-TC02-8-1-04b20d22,V4.1 TC02 Run 8 Customer 1,"V4.1 test order 1 for cloud_failure_with_stateful_edge_failover, run 8, phase workload",2026-08-22T18:10:17.332,edge,0,2026-08-22T18:40:39.599,TC02-20260822T181017310026-run8-35d85e,TC02-batch-20260822T180830-a18476,TC02,8,1,workload
edge,212,v41-TC02-8-2-d2c602f8,V4.1 TC02 Run 8 Customer 2,"V4.1 test order 2 for cloud_failure_with_stateful_edge_failover, run 8, phase workload",2026-08-22T18:10:19.741,edge,0,2026-08-22T18:40:39.940,TC02-20260822T181017310026-run8-35d85e,TC02-batch-20260822T180830-a18476,TC02,8,2,workload
edge,213,v41-TC02-8-3-f44e96aa,V4.1 TC02 Run 8 Customer 3,"V4.1 test order 3 for cloud_failure_with_stateful_edge_failover, run 8, phase workload",2026-08-22T18:10:20.167,edge,0,2026-08-22T18:40:40.417,TC02-20260822T181017310026-run8-35d85e,TC02-batch-20260822T180830-a18476,TC02,8,3,workload
edge,214,v41-TC02-8-4-164c8cdd,V4.1 TC02 Run 8 Customer 4,"V4.1 test order 4 for cloud_failure_with_stateful_edge_failover, run 8, phase workload",2026-08-22T18:10:20.614,edge,0,2026-08-22T18:40:40.749,TC02-20260822T181017310026-run8-35d85e,TC02-batch-20260822T180830-a18476,TC02,8,4,workload
edge,215,v41-TC02-8-5-8cb46c1c,V4.1 TC02 Run 8 Customer 5,"V4.1 test order 5 for cloud_failure_with_stateful_edge_failover, run 8, phase workload",2026-08-22T18:10:20.992,edge,0,2026-08-22T18:40:41.094,TC02-20260822T181017310026-run8-35d85e,TC02-batch-20260822T180830-a18476,TC02,8,5,workload
edge,216,v41-TC02-8-6-d6b7ef60,V4.1 TC02 Run 8 Customer 6,"V4.1 test order 6 for cloud_failure_with_stateful_edge_failover, run 8, phase workload",2026-08-22T18:10:21.400,edge,0,2026-08-22T18:40:41.511,TC02-20260822T181017310026-run8-35d85e,TC02-batch-20260822T180830-a18476,TC02,8,6,workload
edge,217,v41-TC02-8-7-ae27b74d,V4.1 TC02 Run 8 Customer 7,"V4.1 test order 7 for cloud_failure_with_stateful_edge_failover, run 8, phase workload",2026-08-22T18:10:21.793,edge,0,2026-08-22T18:40:41.832,TC02-20260822T181017310026-run8-35d85e,TC02-batch-20260822T180830-a18476,TC02,8,7,workload
edge,218,v41-TC02-8-8-8c83660d,V4.1 TC02 Run 8 Customer 8,"V4.1 test order 8 for cloud_failure_with_stateful_edge_failover, run 8, phase workload",2026-08-22T18:10:22.170,edge,0,2026-08-22T18:40:42.162,TC02-20260822T181017310026-run8-35d85e,TC02-batch-20260822T180830-a18476,TC02,8,8,workload
edge,219,v41-TC02-8-9-13cdc8d0,V4.1 TC02 Run 8 Customer 9,"V4.1 test order 9 for cloud_failure_with_stateful_edge_failover, run 8, phase workload",2026-08-22T18:10:22.547,edge,0,2026-08-22T18:40:42.665,TC02-20260822T181017310026-run8-35d85e,TC02-batch-20260822T180830-a18476,TC02,8,9,workload
edge,220,v41-TC02-8-10-9897cb8f,V4.1 TC02 Run 8 Customer 10,"V4.1 test order 10 for cloud_failure_with_stateful_edge_failover, run 8, phase workload",2026-08-22T18:10:22.936,edge,0,2026-08-22T18:40:42.999,TC02-20260822T181017310026-run8-35d85e,TC02-batch-20260822T180830-a18476,TC02,8,10,workload
edge,221,v41-TC02-8-11-735038c5,V4.1 TC02 Run 8 Customer 11,"V4.1 test order 11 for cloud_failure_with_stateful_edge_failover, run 8, phase workload",2026-08-22T18:10:23.317,edge,0,2026-08-22T18:40:43.338,TC02-20260822T181017310026-run8-35d85e,TC02-batch-20260822T180830-a18476,TC02,8,11,workload
edge,222,v41-TC02-8-12-2a1699ab,V4.1 TC02 Run 8 Customer 12,"V4.1 test order 12 for cloud_failure_with_stateful_edge_failover, run 8, phase workload",2026-08-22T18:10:23.693,edge,0,2026-08-22T18:40:43.805,TC02-20260822T181017310026-run8-35d85e,TC02-batch-20260822T180830-a18476,TC02,8,12,workload
edge,223,v41-TC02-8-13-ccddf349,V4.1 TC02 Run 8 Customer 13,"V4.1 test order 13 for cloud_failure_with_stateful_edge_failover, run 8, phase workload",2026-08-22T18:10:24.085,edge,0,2026-08-22T18:40:44.150,TC02-20260822T181017310026-run8-35d85e,TC02-batch-20260822T180830-a18476,TC02,8,13,workload
edge,224,v41-TC02-8-14-c50417a6,V4.1 TC02 Run 8 Customer 14,"V4.1 test order 14 for cloud_failure_with_stateful_edge_failover, run 8, phase workload",2026-08-22T18:10:24.492,edge,0,2026-08-22T18:40:44.483,TC02-20260822T181017310026-run8-35d85e,TC02-batch-20260822T180830-a18476,TC02,8,14,workload
edge,225,v41-TC02-8-15-cc8aa17a,V4.1 TC02 Run 8 Customer 15,"V4.1 test order 15 for cloud_failure_with_stateful_edge_failover, run 8, phase workload",2026-08-22T18:10:24.863,edge,0,2026-08-22T18:40:44.963,TC02-20260822T181017310026-run8-35d85e,TC02-batch-20260822T180830-a18476,TC02,8,15,workload
edge,226,v41-TC02-8-16-812697c2,V4.1 TC02 Run 8 Customer 16,"V4.1 test order 16 for cloud_failure_with_stateful_edge_failover, run 8, phase workload",2026-08-22T18:10:25.238,edge,0,2026-08-22T18:40:45.311,TC02-20260822T181017310026-run8-35d85e,TC02-batch-20260822T180830-a18476,TC02,8,16,workload
edge,227,v41-TC02-8-17-af0c710c,V4.1 TC02 Run 8 Customer 17,"V4.1 test order 17 for cloud_failure_with_stateful_edge_failover, run 8, phase workload",2026-08-22T18:10:25.677,edge,0,2026-08-22T18:40:45.750,TC02-20260822T181017310026-run8-35d85e,TC02-batch-20260822T180830-a18476,TC02,8,17,workload
edge,228,v41-TC02-8-18-21dc031f,V4.1 TC02 Run 8 Customer 18,"V4.1 test order 18 for cloud_failure_with_stateful_edge_failover, run 8, phase workload",2026-08-22T18:10:26.048,edge,0,2026-08-22T18:40:46.121,TC02-20260822T181017310026-run8-35d85e,TC02-batch-20260822T180830-a18476,TC02,8,18,workload
edge,229,v41-TC02-8-19-ceba5d16,V4.1 TC02 Run 8 Customer 19,"V4.1 test order 19 for cloud_failure_with_stateful_edge_failover, run 8, phase workload",2026-08-22T18:10:26.436,edge,0,2026-08-22T18:40:46.440,TC02-20260822T181017310026-run8-35d85e,TC02-batch-20260822T180830-a18476,TC02,8,19,workload
edge,230,v41-TC02-8-20-f04d9c43,V4.1 TC02 Run 8 Customer 20,"V4.1 test order 20 for cloud_failure_with_stateful_edge_failover, run 8, phase workload",2026-08-22T18:10:26.836,edge,0,2026-08-22T18:40:46.918,TC02-20260822T181017310026-run8-35d85e,TC02-batch-20260822T180830-a18476,TC02,8,20,workload
edge,231,v41-TC02-8-21-3fc61428,V4.1 TC02 Run 8 Customer 21,"V4.1 test order 21 for cloud_failure_with_stateful_edge_failover, run 8, phase workload",2026-08-22T18:10:27.203,edge,0,2026-08-22T18:40:47.297,TC02-20260822T181017310026-run8-35d85e,TC02-batch-20260822T180830-a18476,TC02,8,21,workload
edge,232,v41-TC02-8-22-507cc6c5,V4.1 TC02 Run 8 Customer 22,"V4.1 test order 22 for cloud_failure_with_stateful_edge_failover, run 8, phase workload",2026-08-22T18:10:27.585,edge,0,2026-08-22T18:40:47.900,TC02-20260822T181017310026-run8-35d85e,TC02-batch-20260822T180830-a18476,TC02,8,22,workload
edge,233,v41-TC02-8-23-52ef8677,V4.1 TC02 Run 8 Customer 23,"V4.1 test order 23 for cloud_failure_with_stateful_edge_failover, run 8, phase workload",2026-08-22T18:10:27.986,edge,0,2026-08-22T18:40:48.431,TC02-20260822T181017310026-run8-35d85e,TC02-batch-20260822T180830-a18476,TC02,8,23,workload
edge,234,v41-TC02-8-24-c6e58ec4,V4.1 TC02 Run 8 Customer 24,"V4.1 test order 24 for cloud_failure_with_stateful_edge_failover, run 8, phase workload",2026-08-22T18:10:28.382,edge,0,2026-08-22T18:40:48.977,TC02-20260822T181017310026-run8-35d85e,TC02-batch-20260822T180830-a18476,TC02,8,24,workload
edge,235,v41-TC02-8-25-806c1f65,V4.1 TC02 Run 8 Customer 25,"V4.1 test order 25 for cloud_failure_with_stateful_edge_failover, run 8, phase workload",2026-08-22T18:10:28.760,edge,0,2026-08-22T18:40:49.505,TC02-20260822T181017310026-run8-35d85e,TC02-batch-20260822T180830-a18476,TC02,8,25,workload
edge,236,v41-TC02-8-26-7d08bacd,V4.1 TC02 Run 8 Customer 26,"V4.1 test order 26 for cloud_failure_with_stateful_edge_failover, run 8, phase workload",2026-08-22T18:10:29.130,edge,0,2026-08-22T18:40:49.991,TC02-20260822T181017310026-run8-35d85e,TC02-batch-20260822T180830-a18476,TC02,8,26,workload
edge,237,v41-TC02-8-27-37ab63c9,V4.1 TC02 Run 8 Customer 27,"V4.1 test order 27 for cloud_failure_with_stateful_edge_failover, run 8, phase workload",2026-08-22T18:10:29.493,edge,0,2026-08-22T18:40:50.492,TC02-20260822T181017310026-run8-35d85e,TC02-batch-20260822T180830-a18476,TC02,8,27,workload
edge,238,v41-TC02-8-28-f7713fe1,V4.1 TC02 Run 8 Customer 28,"V4.1 test order 28 for cloud_failure_with_stateful_edge_failover, run 8, phase workload",2026-08-22T18:10:29.853,edge,0,2026-08-22T18:40:50.989,TC02-20260822T181017310026-run8-35d85e,TC02-batch-20260822T180830-a18476,TC02,8,28,workload
edge,239,v41-TC02-8-29-46d3b264,V4.1 TC02 Run 8 Customer 29,"V4.1 test order 29 for cloud_failure_with_stateful_edge_failover, run 8, phase workload",2026-08-22T18:10:30.235,edge,0,2026-08-22T18:40:51.462,TC02-20260822T181017310026-run8-35d85e,TC02-batch-20260822T180830-a18476,TC02,8,29,workload
edge,240,v41-TC02-8-30-52977fff,V4.1 TC02 Run 8 Customer 30,"V4.1 test order 30 for cloud_failure_with_stateful_edge_failover, run 8, phase workload",2026-08-22T18:10:30.603,edge,0,2026-08-22T18:40:51.992,TC02-20260822T181017310026-run8-35d85e,TC02-batch-20260822T180830-a18476,TC02,8,30,workload
edge,241,v41-TC02-9-1-f3cf744a,V4.1 TC02 Run 9 Customer 1,"V4.1 test order 1 for cloud_failure_with_stateful_edge_failover, run 9, phase workload",2026-08-22T18:10:32.367,edge,0,2026-08-22T18:40:52.447,TC02-20260822T181032345961-run9-d687cc,TC02-batch-20260822T180830-a18476,TC02,9,1,workload
edge,242,v41-TC02-9-2-28417610,V4.1 TC02 Run 9 Customer 2,"V4.1 test order 2 for cloud_failure_with_stateful_edge_failover, run 9, phase workload",2026-08-22T18:10:34.762,edge,0,2026-08-22T18:40:52.929,TC02-20260822T181032345961-run9-d687cc,TC02-batch-20260822T180830-a18476,TC02,9,2,workload
edge,243,v41-TC02-9-3-7937c9bc,V4.1 TC02 Run 9 Customer 3,"V4.1 test order 3 for cloud_failure_with_stateful_edge_failover, run 9, phase workload",2026-08-22T18:10:35.187,edge,0,2026-08-22T18:40:53.552,TC02-20260822T181032345961-run9-d687cc,TC02-batch-20260822T180830-a18476,TC02,9,3,workload
edge,244,v41-TC02-9-4-c6f128d0,V4.1 TC02 Run 9 Customer 4,"V4.1 test order 4 for cloud_failure_with_stateful_edge_failover, run 9, phase workload",2026-08-22T18:10:35.600,edge,0,2026-08-22T18:40:54.023,TC02-20260822T181032345961-run9-d687cc,TC02-batch-20260822T180830-a18476,TC02,9,4,workload
edge,245,v41-TC02-9-5-790bfb75,V4.1 TC02 Run 9 Customer 5,"V4.1 test order 5 for cloud_failure_with_stateful_edge_failover, run 9, phase workload",2026-08-22T18:10:35.994,edge,0,2026-08-22T18:40:54.363,TC02-20260822T181032345961-run9-d687cc,TC02-batch-20260822T180830-a18476,TC02,9,5,workload
edge,246,v41-TC02-9-6-9069e002,V4.1 TC02 Run 9 Customer 6,"V4.1 test order 6 for cloud_failure_with_stateful_edge_failover, run 9, phase workload",2026-08-22T18:10:36.421,edge,0,2026-08-22T18:40:54.704,TC02-20260822T181032345961-run9-d687cc,TC02-batch-20260822T180830-a18476,TC02,9,6,workload
edge,247,v41-TC02-9-7-09d56976,V4.1 TC02 Run 9 Customer 7,"V4.1 test order 7 for cloud_failure_with_stateful_edge_failover, run 9, phase workload",2026-08-22T18:10:36.814,edge,0,2026-08-22T18:40:55.129,TC02-20260822T181032345961-run9-d687cc,TC02-batch-20260822T180830-a18476,TC02,9,7,workload
edge,248,v41-TC02-9-8-0bd88a0a,V4.1 TC02 Run 9 Customer 8,"V4.1 test order 8 for cloud_failure_with_stateful_edge_failover, run 9, phase workload",2026-08-22T18:10:37.192,edge,0,2026-08-22T18:40:55.506,TC02-20260822T181032345961-run9-d687cc,TC02-batch-20260822T180830-a18476,TC02,9,8,workload
edge,249,v41-TC02-9-9-5585714f,V4.1 TC02 Run 9 Customer 9,"V4.1 test order 9 for cloud_failure_with_stateful_edge_failover, run 9, phase workload",2026-08-22T18:10:37.603,edge,0,2026-08-22T18:40:55.807,TC02-20260822T181032345961-run9-d687cc,TC02-batch-20260822T180830-a18476,TC02,9,9,workload
edge,250,v41-TC02-9-10-0835a372,V4.1 TC02 Run 9 Customer 10,"V4.1 test order 10 for cloud_failure_with_stateful_edge_failover, run 9, phase workload",2026-08-22T18:10:37.992,edge,0,2026-08-22T18:40:56.285,TC02-20260822T181032345961-run9-d687cc,TC02-batch-20260822T180830-a18476,TC02,9,10,workload
edge,251,v41-TC02-9-11-4a4d13d1,V4.1 TC02 Run 9 Customer 11,"V4.1 test order 11 for cloud_failure_with_stateful_edge_failover, run 9, phase workload",2026-08-22T18:10:38.369,edge,0,2026-08-22T18:40:56.632,TC02-20260822T181032345961-run9-d687cc,TC02-batch-20260822T180830-a18476,TC02,9,11,workload
edge,252,v41-TC02-9-12-1d934b50,V4.1 TC02 Run 9 Customer 12,"V4.1 test order 12 for cloud_failure_with_stateful_edge_failover, run 9, phase workload",2026-08-22T18:10:38.763,edge,0,2026-08-22T18:40:56.966,TC02-20260822T181032345961-run9-d687cc,TC02-batch-20260822T180830-a18476,TC02,9,12,workload
edge,253,v41-TC02-9-13-d5c3f9ae,V4.1 TC02 Run 9 Customer 13,"V4.1 test order 13 for cloud_failure_with_stateful_edge_failover, run 9, phase workload",2026-08-22T18:10:39.138,edge,0,2026-08-22T18:40:57.375,TC02-20260822T181032345961-run9-d687cc,TC02-batch-20260822T180830-a18476,TC02,9,13,workload
edge,254,v41-TC02-9-14-a62d1368,V4.1 TC02 Run 9 Customer 14,"V4.1 test order 14 for cloud_failure_with_stateful_edge_failover, run 9, phase workload",2026-08-22T18:10:39.548,edge,0,2026-08-22T18:40:57.715,TC02-20260822T181032345961-run9-d687cc,TC02-batch-20260822T180830-a18476,TC02,9,14,workload
edge,255,v41-TC02-9-15-3072d153,V4.1 TC02 Run 9 Customer 15,"V4.1 test order 15 for cloud_failure_with_stateful_edge_failover, run 9, phase workload",2026-08-22T18:10:39.936,edge,0,2026-08-22T18:40:58.075,TC02-20260822T181032345961-run9-d687cc,TC02-batch-20260822T180830-a18476,TC02,9,15,workload
edge,256,v41-TC02-9-16-43417ba8,V4.1 TC02 Run 9 Customer 16,"V4.1 test order 16 for cloud_failure_with_stateful_edge_failover, run 9, phase workload",2026-08-22T18:10:40.338,edge,0,2026-08-22T18:40:58.522,TC02-20260822T181032345961-run9-d687cc,TC02-batch-20260822T180830-a18476,TC02,9,16,workload
edge,257,v41-TC02-9-17-7477be6c,V4.1 TC02 Run 9 Customer 17,"V4.1 test order 17 for cloud_failure_with_stateful_edge_failover, run 9, phase workload",2026-08-22T18:10:40.714,edge,0,2026-08-22T18:40:58.871,TC02-20260822T181032345961-run9-d687cc,TC02-batch-20260822T180830-a18476,TC02,9,17,workload
edge,258,v41-TC02-9-18-2514d011,V4.1 TC02 Run 9 Customer 18,"V4.1 test order 18 for cloud_failure_with_stateful_edge_failover, run 9, phase workload",2026-08-22T18:10:41.093,edge,0,2026-08-22T18:40:59.185,TC02-20260822T181032345961-run9-d687cc,TC02-batch-20260822T180830-a18476,TC02,9,18,workload
edge,259,v41-TC02-9-19-226e9745,V4.1 TC02 Run 9 Customer 19,"V4.1 test order 19 for cloud_failure_with_stateful_edge_failover, run 9, phase workload",2026-08-22T18:10:41.476,edge,0,2026-08-22T18:40:59.749,TC02-20260822T181032345961-run9-d687cc,TC02-batch-20260822T180830-a18476,TC02,9,19,workload
edge,260,v41-TC02-9-20-69862bcb,V4.1 TC02 Run 9 Customer 20,"V4.1 test order 20 for cloud_failure_with_stateful_edge_failover, run 9, phase workload",2026-08-22T18:10:41.842,edge,0,2026-08-22T18:41:00.118,TC02-20260822T181032345961-run9-d687cc,TC02-batch-20260822T180830-a18476,TC02,9,20,workload
edge,261,v41-TC02-9-21-2f797ab6,V4.1 TC02 Run 9 Customer 21,"V4.1 test order 21 for cloud_failure_with_stateful_edge_failover, run 9, phase workload",2026-08-22T18:10:42.193,edge,0,2026-08-22T18:41:00.599,TC02-20260822T181032345961-run9-d687cc,TC02-batch-20260822T180830-a18476,TC02,9,21,workload
edge,262,v41-TC02-9-22-a0d283be,V4.1 TC02 Run 9 Customer 22,"V4.1 test order 22 for cloud_failure_with_stateful_edge_failover, run 9, phase workload",2026-08-22T18:10:42.592,edge,0,2026-08-22T18:41:00.919,TC02-20260822T181032345961-run9-d687cc,TC02-batch-20260822T180830-a18476,TC02,9,22,workload
edge,263,v41-TC02-9-23-cf167d46,V4.1 TC02 Run 9 Customer 23,"V4.1 test order 23 for cloud_failure_with_stateful_edge_failover, run 9, phase workload",2026-08-22T18:10:42.992,edge,0,2026-08-22T18:41:01.279,TC02-20260822T181032345961-run9-d687cc,TC02-batch-20260822T180830-a18476,TC02,9,23,workload
edge,264,v41-TC02-9-24-906bdc96,V4.1 TC02 Run 9 Customer 24,"V4.1 test order 24 for cloud_failure_with_stateful_edge_failover, run 9, phase workload",2026-08-22T18:10:43.393,edge,0,2026-08-22T18:41:01.689,TC02-20260822T181032345961-run9-d687cc,TC02-batch-20260822T180830-a18476,TC02,9,24,workload
edge,265,v41-TC02-9-25-a0830409,V4.1 TC02 Run 9 Customer 25,"V4.1 test order 25 for cloud_failure_with_stateful_edge_failover, run 9, phase workload",2026-08-22T18:10:43.783,edge,0,2026-08-22T18:41:02.073,TC02-20260822T181032345961-run9-d687cc,TC02-batch-20260822T180830-a18476,TC02,9,25,workload
edge,266,v41-TC02-9-26-a37baa33,V4.1 TC02 Run 9 Customer 26,"V4.1 test order 26 for cloud_failure_with_stateful_edge_failover, run 9, phase workload",2026-08-22T18:10:44.148,edge,0,2026-08-22T18:41:02.409,TC02-20260822T181032345961-run9-d687cc,TC02-batch-20260822T180830-a18476,TC02,9,26,workload
edge,267,v41-TC02-9-27-16b2d8b6,V4.1 TC02 Run 9 Customer 27,"V4.1 test order 27 for cloud_failure_with_stateful_edge_failover, run 9, phase workload",2026-08-22T18:10:44.526,edge,0,2026-08-22T18:41:02.818,TC02-20260822T181032345961-run9-d687cc,TC02-batch-20260822T180830-a18476,TC02,9,27,workload
edge,268,v41-TC02-9-28-a1dc8bb4,V4.1 TC02 Run 9 Customer 28,"V4.1 test order 28 for cloud_failure_with_stateful_edge_failover, run 9, phase workload",2026-08-22T18:10:44.904,edge,0,2026-08-22T18:41:03.152,TC02-20260822T181032345961-run9-d687cc,TC02-batch-20260822T180830-a18476,TC02,9,28,workload
edge,269,v41-TC02-9-29-7d3421ba,V4.1 TC02 Run 9 Customer 29,"V4.1 test order 29 for cloud_failure_with_stateful_edge_failover, run 9, phase workload",2026-08-22T18:10:45.283,edge,0,2026-08-22T18:41:03.520,TC02-20260822T181032345961-run9-d687cc,TC02-batch-20260822T180830-a18476,TC02,9,29,workload
edge,270,v41-TC02-9-30-48e4d6e7,V4.1 TC02 Run 9 Customer 30,"V4.1 test order 30 for cloud_failure_with_stateful_edge_failover, run 9, phase workload",2026-08-22T18:10:45.652,edge,0,2026-08-22T18:41:04.059,TC02-20260822T181032345961-run9-d687cc,TC02-batch-20260822T180830-a18476,TC02,9,30,workload
edge,271,v41-TC02-10-1-80820833,V4.1 TC02 Run 10 Customer 1,"V4.1 test order 1 for cloud_failure_with_stateful_edge_failover, run 10, phase workload",2026-08-22T18:10:47.473,edge,0,2026-08-22T18:41:04.506,TC02-20260822T181047451168-run10-1de0d5,TC02-batch-20260822T180830-a18476,TC02,10,1,workload
edge,272,v41-TC02-10-2-c863cfde,V4.1 TC02 Run 10 Customer 2,"V4.1 test order 2 for cloud_failure_with_stateful_edge_failover, run 10, phase workload",2026-08-22T18:10:49.965,edge,0,2026-08-22T18:41:05.098,TC02-20260822T181047451168-run10-1de0d5,TC02-batch-20260822T180830-a18476,TC02,10,2,workload
edge,273,v41-TC02-10-3-dc01bbba,V4.1 TC02 Run 10 Customer 3,"V4.1 test order 3 for cloud_failure_with_stateful_edge_failover, run 10, phase workload",2026-08-22T18:10:50.369,edge,0,2026-08-22T18:41:05.759,TC02-20260822T181047451168-run10-1de0d5,TC02-batch-20260822T180830-a18476,TC02,10,3,workload
edge,274,v41-TC02-10-4-21baaa5e,V4.1 TC02 Run 10 Customer 4,"V4.1 test order 4 for cloud_failure_with_stateful_edge_failover, run 10, phase workload",2026-08-22T18:10:50.784,edge,0,2026-08-22T18:41:06.346,TC02-20260822T181047451168-run10-1de0d5,TC02-batch-20260822T180830-a18476,TC02,10,4,workload
edge,275,v41-TC02-10-5-640996e8,V4.1 TC02 Run 10 Customer 5,"V4.1 test order 5 for cloud_failure_with_stateful_edge_failover, run 10, phase workload",2026-08-22T18:10:51.281,edge,0,2026-08-22T18:41:07.112,TC02-20260822T181047451168-run10-1de0d5,TC02-batch-20260822T180830-a18476,TC02,10,5,workload
edge,276,v41-TC02-10-6-3dbae722,V4.1 TC02 Run 10 Customer 6,"V4.1 test order 6 for cloud_failure_with_stateful_edge_failover, run 10, phase workload",2026-08-22T18:10:51.660,edge,0,2026-08-22T18:41:07.808,TC02-20260822T181047451168-run10-1de0d5,TC02-batch-20260822T180830-a18476,TC02,10,6,workload
edge,277,v41-TC02-10-7-dfb68697,V4.1 TC02 Run 10 Customer 7,"V4.1 test order 7 for cloud_failure_with_stateful_edge_failover, run 10, phase workload",2026-08-22T18:10:52.037,edge,0,2026-08-22T18:41:08.267,TC02-20260822T181047451168-run10-1de0d5,TC02-batch-20260822T180830-a18476,TC02,10,7,workload
edge,278,v41-TC02-10-8-ba9337ba,V4.1 TC02 Run 10 Customer 8,"V4.1 test order 8 for cloud_failure_with_stateful_edge_failover, run 10, phase workload",2026-08-22T18:10:52.509,edge,0,2026-08-22T18:41:08.829,TC02-20260822T181047451168-run10-1de0d5,TC02-batch-20260822T180830-a18476,TC02,10,8,workload
edge,279,v41-TC02-10-9-1a2e17d7,V4.1 TC02 Run 10 Customer 9,"V4.1 test order 9 for cloud_failure_with_stateful_edge_failover, run 10, phase workload",2026-08-22T18:10:52.905,edge,0,2026-08-22T18:41:09.336,TC02-20260822T181047451168-run10-1de0d5,TC02-batch-20260822T180830-a18476,TC02,10,9,workload
edge,280,v41-TC02-10-10-3309bbde,V4.1 TC02 Run 10 Customer 10,"V4.1 test order 10 for cloud_failure_with_stateful_edge_failover, run 10, phase workload",2026-08-22T18:10:53.304,edge,0,2026-08-22T18:41:09.857,TC02-20260822T181047451168-run10-1de0d5,TC02-batch-20260822T180830-a18476,TC02,10,10,workload
edge,281,v41-TC02-10-11-7f9d356d,V4.1 TC02 Run 10 Customer 11,"V4.1 test order 11 for cloud_failure_with_stateful_edge_failover, run 10, phase workload",2026-08-22T18:10:53.818,edge,0,2026-08-22T18:41:10.412,TC02-20260822T181047451168-run10-1de0d5,TC02-batch-20260822T180830-a18476,TC02,10,11,workload
edge,282,v41-TC02-10-12-aa42ee52,V4.1 TC02 Run 10 Customer 12,"V4.1 test order 12 for cloud_failure_with_stateful_edge_failover, run 10, phase workload",2026-08-22T18:10:54.228,edge,0,2026-08-22T18:41:10.940,TC02-20260822T181047451168-run10-1de0d5,TC02-batch-20260822T180830-a18476,TC02,10,12,workload
edge,283,v41-TC02-10-13-0f48b3bf,V4.1 TC02 Run 10 Customer 13,"V4.1 test order 13 for cloud_failure_with_stateful_edge_failover, run 10, phase workload",2026-08-22T18:10:54.605,edge,0,2026-08-22T18:41:11.625,TC02-20260822T181047451168-run10-1de0d5,TC02-batch-20260822T180830-a18476,TC02,10,13,workload
edge,284,v41-TC02-10-14-027d505e,V4.1 TC02 Run 10 Customer 14,"V4.1 test order 14 for cloud_failure_with_stateful_edge_failover, run 10, phase workload",2026-08-22T18:10:55.075,edge,0,2026-08-22T18:41:12.208,TC02-20260822T181047451168-run10-1de0d5,TC02-batch-20260822T180830-a18476,TC02,10,14,workload
edge,285,v41-TC02-10-15-dc4be8dc,V4.1 TC02 Run 10 Customer 15,"V4.1 test order 15 for cloud_failure_with_stateful_edge_failover, run 10, phase workload",2026-08-22T18:10:55.453,edge,0,2026-08-22T18:41:12.846,TC02-20260822T181047451168-run10-1de0d5,TC02-batch-20260822T180830-a18476,TC02,10,15,workload
edge,286,v41-TC02-10-16-2470d27d,V4.1 TC02 Run 10 Customer 16,"V4.1 test order 16 for cloud_failure_with_stateful_edge_failover, run 10, phase workload",2026-08-22T18:10:55.805,edge,0,2026-08-22T18:41:13.222,TC02-20260822T181047451168-run10-1de0d5,TC02-batch-20260822T180830-a18476,TC02,10,16,workload
edge,287,v41-TC02-10-17-2b872bfc,V4.1 TC02 Run 10 Customer 17,"V4.1 test order 17 for cloud_failure_with_stateful_edge_failover, run 10, phase workload",2026-08-22T18:10:56.299,edge,0,2026-08-22T18:41:13.564,TC02-20260822T181047451168-run10-1de0d5,TC02-batch-20260822T180830-a18476,TC02,10,17,workload
edge,288,v41-TC02-10-18-5218ccd7,V4.1 TC02 Run 10 Customer 18,"V4.1 test order 18 for cloud_failure_with_stateful_edge_failover, run 10, phase workload",2026-08-22T18:10:56.707,edge,0,2026-08-22T18:41:14.024,TC02-20260822T181047451168-run10-1de0d5,TC02-batch-20260822T180830-a18476,TC02,10,18,workload
edge,289,v41-TC02-10-19-1cee470e,V4.1 TC02 Run 10 Customer 19,"V4.1 test order 19 for cloud_failure_with_stateful_edge_failover, run 10, phase workload",2026-08-22T18:10:57.051,edge,0,2026-08-22T18:41:14.393,TC02-20260822T181047451168-run10-1de0d5,TC02-batch-20260822T180830-a18476,TC02,10,19,workload
edge,290,v41-TC02-10-20-e07f55cf,V4.1 TC02 Run 10 Customer 20,"V4.1 test order 20 for cloud_failure_with_stateful_edge_failover, run 10, phase workload",2026-08-22T18:10:57.560,edge,0,2026-08-22T18:41:14.751,TC02-20260822T181047451168-run10-1de0d5,TC02-batch-20260822T180830-a18476,TC02,10,20,workload
edge,291,v41-TC02-10-21-cf0f0971,V4.1 TC02 Run 10 Customer 21,"V4.1 test order 21 for cloud_failure_with_stateful_edge_failover, run 10, phase workload",2026-08-22T18:10:57.937,edge,0,2026-08-22T18:41:15.207,TC02-20260822T181047451168-run10-1de0d5,TC02-batch-20260822T180830-a18476,TC02,10,21,workload
edge,292,v41-TC02-10-22-f989816a,V4.1 TC02 Run 10 Customer 22,"V4.1 test order 22 for cloud_failure_with_stateful_edge_failover, run 10, phase workload",2026-08-22T18:10:58.319,edge,0,2026-08-22T18:41:15.640,TC02-20260822T181047451168-run10-1de0d5,TC02-batch-20260822T180830-a18476,TC02,10,22,workload
edge,293,v41-TC02-10-23-d8ad7d39,V4.1 TC02 Run 10 Customer 23,"V4.1 test order 23 for cloud_failure_with_stateful_edge_failover, run 10, phase workload",2026-08-22T18:10:58.841,edge,0,2026-08-22T18:41:16.114,TC02-20260822T181047451168-run10-1de0d5,TC02-batch-20260822T180830-a18476,TC02,10,23,workload
edge,294,v41-TC02-10-24-721690bc,V4.1 TC02 Run 10 Customer 24,"V4.1 test order 24 for cloud_failure_with_stateful_edge_failover, run 10, phase workload",2026-08-22T18:10:59.228,edge,0,2026-08-22T18:41:16.477,TC02-20260822T181047451168-run10-1de0d5,TC02-batch-20260822T180830-a18476,TC02,10,24,workload
edge,295,v41-TC02-10-25-67ecf3e6,V4.1 TC02 Run 10 Customer 25,"V4.1 test order 25 for cloud_failure_with_stateful_edge_failover, run 10, phase workload",2026-08-22T18:10:59.617,edge,0,2026-08-22T18:41:16.807,TC02-20260822T181047451168-run10-1de0d5,TC02-batch-20260822T180830-a18476,TC02,10,25,workload
edge,296,v41-TC02-10-26-fdd0d6ac,V4.1 TC02 Run 10 Customer 26,"V4.1 test order 26 for cloud_failure_with_stateful_edge_failover, run 10, phase workload",2026-08-22T18:11:00.128,edge,0,2026-08-22T18:41:17.229,TC02-20260822T181047451168-run10-1de0d5,TC02-batch-20260822T180830-a18476,TC02,10,26,workload
edge,297,v41-TC02-10-27-6625e925,V4.1 TC02 Run 10 Customer 27,"V4.1 test order 27 for cloud_failure_with_stateful_edge_failover, run 10, phase workload",2026-08-22T18:11:00.497,edge,0,2026-08-22T18:41:17.635,TC02-20260822T181047451168-run10-1de0d5,TC02-batch-20260822T180830-a18476,TC02,10,27,workload
edge,298,v41-TC02-10-28-91ab3658,V4.1 TC02 Run 10 Customer 28,"V4.1 test order 28 for cloud_failure_with_stateful_edge_failover, run 10, phase workload",2026-08-22T18:11:00.892,edge,0,2026-08-22T18:41:18.020,TC02-20260822T181047451168-run10-1de0d5,TC02-batch-20260822T180830-a18476,TC02,10,28,workload
edge,299,v41-TC02-10-29-92805557,V4.1 TC02 Run 10 Customer 29,"V4.1 test order 29 for cloud_failure_with_stateful_edge_failover, run 10, phase workload",2026-08-22T18:11:01.276,edge,0,2026-08-22T18:41:18.454,TC02-20260822T181047451168-run10-1de0d5,TC02-batch-20260822T180830-a18476,TC02,10,29,workload
edge,300,v41-TC02-10-30-afc61005,V4.1 TC02 Run 10 Customer 30,"V4.1 test order 30 for cloud_failure_with_stateful_edge_failover, run 10, phase workload",2026-08-22T18:11:01.685,edge,0,2026-08-22T18:41:18.817,TC02-20260822T181047451168-run10-1de0d5,TC02-batch-20260822T180830-a18476,TC02,10,30,workload
edge,301,v41-TC07-1-1-51403923,V4.1 TC07 Run 1 Customer 1,"V4.1 test order 1 for end_to_end_recovery_lifecycle, run 1, phase cloud_outage",2026-08-22T18:41:56.307,edge,0,2026-08-22T18:42:05.857,TC07-20260822T184151255278-run1-7354ec,TC07-batch-20260822T184151-4d9be0,TC07,1,1,cloud_outage
edge,302,v41-TC07-1-2-a11365de,V4.1 TC07 Run 1 Customer 2,"V4.1 test order 2 for end_to_end_recovery_lifecycle, run 1, phase cloud_outage",2026-08-22T18:41:58.838,edge,0,2026-08-22T18:42:06.380,TC07-20260822T184151255278-run1-7354ec,TC07-batch-20260822T184151-4d9be0,TC07,1,2,cloud_outage
edge,303,v41-TC07-1-3-415fbc01,V4.1 TC07 Run 1 Customer 3,"V4.1 test order 3 for end_to_end_recovery_lifecycle, run 1, phase cloud_outage",2026-08-22T18:41:59.260,edge,0,2026-08-22T18:42:06.843,TC07-20260822T184151255278-run1-7354ec,TC07-batch-20260822T184151-4d9be0,TC07,1,3,cloud_outage
edge,304,v41-TC07-1-4-dd62245f,V4.1 TC07 Run 1 Customer 4,"V4.1 test order 4 for end_to_end_recovery_lifecycle, run 1, phase cloud_outage",2026-08-22T18:41:59.828,edge,0,2026-08-22T18:42:07.210,TC07-20260822T184151255278-run1-7354ec,TC07-batch-20260822T184151-4d9be0,TC07,1,4,cloud_outage
edge,305,v41-TC07-1-5-dbcebb76,V4.1 TC07 Run 1 Customer 5,"V4.1 test order 5 for end_to_end_recovery_lifecycle, run 1, phase cloud_outage",2026-08-22T18:42:00.229,edge,0,2026-08-22T18:42:07.578,TC07-20260822T184151255278-run1-7354ec,TC07-batch-20260822T184151-4d9be0,TC07,1,5,cloud_outage
edge,306,v41-TC07-1-6-e2d87258,V4.1 TC07 Run 1 Customer 6,"V4.1 test order 6 for end_to_end_recovery_lifecycle, run 1, phase cloud_outage",2026-08-22T18:42:00.627,edge,0,2026-08-22T18:42:08.003,TC07-20260822T184151255278-run1-7354ec,TC07-batch-20260822T184151-4d9be0,TC07,1,6,cloud_outage
edge,307,v41-TC07-1-7-2dcf30a0,V4.1 TC07 Run 1 Customer 7,"V4.1 test order 7 for end_to_end_recovery_lifecycle, run 1, phase cloud_outage",2026-08-22T18:42:01.152,edge,0,2026-08-22T18:42:08.382,TC07-20260822T184151255278-run1-7354ec,TC07-batch-20260822T184151-4d9be0,TC07,1,7,cloud_outage
edge,308,v41-TC07-1-8-ff2a2d51,V4.1 TC07 Run 1 Customer 8,"V4.1 test order 8 for end_to_end_recovery_lifecycle, run 1, phase cloud_outage",2026-08-22T18:42:01.550,edge,0,2026-08-22T18:42:08.747,TC07-20260822T184151255278-run1-7354ec,TC07-batch-20260822T184151-4d9be0,TC07,1,8,cloud_outage
edge,309,v41-TC07-1-9-f7a832dc,V4.1 TC07 Run 1 Customer 9,"V4.1 test order 9 for end_to_end_recovery_lifecycle, run 1, phase cloud_outage",2026-08-22T18:42:01.958,edge,0,2026-08-22T18:42:09.144,TC07-20260822T184151255278-run1-7354ec,TC07-batch-20260822T184151-4d9be0,TC07,1,9,cloud_outage
edge,310,v41-TC07-1-10-3243d47d,V4.1 TC07 Run 1 Customer 10,"V4.1 test order 10 for end_to_end_recovery_lifecycle, run 1, phase cloud_outage",2026-08-22T18:42:02.361,edge,0,2026-08-22T18:42:09.468,TC07-20260822T184151255278-run1-7354ec,TC07-batch-20260822T184151-4d9be0,TC07,1,10,cloud_outage
edge,311,v41-TC07-2-1-991a45bb,V4.1 TC07 Run 2 Customer 1,"V4.1 test order 1 for end_to_end_recovery_lifecycle, run 2, phase cloud_outage",2026-08-22T18:42:18.704,edge,0,2026-08-22T18:42:29.309,TC07-20260822T184214183587-run2-408c2c,TC07-batch-20260822T184151-4d9be0,TC07,2,1,cloud_outage
edge,312,v41-TC07-2-2-f8463e1e,V4.1 TC07 Run 2 Customer 2,"V4.1 test order 2 for end_to_end_recovery_lifecycle, run 2, phase cloud_outage",2026-08-22T18:42:21.188,edge,0,2026-08-22T18:42:29.676,TC07-20260822T184214183587-run2-408c2c,TC07-batch-20260822T184151-4d9be0,TC07,2,2,cloud_outage
edge,313,v41-TC07-2-3-121c6940,V4.1 TC07 Run 2 Customer 3,"V4.1 test order 3 for end_to_end_recovery_lifecycle, run 2, phase cloud_outage",2026-08-22T18:42:21.576,edge,0,2026-08-22T18:42:30.017,TC07-20260822T184214183587-run2-408c2c,TC07-batch-20260822T184151-4d9be0,TC07,2,3,cloud_outage
edge,314,v41-TC07-2-4-2a025044,V4.1 TC07 Run 2 Customer 4,"V4.1 test order 4 for end_to_end_recovery_lifecycle, run 2, phase cloud_outage",2026-08-22T18:42:21.985,edge,0,2026-08-22T18:42:30.343,TC07-20260822T184214183587-run2-408c2c,TC07-batch-20260822T184151-4d9be0,TC07,2,4,cloud_outage
edge,315,v41-TC07-2-5-cc166fe7,V4.1 TC07 Run 2 Customer 5,"V4.1 test order 5 for end_to_end_recovery_lifecycle, run 2, phase cloud_outage",2026-08-22T18:42:22.394,edge,0,2026-08-22T18:42:30.677,TC07-20260822T184214183587-run2-408c2c,TC07-batch-20260822T184151-4d9be0,TC07,2,5,cloud_outage
edge,316,v41-TC07-2-6-8cc1f89f,V4.1 TC07 Run 2 Customer 6,"V4.1 test order 6 for end_to_end_recovery_lifecycle, run 2, phase cloud_outage",2026-08-22T18:42:22.807,edge,0,2026-08-22T18:42:31.033,TC07-20260822T184214183587-run2-408c2c,TC07-batch-20260822T184151-4d9be0,TC07,2,6,cloud_outage
edge,317,v41-TC07-2-7-0cdc1284,V4.1 TC07 Run 2 Customer 7,"V4.1 test order 7 for end_to_end_recovery_lifecycle, run 2, phase cloud_outage",2026-08-22T18:42:23.211,edge,0,2026-08-22T18:42:31.390,TC07-20260822T184214183587-run2-408c2c,TC07-batch-20260822T184151-4d9be0,TC07,2,7,cloud_outage
edge,318,v41-TC07-2-8-f9f332f3,V4.1 TC07 Run 2 Customer 8,"V4.1 test order 8 for end_to_end_recovery_lifecycle, run 2, phase cloud_outage",2026-08-22T18:42:23.620,edge,0,2026-08-22T18:42:31.768,TC07-20260822T184214183587-run2-408c2c,TC07-batch-20260822T184151-4d9be0,TC07,2,8,cloud_outage
edge,319,v41-TC07-2-9-94b42f34,V4.1 TC07 Run 2 Customer 9,"V4.1 test order 9 for end_to_end_recovery_lifecycle, run 2, phase cloud_outage",2026-08-22T18:42:24.006,edge,0,2026-08-22T18:42:32.114,TC07-20260822T184214183587-run2-408c2c,TC07-batch-20260822T184151-4d9be0,TC07,2,9,cloud_outage
edge,320,v41-TC07-2-10-45717c91,V4.1 TC07 Run 2 Customer 10,"V4.1 test order 10 for end_to_end_recovery_lifecycle, run 2, phase cloud_outage",2026-08-22T18:42:24.398,edge,0,2026-08-22T18:42:32.469,TC07-20260822T184214183587-run2-408c2c,TC07-batch-20260822T184151-4d9be0,TC07,2,10,cloud_outage
edge,321,v41-TC07-3-1-ae5b2764,V4.1 TC07 Run 3 Customer 1,"V4.1 test order 1 for end_to_end_recovery_lifecycle, run 3, phase cloud_outage",2026-08-22T18:42:41.798,edge,0,2026-08-22T18:42:55.016,TC07-20260822T184237197894-run3-c4c88e,TC07-batch-20260822T184151-4d9be0,TC07,3,1,cloud_outage
edge,322,v41-TC07-3-2-b9b6cdae,V4.1 TC07 Run 3 Customer 2,"V4.1 test order 2 for end_to_end_recovery_lifecycle, run 3, phase cloud_outage",2026-08-22T18:42:44.206,edge,0,2026-08-22T18:42:55.417,TC07-20260822T184237197894-run3-c4c88e,TC07-batch-20260822T184151-4d9be0,TC07,3,2,cloud_outage
edge,323,v41-TC07-3-3-b1c7ff34,V4.1 TC07 Run 3 Customer 3,"V4.1 test order 3 for end_to_end_recovery_lifecycle, run 3, phase cloud_outage",2026-08-22T18:42:49.416,edge,0,2026-08-22T18:42:55.812,TC07-20260822T184237197894-run3-c4c88e,TC07-batch-20260822T184151-4d9be0,TC07,3,3,cloud_outage
edge,324,v41-TC07-3-4-fb223253,V4.1 TC07 Run 3 Customer 4,"V4.1 test order 4 for end_to_end_recovery_lifecycle, run 3, phase cloud_outage",2026-08-22T18:42:49.813,edge,0,2026-08-22T18:42:56.144,TC07-20260822T184237197894-run3-c4c88e,TC07-batch-20260822T184151-4d9be0,TC07,3,4,cloud_outage
edge,325,v41-TC07-3-5-bb1fcd40,V4.1 TC07 Run 3 Customer 5,"V4.1 test order 5 for end_to_end_recovery_lifecycle, run 3, phase cloud_outage",2026-08-22T18:42:50.220,edge,0,2026-08-22T18:42:56.510,TC07-20260822T184237197894-run3-c4c88e,TC07-batch-20260822T184151-4d9be0,TC07,3,5,cloud_outage
edge,326,v41-TC07-3-6-d20cb109,V4.1 TC07 Run 3 Customer 6,"V4.1 test order 6 for end_to_end_recovery_lifecycle, run 3, phase cloud_outage",2026-08-22T18:42:50.642,edge,0,2026-08-22T18:42:56.866,TC07-20260822T184237197894-run3-c4c88e,TC07-batch-20260822T184151-4d9be0,TC07,3,6,cloud_outage
edge,327,v41-TC07-3-7-ca53da79,V4.1 TC07 Run 3 Customer 7,"V4.1 test order 7 for end_to_end_recovery_lifecycle, run 3, phase cloud_outage",2026-08-22T18:42:51.031,edge,0,2026-08-22T18:42:57.233,TC07-20260822T184237197894-run3-c4c88e,TC07-batch-20260822T184151-4d9be0,TC07,3,7,cloud_outage
edge,328,v41-TC07-3-8-e698800c,V4.1 TC07 Run 3 Customer 8,"V4.1 test order 8 for end_to_end_recovery_lifecycle, run 3, phase cloud_outage",2026-08-22T18:42:51.465,edge,0,2026-08-22T18:42:57.555,TC07-20260822T184237197894-run3-c4c88e,TC07-batch-20260822T184151-4d9be0,TC07,3,8,cloud_outage
edge,329,v41-TC07-3-9-e08de69a,V4.1 TC07 Run 3 Customer 9,"V4.1 test order 9 for end_to_end_recovery_lifecycle, run 3, phase cloud_outage",2026-08-22T18:42:51.872,edge,0,2026-08-22T18:42:57.895,TC07-20260822T184237197894-run3-c4c88e,TC07-batch-20260822T184151-4d9be0,TC07,3,9,cloud_outage
edge,330,v41-TC07-3-10-58360b6f,V4.1 TC07 Run 3 Customer 10,"V4.1 test order 10 for end_to_end_recovery_lifecycle, run 3, phase cloud_outage",2026-08-22T18:42:52.288,edge,0,2026-08-22T18:42:58.245,TC07-20260822T184237197894-run3-c4c88e,TC07-batch-20260822T184151-4d9be0,TC07,3,10,cloud_outage
edge,331,v41-TC07-4-1-c068ec71,V4.1 TC07 Run 4 Customer 1,"V4.1 test order 1 for end_to_end_recovery_lifecycle, run 4, phase cloud_outage",2026-08-22T18:43:07.673,edge,0,2026-08-22T18:43:16.729,TC07-20260822T184303016055-run4-de86c9,TC07-batch-20260822T184151-4d9be0,TC07,4,1,cloud_outage
edge,332,v41-TC07-4-2-d9021c37,V4.1 TC07 Run 4 Customer 2,"V4.1 test order 2 for end_to_end_recovery_lifecycle, run 4, phase cloud_outage",2026-08-22T18:43:10.106,edge,0,2026-08-22T18:43:17.085,TC07-20260822T184303016055-run4-de86c9,TC07-batch-20260822T184151-4d9be0,TC07,4,2,cloud_outage
edge,333,v41-TC07-4-3-22cedca7,V4.1 TC07 Run 4 Customer 3,"V4.1 test order 3 for end_to_end_recovery_lifecycle, run 4, phase cloud_outage",2026-08-22T18:43:10.512,edge,0,2026-08-22T18:43:17.454,TC07-20260822T184303016055-run4-de86c9,TC07-batch-20260822T184151-4d9be0,TC07,4,3,cloud_outage
edge,334,v41-TC07-4-4-3d65ae45,V4.1 TC07 Run 4 Customer 4,"V4.1 test order 4 for end_to_end_recovery_lifecycle, run 4, phase cloud_outage",2026-08-22T18:43:10.907,edge,0,2026-08-22T18:43:17.814,TC07-20260822T184303016055-run4-de86c9,TC07-batch-20260822T184151-4d9be0,TC07,4,4,cloud_outage
edge,335,v41-TC07-4-5-b2fb57b6,V4.1 TC07 Run 4 Customer 5,"V4.1 test order 5 for end_to_end_recovery_lifecycle, run 4, phase cloud_outage",2026-08-22T18:43:11.308,edge,0,2026-08-22T18:43:18.190,TC07-20260822T184303016055-run4-de86c9,TC07-batch-20260822T184151-4d9be0,TC07,4,5,cloud_outage
edge,336,v41-TC07-4-6-c8448635,V4.1 TC07 Run 4 Customer 6,"V4.1 test order 6 for end_to_end_recovery_lifecycle, run 4, phase cloud_outage",2026-08-22T18:43:11.730,edge,0,2026-08-22T18:43:18.564,TC07-20260822T184303016055-run4-de86c9,TC07-batch-20260822T184151-4d9be0,TC07,4,6,cloud_outage
edge,337,v41-TC07-4-7-4b2ca2bb,V4.1 TC07 Run 4 Customer 7,"V4.1 test order 7 for end_to_end_recovery_lifecycle, run 4, phase cloud_outage",2026-08-22T18:43:12.130,edge,0,2026-08-22T18:43:18.901,TC07-20260822T184303016055-run4-de86c9,TC07-batch-20260822T184151-4d9be0,TC07,4,7,cloud_outage
edge,338,v41-TC07-4-8-36da4f8d,V4.1 TC07 Run 4 Customer 8,"V4.1 test order 8 for end_to_end_recovery_lifecycle, run 4, phase cloud_outage",2026-08-22T18:43:12.523,edge,0,2026-08-22T18:43:19.283,TC07-20260822T184303016055-run4-de86c9,TC07-batch-20260822T184151-4d9be0,TC07,4,8,cloud_outage
edge,339,v41-TC07-4-9-7d4c876e,V4.1 TC07 Run 4 Customer 9,"V4.1 test order 9 for end_to_end_recovery_lifecycle, run 4, phase cloud_outage",2026-08-22T18:43:12.908,edge,0,2026-08-22T18:43:19.636,TC07-20260822T184303016055-run4-de86c9,TC07-batch-20260822T184151-4d9be0,TC07,4,9,cloud_outage
edge,340,v41-TC07-4-10-cccd0559,V4.1 TC07 Run 4 Customer 10,"V4.1 test order 10 for end_to_end_recovery_lifecycle, run 4, phase cloud_outage",2026-08-22T18:43:13.307,edge,0,2026-08-22T18:43:20.000,TC07-20260822T184303016055-run4-de86c9,TC07-batch-20260822T184151-4d9be0,TC07,4,10,cloud_outage
edge,341,v41-TC07-5-1-5dd4658f,V4.1 TC07 Run 5 Customer 1,"V4.1 test order 1 for end_to_end_recovery_lifecycle, run 5, phase cloud_outage",2026-08-22T18:43:31.876,edge,0,2026-08-22T18:43:40.852,TC07-20260822T184325225993-run5-95a7a2,TC07-batch-20260822T184151-4d9be0,TC07,5,1,cloud_outage
edge,342,v41-TC07-5-2-b4b89ace,V4.1 TC07 Run 5 Customer 2,"V4.1 test order 2 for end_to_end_recovery_lifecycle, run 5, phase cloud_outage",2026-08-22T18:43:34.445,edge,0,2026-08-22T18:43:41.225,TC07-20260822T184325225993-run5-95a7a2,TC07-batch-20260822T184151-4d9be0,TC07,5,2,cloud_outage
edge,343,v41-TC07-5-3-15ba04fa,V4.1 TC07 Run 5 Customer 3,"V4.1 test order 3 for end_to_end_recovery_lifecycle, run 5, phase cloud_outage",2026-08-22T18:43:34.866,edge,0,2026-08-22T18:43:41.556,TC07-20260822T184325225993-run5-95a7a2,TC07-batch-20260822T184151-4d9be0,TC07,5,3,cloud_outage
edge,344,v41-TC07-5-4-e05fff01,V4.1 TC07 Run 5 Customer 4,"V4.1 test order 4 for end_to_end_recovery_lifecycle, run 5, phase cloud_outage",2026-08-22T18:43:35.361,edge,0,2026-08-22T18:43:42.009,TC07-20260822T184325225993-run5-95a7a2,TC07-batch-20260822T184151-4d9be0,TC07,5,4,cloud_outage
edge,345,v41-TC07-5-5-be7f9c4b,V4.1 TC07 Run 5 Customer 5,"V4.1 test order 5 for end_to_end_recovery_lifecycle, run 5, phase cloud_outage",2026-08-22T18:43:35.753,edge,0,2026-08-22T18:43:42.368,TC07-20260822T184325225993-run5-95a7a2,TC07-batch-20260822T184151-4d9be0,TC07,5,5,cloud_outage
edge,346,v41-TC07-5-6-536a5286,V4.1 TC07 Run 5 Customer 6,"V4.1 test order 6 for end_to_end_recovery_lifecycle, run 5, phase cloud_outage",2026-08-22T18:43:36.152,edge,0,2026-08-22T18:43:42.714,TC07-20260822T184325225993-run5-95a7a2,TC07-batch-20260822T184151-4d9be0,TC07,5,6,cloud_outage
edge,347,v41-TC07-5-7-5a83c80f,V4.1 TC07 Run 5 Customer 7,"V4.1 test order 7 for end_to_end_recovery_lifecycle, run 5, phase cloud_outage",2026-08-22T18:43:36.664,edge,0,2026-08-22T18:43:43.158,TC07-20260822T184325225993-run5-95a7a2,TC07-batch-20260822T184151-4d9be0,TC07,5,7,cloud_outage
edge,348,v41-TC07-5-8-4bccbe0f,V4.1 TC07 Run 5 Customer 8,"V4.1 test order 8 for end_to_end_recovery_lifecycle, run 5, phase cloud_outage",2026-08-22T18:43:37.063,edge,0,2026-08-22T18:43:43.468,TC07-20260822T184325225993-run5-95a7a2,TC07-batch-20260822T184151-4d9be0,TC07,5,8,cloud_outage
edge,349,v41-TC07-5-9-2edcd0d4,V4.1 TC07 Run 5 Customer 9,"V4.1 test order 9 for end_to_end_recovery_lifecycle, run 5, phase cloud_outage",2026-08-22T18:43:37.597,edge,0,2026-08-22T18:43:43.823,TC07-20260822T184325225993-run5-95a7a2,TC07-batch-20260822T184151-4d9be0,TC07,5,9,cloud_outage
edge,350,v41-TC07-5-10-3afe3375,V4.1 TC07 Run 5 Customer 10,"V4.1 test order 10 for end_to_end_recovery_lifecycle, run 5, phase cloud_outage",2026-08-22T18:43:38.010,edge,0,2026-08-22T18:43:44.283,TC07-20260822T184325225993-run5-95a7a2,TC07-batch-20260822T184151-4d9be0,TC07,5,10,cloud_outage
edge,351,v41-TC07-6-1-c9ff9e9e,V4.1 TC07 Run 6 Customer 1,"V4.1 test order 1 for end_to_end_recovery_lifecycle, run 6, phase cloud_outage",2026-08-22T18:43:54.548,edge,0,2026-08-22T18:44:03.596,TC07-20260822T184349680910-run6-999928,TC07-batch-20260822T184151-4d9be0,TC07,6,1,cloud_outage
edge,352,v41-TC07-6-2-aacad55d,V4.1 TC07 Run 6 Customer 2,"V4.1 test order 2 for end_to_end_recovery_lifecycle, run 6, phase cloud_outage",2026-08-22T18:43:56.969,edge,0,2026-08-22T18:44:03.963,TC07-20260822T184349680910-run6-999928,TC07-batch-20260822T184151-4d9be0,TC07,6,2,cloud_outage
edge,353,v41-TC07-6-3-dfb09ea3,V4.1 TC07 Run 6 Customer 3,"V4.1 test order 3 for end_to_end_recovery_lifecycle, run 6, phase cloud_outage",2026-08-22T18:43:57.375,edge,0,2026-08-22T18:44:04.343,TC07-20260822T184349680910-run6-999928,TC07-batch-20260822T184151-4d9be0,TC07,6,3,cloud_outage
edge,354,v41-TC07-6-4-467f252a,V4.1 TC07 Run 6 Customer 4,"V4.1 test order 4 for end_to_end_recovery_lifecycle, run 6, phase cloud_outage",2026-08-22T18:43:57.776,edge,0,2026-08-22T18:44:04.679,TC07-20260822T184349680910-run6-999928,TC07-batch-20260822T184151-4d9be0,TC07,6,4,cloud_outage
edge,355,v41-TC07-6-5-47acbcd3,V4.1 TC07 Run 6 Customer 5,"V4.1 test order 5 for end_to_end_recovery_lifecycle, run 6, phase cloud_outage",2026-08-22T18:43:58.180,edge,0,2026-08-22T18:44:05.047,TC07-20260822T184349680910-run6-999928,TC07-batch-20260822T184151-4d9be0,TC07,6,5,cloud_outage
edge,356,v41-TC07-6-6-2ed09bf7,V4.1 TC07 Run 6 Customer 6,"V4.1 test order 6 for end_to_end_recovery_lifecycle, run 6, phase cloud_outage",2026-08-22T18:43:58.569,edge,0,2026-08-22T18:44:05.383,TC07-20260822T184349680910-run6-999928,TC07-batch-20260822T184151-4d9be0,TC07,6,6,cloud_outage
edge,357,v41-TC07-6-7-3d26205a,V4.1 TC07 Run 6 Customer 7,"V4.1 test order 7 for end_to_end_recovery_lifecycle, run 6, phase cloud_outage",2026-08-22T18:43:58.999,edge,0,2026-08-22T18:44:05.679,TC07-20260822T184349680910-run6-999928,TC07-batch-20260822T184151-4d9be0,TC07,6,7,cloud_outage
edge,358,v41-TC07-6-8-4e779a84,V4.1 TC07 Run 6 Customer 8,"V4.1 test order 8 for end_to_end_recovery_lifecycle, run 6, phase cloud_outage",2026-08-22T18:43:59.398,edge,0,2026-08-22T18:44:06.058,TC07-20260822T184349680910-run6-999928,TC07-batch-20260822T184151-4d9be0,TC07,6,8,cloud_outage
edge,359,v41-TC07-6-9-9a56e487,V4.1 TC07 Run 6 Customer 9,"V4.1 test order 9 for end_to_end_recovery_lifecycle, run 6, phase cloud_outage",2026-08-22T18:43:59.797,edge,0,2026-08-22T18:44:06.451,TC07-20260822T184349680910-run6-999928,TC07-batch-20260822T184151-4d9be0,TC07,6,9,cloud_outage
edge,360,v41-TC07-6-10-0bb47d26,V4.1 TC07 Run 6 Customer 10,"V4.1 test order 10 for end_to_end_recovery_lifecycle, run 6, phase cloud_outage",2026-08-22T18:44:00.224,edge,0,2026-08-22T18:44:06.824,TC07-20260822T184349680910-run6-999928,TC07-batch-20260822T184151-4d9be0,TC07,6,10,cloud_outage
edge,361,v41-TC07-7-1-4e0595b7,V4.1 TC07 Run 7 Customer 1,"V4.1 test order 1 for end_to_end_recovery_lifecycle, run 7, phase cloud_outage",2026-08-22T18:44:21.316,edge,0,2026-08-22T18:44:30.889,TC07-20260822T184411764715-run7-11dd42,TC07-batch-20260822T184151-4d9be0,TC07,7,1,cloud_outage
edge,362,v41-TC07-7-2-221d029f,V4.1 TC07 Run 7 Customer 2,"V4.1 test order 2 for end_to_end_recovery_lifecycle, run 7, phase cloud_outage",2026-08-22T18:44:24.887,edge,0,2026-08-22T18:44:31.248,TC07-20260822T184411764715-run7-11dd42,TC07-batch-20260822T184151-4d9be0,TC07,7,2,cloud_outage
edge,363,v41-TC07-7-3-ac404007,V4.1 TC07 Run 7 Customer 3,"V4.1 test order 3 for end_to_end_recovery_lifecycle, run 7, phase cloud_outage",2026-08-22T18:44:25.289,edge,0,2026-08-22T18:44:31.619,TC07-20260822T184411764715-run7-11dd42,TC07-batch-20260822T184151-4d9be0,TC07,7,3,cloud_outage
edge,364,v41-TC07-7-4-25bbeeca,V4.1 TC07 Run 7 Customer 4,"V4.1 test order 4 for end_to_end_recovery_lifecycle, run 7, phase cloud_outage",2026-08-22T18:44:25.702,edge,0,2026-08-22T18:44:31.984,TC07-20260822T184411764715-run7-11dd42,TC07-batch-20260822T184151-4d9be0,TC07,7,4,cloud_outage
edge,365,v41-TC07-7-5-4df4ab34,V4.1 TC07 Run 7 Customer 5,"V4.1 test order 5 for end_to_end_recovery_lifecycle, run 7, phase cloud_outage",2026-08-22T18:44:26.100,edge,0,2026-08-22T18:44:32.333,TC07-20260822T184411764715-run7-11dd42,TC07-batch-20260822T184151-4d9be0,TC07,7,5,cloud_outage
edge,366,v41-TC07-7-6-fb37ab8b,V4.1 TC07 Run 7 Customer 6,"V4.1 test order 6 for end_to_end_recovery_lifecycle, run 7, phase cloud_outage",2026-08-22T18:44:26.502,edge,0,2026-08-22T18:44:32.671,TC07-20260822T184411764715-run7-11dd42,TC07-batch-20260822T184151-4d9be0,TC07,7,6,cloud_outage
edge,367,v41-TC07-7-7-e759e570,V4.1 TC07 Run 7 Customer 7,"V4.1 test order 7 for end_to_end_recovery_lifecycle, run 7, phase cloud_outage",2026-08-22T18:44:26.911,edge,0,2026-08-22T18:44:33.060,TC07-20260822T184411764715-run7-11dd42,TC07-batch-20260822T184151-4d9be0,TC07,7,7,cloud_outage
edge,368,v41-TC07-7-8-3eb473c5,V4.1 TC07 Run 7 Customer 8,"V4.1 test order 8 for end_to_end_recovery_lifecycle, run 7, phase cloud_outage",2026-08-22T18:44:27.322,edge,0,2026-08-22T18:44:33.405,TC07-20260822T184411764715-run7-11dd42,TC07-batch-20260822T184151-4d9be0,TC07,7,8,cloud_outage
edge,369,v41-TC07-7-9-ccafb73b,V4.1 TC07 Run 7 Customer 9,"V4.1 test order 9 for end_to_end_recovery_lifecycle, run 7, phase cloud_outage",2026-08-22T18:44:27.699,edge,0,2026-08-22T18:44:33.779,TC07-20260822T184411764715-run7-11dd42,TC07-batch-20260822T184151-4d9be0,TC07,7,9,cloud_outage
edge,370,v41-TC07-7-10-ac853568,V4.1 TC07 Run 7 Customer 10,"V4.1 test order 10 for end_to_end_recovery_lifecycle, run 7, phase cloud_outage",2026-08-22T18:44:28.099,edge,0,2026-08-22T18:44:34.127,TC07-20260822T184411764715-run7-11dd42,TC07-batch-20260822T184151-4d9be0,TC07,7,10,cloud_outage
edge,371,v41-TC07-8-1-d260cafa,V4.1 TC07 Run 8 Customer 1,"V4.1 test order 1 for end_to_end_recovery_lifecycle, run 8, phase cloud_outage",2026-08-22T18:44:44.359,edge,0,2026-08-22T18:44:53.949,TC07-20260822T184439061477-run8-9cf9e3,TC07-batch-20260822T184151-4d9be0,TC07,8,1,cloud_outage
edge,372,v41-TC07-8-2-065a7fdb,V4.1 TC07 Run 8 Customer 2,"V4.1 test order 2 for end_to_end_recovery_lifecycle, run 8, phase cloud_outage",2026-08-22T18:44:46.857,edge,0,2026-08-22T18:44:54.481,TC07-20260822T184439061477-run8-9cf9e3,TC07-batch-20260822T184151-4d9be0,TC07,8,2,cloud_outage
edge,373,v41-TC07-8-3-a9c4702e,V4.1 TC07 Run 8 Customer 3,"V4.1 test order 3 for end_to_end_recovery_lifecycle, run 8, phase cloud_outage",2026-08-22T18:44:47.268,edge,0,2026-08-22T18:44:54.840,TC07-20260822T184439061477-run8-9cf9e3,TC07-batch-20260822T184151-4d9be0,TC07,8,3,cloud_outage
edge,374,v41-TC07-8-4-8db2fb59,V4.1 TC07 Run 8 Customer 4,"V4.1 test order 4 for end_to_end_recovery_lifecycle, run 8, phase cloud_outage",2026-08-22T18:44:47.681,edge,0,2026-08-22T18:44:55.224,TC07-20260822T184439061477-run8-9cf9e3,TC07-batch-20260822T184151-4d9be0,TC07,8,4,cloud_outage
edge,375,v41-TC07-8-5-cd5173bd,V4.1 TC07 Run 8 Customer 5,"V4.1 test order 5 for end_to_end_recovery_lifecycle, run 8, phase cloud_outage",2026-08-22T18:44:48.189,edge,0,2026-08-22T18:44:55.645,TC07-20260822T184439061477-run8-9cf9e3,TC07-batch-20260822T184151-4d9be0,TC07,8,5,cloud_outage
edge,376,v41-TC07-8-6-e5fa03e2,V4.1 TC07 Run 8 Customer 6,"V4.1 test order 6 for end_to_end_recovery_lifecycle, run 8, phase cloud_outage",2026-08-22T18:44:48.566,edge,0,2026-08-22T18:44:56.019,TC07-20260822T184439061477-run8-9cf9e3,TC07-batch-20260822T184151-4d9be0,TC07,8,6,cloud_outage
edge,377,v41-TC07-8-7-0bbac46d,V4.1 TC07 Run 8 Customer 7,"V4.1 test order 7 for end_to_end_recovery_lifecycle, run 8, phase cloud_outage",2026-08-22T18:44:48.986,edge,0,2026-08-22T18:44:56.408,TC07-20260822T184439061477-run8-9cf9e3,TC07-batch-20260822T184151-4d9be0,TC07,8,7,cloud_outage
edge,378,v41-TC07-8-8-55edecac,V4.1 TC07 Run 8 Customer 8,"V4.1 test order 8 for end_to_end_recovery_lifecycle, run 8, phase cloud_outage",2026-08-22T18:44:49.483,edge,0,2026-08-22T18:44:56.873,TC07-20260822T184439061477-run8-9cf9e3,TC07-batch-20260822T184151-4d9be0,TC07,8,8,cloud_outage
edge,379,v41-TC07-8-9-953188f1,V4.1 TC07 Run 8 Customer 9,"V4.1 test order 9 for end_to_end_recovery_lifecycle, run 8, phase cloud_outage",2026-08-22T18:44:50.041,edge,0,2026-08-22T18:44:57.195,TC07-20260822T184439061477-run8-9cf9e3,TC07-batch-20260822T184151-4d9be0,TC07,8,9,cloud_outage
edge,380,v41-TC07-8-10-76a85b9b,V4.1 TC07 Run 8 Customer 10,"V4.1 test order 10 for end_to_end_recovery_lifecycle, run 8, phase cloud_outage",2026-08-22T18:44:50.525,edge,0,2026-08-22T18:44:57.569,TC07-20260822T184439061477-run8-9cf9e3,TC07-batch-20260822T184151-4d9be0,TC07,8,10,cloud_outage
edge,381,v41-TC07-9-1-9d07dbda,V4.1 TC07 Run 9 Customer 1,"V4.1 test order 1 for end_to_end_recovery_lifecycle, run 9, phase cloud_outage",2026-08-22T18:45:07.775,edge,0,2026-08-22T18:45:17.583,TC07-20260822T184502878370-run9-27309f,TC07-batch-20260822T184151-4d9be0,TC07,9,1,cloud_outage
edge,382,v41-TC07-9-2-cd82010b,V4.1 TC07 Run 9 Customer 2,"V4.1 test order 2 for end_to_end_recovery_lifecycle, run 9, phase cloud_outage",2026-08-22T18:45:10.334,edge,0,2026-08-22T18:45:17.967,TC07-20260822T184502878370-run9-27309f,TC07-batch-20260822T184151-4d9be0,TC07,9,2,cloud_outage
edge,383,v41-TC07-9-3-119598a8,V4.1 TC07 Run 9 Customer 3,"V4.1 test order 3 for end_to_end_recovery_lifecycle, run 9, phase cloud_outage",2026-08-22T18:45:10.766,edge,0,2026-08-22T18:45:18.380,TC07-20260822T184502878370-run9-27309f,TC07-batch-20260822T184151-4d9be0,TC07,9,3,cloud_outage
edge,384,v41-TC07-9-4-3e9bc46f,V4.1 TC07 Run 9 Customer 4,"V4.1 test order 4 for end_to_end_recovery_lifecycle, run 9, phase cloud_outage",2026-08-22T18:45:11.309,edge,0,2026-08-22T18:45:18.871,TC07-20260822T184502878370-run9-27309f,TC07-batch-20260822T184151-4d9be0,TC07,9,4,cloud_outage
edge,385,v41-TC07-9-5-63876468,V4.1 TC07 Run 9 Customer 5,"V4.1 test order 5 for end_to_end_recovery_lifecycle, run 9, phase cloud_outage",2026-08-22T18:45:11.736,edge,0,2026-08-22T18:45:19.337,TC07-20260822T184502878370-run9-27309f,TC07-batch-20260822T184151-4d9be0,TC07,9,5,cloud_outage
edge,386,v41-TC07-9-6-6d196dec,V4.1 TC07 Run 9 Customer 6,"V4.1 test order 6 for end_to_end_recovery_lifecycle, run 9, phase cloud_outage",2026-08-22T18:45:12.133,edge,0,2026-08-22T18:45:19.804,TC07-20260822T184502878370-run9-27309f,TC07-batch-20260822T184151-4d9be0,TC07,9,6,cloud_outage
edge,387,v41-TC07-9-7-0ff26b41,V4.1 TC07 Run 9 Customer 7,"V4.1 test order 7 for end_to_end_recovery_lifecycle, run 9, phase cloud_outage",2026-08-22T18:45:12.647,edge,0,2026-08-22T18:45:20.172,TC07-20260822T184502878370-run9-27309f,TC07-batch-20260822T184151-4d9be0,TC07,9,7,cloud_outage
edge,388,v41-TC07-9-8-b27041af,V4.1 TC07 Run 9 Customer 8,"V4.1 test order 8 for end_to_end_recovery_lifecycle, run 9, phase cloud_outage",2026-08-22T18:45:13.046,edge,0,2026-08-22T18:45:20.553,TC07-20260822T184502878370-run9-27309f,TC07-batch-20260822T184151-4d9be0,TC07,9,8,cloud_outage
edge,389,v41-TC07-9-9-31654321,V4.1 TC07 Run 9 Customer 9,"V4.1 test order 9 for end_to_end_recovery_lifecycle, run 9, phase cloud_outage",2026-08-22T18:45:13.451,edge,0,2026-08-22T18:45:20.978,TC07-20260822T184502878370-run9-27309f,TC07-batch-20260822T184151-4d9be0,TC07,9,9,cloud_outage
edge,390,v41-TC07-9-10-bd86a5d6,V4.1 TC07 Run 9 Customer 10,"V4.1 test order 10 for end_to_end_recovery_lifecycle, run 9, phase cloud_outage",2026-08-22T18:45:13.994,edge,0,2026-08-22T18:45:21.371,TC07-20260822T184502878370-run9-27309f,TC07-batch-20260822T184151-4d9be0,TC07,9,10,cloud_outage
edge,391,v41-TC07-10-1-00442695,V4.1 TC07 Run 10 Customer 1,"V4.1 test order 1 for end_to_end_recovery_lifecycle, run 10, phase cloud_outage",2026-08-22T18:45:32.946,edge,0,2026-08-22T18:45:42.050,TC07-20260822T184526556295-run10-69bf45,TC07-batch-20260822T184151-4d9be0,TC07,10,1,cloud_outage
edge,392,v41-TC07-10-2-4a11b6d3,V4.1 TC07 Run 10 Customer 2,"V4.1 test order 2 for end_to_end_recovery_lifecycle, run 10, phase cloud_outage",2026-08-22T18:45:35.383,edge,0,2026-08-22T18:45:42.430,TC07-20260822T184526556295-run10-69bf45,TC07-batch-20260822T184151-4d9be0,TC07,10,2,cloud_outage
edge,393,v41-TC07-10-3-f6860b6a,V4.1 TC07 Run 10 Customer 3,"V4.1 test order 3 for end_to_end_recovery_lifecycle, run 10, phase cloud_outage",2026-08-22T18:45:35.806,edge,0,2026-08-22T18:45:42.838,TC07-20260822T184526556295-run10-69bf45,TC07-batch-20260822T184151-4d9be0,TC07,10,3,cloud_outage
edge,394,v41-TC07-10-4-cb8cfbad,V4.1 TC07 Run 10 Customer 4,"V4.1 test order 4 for end_to_end_recovery_lifecycle, run 10, phase cloud_outage",2026-08-22T18:45:36.238,edge,0,2026-08-22T18:45:43.196,TC07-20260822T184526556295-run10-69bf45,TC07-batch-20260822T184151-4d9be0,TC07,10,4,cloud_outage
edge,395,v41-TC07-10-5-441dfd46,V4.1 TC07 Run 10 Customer 5,"V4.1 test order 5 for end_to_end_recovery_lifecycle, run 10, phase cloud_outage",2026-08-22T18:45:36.647,edge,0,2026-08-22T18:45:43.561,TC07-20260822T184526556295-run10-69bf45,TC07-batch-20260822T184151-4d9be0,TC07,10,5,cloud_outage
edge,396,v41-TC07-10-6-472c6828,V4.1 TC07 Run 10 Customer 6,"V4.1 test order 6 for end_to_end_recovery_lifecycle, run 10, phase cloud_outage",2026-08-22T18:45:37.057,edge,0,2026-08-22T18:45:43.913,TC07-20260822T184526556295-run10-69bf45,TC07-batch-20260822T184151-4d9be0,TC07,10,6,cloud_outage
edge,397,v41-TC07-10-7-e6e0341a,V4.1 TC07 Run 10 Customer 7,"V4.1 test order 7 for end_to_end_recovery_lifecycle, run 10, phase cloud_outage",2026-08-22T18:45:37.424,edge,0,2026-08-22T18:45:44.297,TC07-20260822T184526556295-run10-69bf45,TC07-batch-20260822T184151-4d9be0,TC07,10,7,cloud_outage
edge,398,v41-TC07-10-8-5ea30f68,V4.1 TC07 Run 10 Customer 8,"V4.1 test order 8 for end_to_end_recovery_lifecycle, run 10, phase cloud_outage",2026-08-22T18:45:37.824,edge,0,2026-08-22T18:45:44.661,TC07-20260822T184526556295-run10-69bf45,TC07-batch-20260822T184151-4d9be0,TC07,10,8,cloud_outage
edge,399,v41-TC07-10-9-b672b1f1,V4.1 TC07 Run 10 Customer 9,"V4.1 test order 9 for end_to_end_recovery_lifecycle, run 10, phase cloud_outage",2026-08-22T18:45:38.252,edge,0,2026-08-22T18:45:45.010,TC07-20260822T184526556295-run10-69bf45,TC07-batch-20260822T184151-4d9be0,TC07,10,9,cloud_outage
edge,400,v41-TC07-10-10-5fcd568f,V4.1 TC07 Run 10 Customer 10,"V4.1 test order 10 for end_to_end_recovery_lifecycle, run 10, phase cloud_outage",2026-08-22T18:45:38.660,edge,0,2026-08-22T18:45:45.338,TC07-20260822T184526556295-run10-69bf45,TC07-batch-20260822T184151-4d9be0,TC07,10,10,cloud_outage
