event_timestamp,version,batch_id,experiment_id,test_case_id,scenario,run_id,phase,request_number,client_order_id,request_interval_seconds,operating_state_before,operating_state_after,failover_enabled,expected_cloud_status,expected_edge_status,cloud_http_status,cloud_latency_seconds,cloud_error,cloud_failure_detected,cloud_failure_detection_seconds,edge_http_status,edge_latency_seconds,edge_error,failover_triggered,observed_failover_recovery_seconds,final_success,final_target,total_request_latency_seconds,scenario_display
2026-08-22 18:05:58.708,4.1,TC01-batch-20260822T180558-a2cc9e,TC01-20260822T180558530355-run1-a0386f,TC01,normal_operation,1,workload,1,v41-TC01-1-1-6cb57494,0.2,NORMAL,NORMAL,False,available,available,201.0,0.164876,,False,,,,not_attempted,False,,True,cloud,0.165265,Normal Operation
2026-08-22 18:05:59.115,4.1,TC01-batch-20260822T180558-a2cc9e,TC01-20260822T180558530355-run1-a0386f,TC01,normal_operation,1,workload,2,v41-TC01-1-2-2d496798,0.2,NORMAL,NORMAL,False,available,available,201.0,0.200789,,False,,,,not_attempted,False,,True,cloud,0.200966,Normal Operation
2026-08-22 18:05:59.499,4.1,TC01-batch-20260822T180558-a2cc9e,TC01-20260822T180558530355-run1-a0386f,TC01,normal_operation,1,workload,3,v41-TC01-1-3-2443a7ec,0.2,NORMAL,NORMAL,False,available,available,201.0,0.181662,,False,,,,not_attempted,False,,True,cloud,0.181952,Normal Operation
2026-08-22 18:05:59.916,4.1,TC01-batch-20260822T180558-a2cc9e,TC01-20260822T180558530355-run1-a0386f,TC01,normal_operation,1,workload,4,v41-TC01-1-4-c2d7bcea,0.2,NORMAL,NORMAL,False,available,available,201.0,0.212418,,False,,,,not_attempted,False,,True,cloud,0.21254,Normal Operation
2026-08-22 18:06:00.328,4.1,TC01-batch-20260822T180558-a2cc9e,TC01-20260822T180558530355-run1-a0386f,TC01,normal_operation,1,workload,5,v41-TC01-1-5-8dfa2ef1,0.2,NORMAL,NORMAL,False,available,available,201.0,0.204835,,False,,,,not_attempted,False,,True,cloud,0.204903,Normal Operation
2026-08-22 18:06:00.704,4.1,TC01-batch-20260822T180558-a2cc9e,TC01-20260822T180558530355-run1-a0386f,TC01,normal_operation,1,workload,6,v41-TC01-1-6-c02773bb,0.2,NORMAL,NORMAL,False,available,available,201.0,0.173789,,False,,,,not_attempted,False,,True,cloud,0.173911,Normal Operation
2026-08-22 18:06:01.127,4.1,TC01-batch-20260822T180558-a2cc9e,TC01-20260822T180558530355-run1-a0386f,TC01,normal_operation,1,workload,7,v41-TC01-1-7-a1a4f40f,0.2,NORMAL,NORMAL,False,available,available,201.0,0.221186,,False,,,,not_attempted,False,,True,cloud,0.221305,Normal Operation
2026-08-22 18:06:01.515,4.1,TC01-batch-20260822T180558-a2cc9e,TC01-20260822T180558530355-run1-a0386f,TC01,normal_operation,1,workload,8,v41-TC01-1-8-8d5b13cc,0.2,NORMAL,NORMAL,False,available,available,201.0,0.183227,,False,,,,not_attempted,False,,True,cloud,0.183335,Normal Operation
2026-08-22 18:06:01.884,4.1,TC01-batch-20260822T180558-a2cc9e,TC01-20260822T180558530355-run1-a0386f,TC01,normal_operation,1,workload,9,v41-TC01-1-9-54173037,0.2,NORMAL,NORMAL,False,available,available,201.0,0.166307,,False,,,,not_attempted,False,,True,cloud,0.166439,Normal Operation
2026-08-22 18:06:02.270,4.1,TC01-batch-20260822T180558-a2cc9e,TC01-20260822T180558530355-run1-a0386f,TC01,normal_operation,1,workload,10,v41-TC01-1-10-03de9070,0.2,NORMAL,NORMAL,False,available,available,201.0,0.183921,,False,,,,not_attempted,False,,True,cloud,0.18399,Normal Operation
2026-08-22 18:06:02.637,4.1,TC01-batch-20260822T180558-a2cc9e,TC01-20260822T180558530355-run1-a0386f,TC01,normal_operation,1,workload,11,v41-TC01-1-11-2b24b4fb,0.2,NORMAL,NORMAL,False,available,available,201.0,0.164248,,False,,,,not_attempted,False,,True,cloud,0.164316,Normal Operation
2026-08-22 18:06:03.015,4.1,TC01-batch-20260822T180558-a2cc9e,TC01-20260822T180558530355-run1-a0386f,TC01,normal_operation,1,workload,12,v41-TC01-1-12-07284974,0.2,NORMAL,NORMAL,False,available,available,201.0,0.176875,,False,,,,not_attempted,False,,True,cloud,0.176983,Normal Operation
2026-08-22 18:06:03.415,4.1,TC01-batch-20260822T180558-a2cc9e,TC01-20260822T180558530355-run1-a0386f,TC01,normal_operation,1,workload,13,v41-TC01-1-13-a421e2fd,0.2,NORMAL,NORMAL,False,available,available,201.0,0.196466,,False,,,,not_attempted,False,,True,cloud,0.196564,Normal Operation
2026-08-22 18:06:03.783,4.1,TC01-batch-20260822T180558-a2cc9e,TC01-20260822T180558530355-run1-a0386f,TC01,normal_operation,1,workload,14,v41-TC01-1-14-12e6a89f,0.2,NORMAL,NORMAL,False,available,available,201.0,0.165851,,False,,,,not_attempted,False,,True,cloud,0.165945,Normal Operation
2026-08-22 18:06:04.148,4.1,TC01-batch-20260822T180558-a2cc9e,TC01-20260822T180558530355-run1-a0386f,TC01,normal_operation,1,workload,15,v41-TC01-1-15-9e9f29e8,0.2,NORMAL,NORMAL,False,available,available,201.0,0.160326,,False,,,,not_attempted,False,,True,cloud,0.160473,Normal Operation
2026-08-22 18:06:04.526,4.1,TC01-batch-20260822T180558-a2cc9e,TC01-20260822T180558530355-run1-a0386f,TC01,normal_operation,1,workload,16,v41-TC01-1-16-21a91489,0.2,NORMAL,NORMAL,False,available,available,201.0,0.17644,,False,,,,not_attempted,False,,True,cloud,0.176568,Normal Operation
2026-08-22 18:06:04.919,4.1,TC01-batch-20260822T180558-a2cc9e,TC01-20260822T180558530355-run1-a0386f,TC01,normal_operation,1,workload,17,v41-TC01-1-17-0515f033,0.2,NORMAL,NORMAL,False,available,available,201.0,0.189606,,False,,,,not_attempted,False,,True,cloud,0.18973,Normal Operation
2026-08-22 18:06:05.308,4.1,TC01-batch-20260822T180558-a2cc9e,TC01-20260822T180558530355-run1-a0386f,TC01,normal_operation,1,workload,18,v41-TC01-1-18-3cd55f64,0.2,NORMAL,NORMAL,False,available,available,201.0,0.187309,,False,,,,not_attempted,False,,True,cloud,0.187418,Normal Operation
2026-08-22 18:06:05.731,4.1,TC01-batch-20260822T180558-a2cc9e,TC01-20260822T180558530355-run1-a0386f,TC01,normal_operation,1,workload,19,v41-TC01-1-19-ae4d6ca8,0.2,NORMAL,NORMAL,False,available,available,201.0,0.210514,,False,,,,not_attempted,False,,True,cloud,0.210619,Normal Operation
2026-08-22 18:06:06.150,4.1,TC01-batch-20260822T180558-a2cc9e,TC01-20260822T180558530355-run1-a0386f,TC01,normal_operation,1,workload,20,v41-TC01-1-20-f5a5d5f8,0.2,NORMAL,NORMAL,False,available,available,201.0,0.214481,,False,,,,not_attempted,False,,True,cloud,0.214619,Normal Operation
2026-08-22 18:06:06.559,4.1,TC01-batch-20260822T180558-a2cc9e,TC01-20260822T180558530355-run1-a0386f,TC01,normal_operation,1,workload,21,v41-TC01-1-21-d17a99c9,0.2,NORMAL,NORMAL,False,available,available,201.0,0.193569,,False,,,,not_attempted,False,,True,cloud,0.193727,Normal Operation
2026-08-22 18:06:07.019,4.1,TC01-batch-20260822T180558-a2cc9e,TC01-20260822T180558530355-run1-a0386f,TC01,normal_operation,1,workload,22,v41-TC01-1-22-4fdcf002,0.2,NORMAL,NORMAL,False,available,available,201.0,0.256736,,False,,,,not_attempted,False,,True,cloud,0.256892,Normal Operation
2026-08-22 18:06:07.550,4.1,TC01-batch-20260822T180558-a2cc9e,TC01-20260822T180558530355-run1-a0386f,TC01,normal_operation,1,workload,23,v41-TC01-1-23-4b985cb6,0.2,NORMAL,NORMAL,False,available,available,201.0,0.327263,,False,,,,not_attempted,False,,True,cloud,0.327382,Normal Operation
2026-08-22 18:06:07.939,4.1,TC01-batch-20260822T180558-a2cc9e,TC01-20260822T180558530355-run1-a0386f,TC01,normal_operation,1,workload,24,v41-TC01-1-24-10e65cf5,0.2,NORMAL,NORMAL,False,available,available,201.0,0.187562,,False,,,,not_attempted,False,,True,cloud,0.187666,Normal Operation
2026-08-22 18:06:08.384,4.1,TC01-batch-20260822T180558-a2cc9e,TC01-20260822T180558530355-run1-a0386f,TC01,normal_operation,1,workload,25,v41-TC01-1-25-09b4f3b6,0.2,NORMAL,NORMAL,False,available,available,201.0,0.242854,,False,,,,not_attempted,False,,True,cloud,0.242956,Normal Operation
2026-08-22 18:06:08.775,4.1,TC01-batch-20260822T180558-a2cc9e,TC01-20260822T180558530355-run1-a0386f,TC01,normal_operation,1,workload,26,v41-TC01-1-26-05eefe23,0.2,NORMAL,NORMAL,False,available,available,201.0,0.188999,,False,,,,not_attempted,False,,True,cloud,0.189103,Normal Operation
2026-08-22 18:06:09.194,4.1,TC01-batch-20260822T180558-a2cc9e,TC01-20260822T180558530355-run1-a0386f,TC01,normal_operation,1,workload,27,v41-TC01-1-27-a177c2d9,0.2,NORMAL,NORMAL,False,available,available,201.0,0.217274,,False,,,,not_attempted,False,,True,cloud,0.217395,Normal Operation
2026-08-22 18:06:09.655,4.1,TC01-batch-20260822T180558-a2cc9e,TC01-20260822T180558530355-run1-a0386f,TC01,normal_operation,1,workload,28,v41-TC01-1-28-9050c834,0.2,NORMAL,NORMAL,False,available,available,201.0,0.258665,,False,,,,not_attempted,False,,True,cloud,0.258772,Normal Operation
2026-08-22 18:06:10.088,4.1,TC01-batch-20260822T180558-a2cc9e,TC01-20260822T180558530355-run1-a0386f,TC01,normal_operation,1,workload,29,v41-TC01-1-29-079eb9d1,0.2,NORMAL,NORMAL,False,available,available,201.0,0.231805,,False,,,,not_attempted,False,,True,cloud,0.231922,Normal Operation
2026-08-22 18:06:10.497,4.1,TC01-batch-20260822T180558-a2cc9e,TC01-20260822T180558530355-run1-a0386f,TC01,normal_operation,1,workload,30,v41-TC01-1-30-a28cbee3,0.2,NORMAL,NORMAL,False,available,available,201.0,0.207603,,False,,,,not_attempted,False,,True,cloud,0.207756,Normal Operation
2026-08-22 18:06:11.639,4.1,TC01-batch-20260822T180558-a2cc9e,TC01-20260822T180611418888-run2-3743d3,TC01,normal_operation,2,workload,1,v41-TC01-2-1-18459757,0.2,NORMAL,NORMAL,False,available,available,201.0,0.208163,,False,,,,not_attempted,False,,True,cloud,0.208302,Normal Operation
2026-08-22 18:06:12.038,4.1,TC01-batch-20260822T180558-a2cc9e,TC01-20260822T180611418888-run2-3743d3,TC01,normal_operation,2,workload,2,v41-TC01-2-2-4ca8585e,0.2,NORMAL,NORMAL,False,available,available,201.0,0.187457,,False,,,,not_attempted,False,,True,cloud,0.18755,Normal Operation
2026-08-22 18:06:12.406,4.1,TC01-batch-20260822T180558-a2cc9e,TC01-20260822T180611418888-run2-3743d3,TC01,normal_operation,2,workload,3,v41-TC01-2-3-ef65a11f,0.2,NORMAL,NORMAL,False,available,available,201.0,0.164734,,False,,,,not_attempted,False,,True,cloud,0.165111,Normal Operation
2026-08-22 18:06:12.827,4.1,TC01-batch-20260822T180558-a2cc9e,TC01-20260822T180611418888-run2-3743d3,TC01,normal_operation,2,workload,4,v41-TC01-2-4-66da3735,0.2,NORMAL,NORMAL,False,available,available,201.0,0.218409,,False,,,,not_attempted,False,,True,cloud,0.218555,Normal Operation
2026-08-22 18:06:13.204,4.1,TC01-batch-20260822T180558-a2cc9e,TC01-20260822T180611418888-run2-3743d3,TC01,normal_operation,2,workload,5,v41-TC01-2-5-5ed173e2,0.2,NORMAL,NORMAL,False,available,available,201.0,0.17566,,False,,,,not_attempted,False,,True,cloud,0.175776,Normal Operation
2026-08-22 18:06:13.624,4.1,TC01-batch-20260822T180558-a2cc9e,TC01-20260822T180611418888-run2-3743d3,TC01,normal_operation,2,workload,6,v41-TC01-2-6-e2d6af64,0.2,NORMAL,NORMAL,False,available,available,201.0,0.217908,,False,,,,not_attempted,False,,True,cloud,0.218004,Normal Operation
2026-08-22 18:06:13.982,4.1,TC01-batch-20260822T180558-a2cc9e,TC01-20260822T180611418888-run2-3743d3,TC01,normal_operation,2,workload,7,v41-TC01-2-7-9bb47a8f,0.2,NORMAL,NORMAL,False,available,available,201.0,0.155984,,False,,,,not_attempted,False,,True,cloud,0.156073,Normal Operation
2026-08-22 18:06:14.387,4.1,TC01-batch-20260822T180558-a2cc9e,TC01-20260822T180611418888-run2-3743d3,TC01,normal_operation,2,workload,8,v41-TC01-2-8-c157cc39,0.2,NORMAL,NORMAL,False,available,available,201.0,0.203796,,False,,,,not_attempted,False,,True,cloud,0.203906,Normal Operation
2026-08-22 18:06:14.793,4.1,TC01-batch-20260822T180558-a2cc9e,TC01-20260822T180611418888-run2-3743d3,TC01,normal_operation,2,workload,9,v41-TC01-2-9-b3d83ade,0.2,NORMAL,NORMAL,False,available,available,201.0,0.204802,,False,,,,not_attempted,False,,True,cloud,0.204928,Normal Operation
2026-08-22 18:06:15.195,4.1,TC01-batch-20260822T180558-a2cc9e,TC01-20260822T180611418888-run2-3743d3,TC01,normal_operation,2,workload,10,v41-TC01-2-10-f9e694db,0.2,NORMAL,NORMAL,False,available,available,201.0,0.197962,,False,,,,not_attempted,False,,True,cloud,0.198064,Normal Operation
2026-08-22 18:06:15.581,4.1,TC01-batch-20260822T180558-a2cc9e,TC01-20260822T180611418888-run2-3743d3,TC01,normal_operation,2,workload,11,v41-TC01-2-11-b1656cf9,0.2,NORMAL,NORMAL,False,available,available,201.0,0.185086,,False,,,,not_attempted,False,,True,cloud,0.185171,Normal Operation
2026-08-22 18:06:15.960,4.1,TC01-batch-20260822T180558-a2cc9e,TC01-20260822T180611418888-run2-3743d3,TC01,normal_operation,2,workload,12,v41-TC01-2-12-303c318b,0.2,NORMAL,NORMAL,False,available,available,201.0,0.176757,,False,,,,not_attempted,False,,True,cloud,0.176886,Normal Operation
2026-08-22 18:06:16.338,4.1,TC01-batch-20260822T180558-a2cc9e,TC01-20260822T180611418888-run2-3743d3,TC01,normal_operation,2,workload,13,v41-TC01-2-13-3225a8ac,0.2,NORMAL,NORMAL,False,available,available,201.0,0.176712,,False,,,,not_attempted,False,,True,cloud,0.176859,Normal Operation
2026-08-22 18:06:16.726,4.1,TC01-batch-20260822T180558-a2cc9e,TC01-20260822T180611418888-run2-3743d3,TC01,normal_operation,2,workload,14,v41-TC01-2-14-93d9a1f7,0.2,NORMAL,NORMAL,False,available,available,201.0,0.186351,,False,,,,not_attempted,False,,True,cloud,0.186442,Normal Operation
2026-08-22 18:06:17.115,4.1,TC01-batch-20260822T180558-a2cc9e,TC01-20260822T180611418888-run2-3743d3,TC01,normal_operation,2,workload,15,v41-TC01-2-15-f30a4dd4,0.2,NORMAL,NORMAL,False,available,available,201.0,0.187076,,False,,,,not_attempted,False,,True,cloud,0.187177,Normal Operation
2026-08-22 18:06:17.504,4.1,TC01-batch-20260822T180558-a2cc9e,TC01-20260822T180611418888-run2-3743d3,TC01,normal_operation,2,workload,16,v41-TC01-2-16-add0e070,0.2,NORMAL,NORMAL,False,available,available,201.0,0.186946,,False,,,,not_attempted,False,,True,cloud,0.187006,Normal Operation
2026-08-22 18:06:17.859,4.1,TC01-batch-20260822T180558-a2cc9e,TC01-20260822T180611418888-run2-3743d3,TC01,normal_operation,2,workload,17,v41-TC01-2-17-c68d6956,0.2,NORMAL,NORMAL,False,available,available,201.0,0.153729,,False,,,,not_attempted,False,,True,cloud,0.153814,Normal Operation
2026-08-22 18:06:18.238,4.1,TC01-batch-20260822T180558-a2cc9e,TC01-20260822T180611418888-run2-3743d3,TC01,normal_operation,2,workload,18,v41-TC01-2-18-f4cfff74,0.2,NORMAL,NORMAL,False,available,available,201.0,0.17829,,False,,,,not_attempted,False,,True,cloud,0.178407,Normal Operation
2026-08-22 18:06:18.622,4.1,TC01-batch-20260822T180558-a2cc9e,TC01-20260822T180611418888-run2-3743d3,TC01,normal_operation,2,workload,19,v41-TC01-2-19-65e436b7,0.2,NORMAL,NORMAL,False,available,available,201.0,0.181943,,False,,,,not_attempted,False,,True,cloud,0.182098,Normal Operation
2026-08-22 18:06:19.006,4.1,TC01-batch-20260822T180558-a2cc9e,TC01-20260822T180611418888-run2-3743d3,TC01,normal_operation,2,workload,20,v41-TC01-2-20-91eb9126,0.2,NORMAL,NORMAL,False,available,available,201.0,0.182753,,False,,,,not_attempted,False,,True,cloud,0.182859,Normal Operation
2026-08-22 18:06:19.425,4.1,TC01-batch-20260822T180558-a2cc9e,TC01-20260822T180611418888-run2-3743d3,TC01,normal_operation,2,workload,21,v41-TC01-2-21-35f8caa5,0.2,NORMAL,NORMAL,False,available,available,201.0,0.217465,,False,,,,not_attempted,False,,True,cloud,0.217537,Normal Operation
2026-08-22 18:06:19.807,4.1,TC01-batch-20260822T180558-a2cc9e,TC01-20260822T180611418888-run2-3743d3,TC01,normal_operation,2,workload,22,v41-TC01-2-22-14b62199,0.2,NORMAL,NORMAL,False,available,available,201.0,0.18006,,False,,,,not_attempted,False,,True,cloud,0.180167,Normal Operation
2026-08-22 18:06:20.203,4.1,TC01-batch-20260822T180558-a2cc9e,TC01-20260822T180611418888-run2-3743d3,TC01,normal_operation,2,workload,23,v41-TC01-2-23-7ea7536f,0.2,NORMAL,NORMAL,False,available,available,201.0,0.195088,,False,,,,not_attempted,False,,True,cloud,0.195227,Normal Operation
2026-08-22 18:06:20.583,4.1,TC01-batch-20260822T180558-a2cc9e,TC01-20260822T180611418888-run2-3743d3,TC01,normal_operation,2,workload,24,v41-TC01-2-24-775e9b05,0.2,NORMAL,NORMAL,False,available,available,201.0,0.177219,,False,,,,not_attempted,False,,True,cloud,0.177321,Normal Operation
2026-08-22 18:06:21.037,4.1,TC01-batch-20260822T180558-a2cc9e,TC01-20260822T180611418888-run2-3743d3,TC01,normal_operation,2,workload,25,v41-TC01-2-25-8088bfdb,0.2,NORMAL,NORMAL,False,available,available,201.0,0.252903,,False,,,,not_attempted,False,,True,cloud,0.253008,Normal Operation
2026-08-22 18:06:21.439,4.1,TC01-batch-20260822T180558-a2cc9e,TC01-20260822T180611418888-run2-3743d3,TC01,normal_operation,2,workload,26,v41-TC01-2-26-3fda72cb,0.2,NORMAL,NORMAL,False,available,available,201.0,0.198185,,False,,,,not_attempted,False,,True,cloud,0.198342,Normal Operation
2026-08-22 18:06:21.838,4.1,TC01-batch-20260822T180558-a2cc9e,TC01-20260822T180611418888-run2-3743d3,TC01,normal_operation,2,workload,27,v41-TC01-2-27-898bb49e,0.2,NORMAL,NORMAL,False,available,available,201.0,0.197295,,False,,,,not_attempted,False,,True,cloud,0.197401,Normal Operation
2026-08-22 18:06:22.230,4.1,TC01-batch-20260822T180558-a2cc9e,TC01-20260822T180611418888-run2-3743d3,TC01,normal_operation,2,workload,28,v41-TC01-2-28-dd5caa83,0.2,NORMAL,NORMAL,False,available,available,201.0,0.190945,,False,,,,not_attempted,False,,True,cloud,0.191136,Normal Operation
2026-08-22 18:06:22.638,4.1,TC01-batch-20260822T180558-a2cc9e,TC01-20260822T180611418888-run2-3743d3,TC01,normal_operation,2,workload,29,v41-TC01-2-29-e3fa8435,0.2,NORMAL,NORMAL,False,available,available,201.0,0.204715,,False,,,,not_attempted,False,,True,cloud,0.204815,Normal Operation
2026-08-22 18:06:23.017,4.1,TC01-batch-20260822T180558-a2cc9e,TC01-20260822T180611418888-run2-3743d3,TC01,normal_operation,2,workload,30,v41-TC01-2-30-1e2df213,0.2,NORMAL,NORMAL,False,available,available,201.0,0.177329,,False,,,,not_attempted,False,,True,cloud,0.177457,Normal Operation
2026-08-22 18:06:24.074,4.1,TC01-batch-20260822T180558-a2cc9e,TC01-20260822T180623857411-run3-1c69a5,TC01,normal_operation,3,workload,1,v41-TC01-3-1-19baef18,0.2,NORMAL,NORMAL,False,available,available,201.0,0.201709,,False,,,,not_attempted,False,,True,cloud,0.201812,Normal Operation
2026-08-22 18:06:24.471,4.1,TC01-batch-20260822T180558-a2cc9e,TC01-20260822T180623857411-run3-1c69a5,TC01,normal_operation,3,workload,2,v41-TC01-3-2-600deaa9,0.2,NORMAL,NORMAL,False,available,available,201.0,0.194905,,False,,,,not_attempted,False,,True,cloud,0.19502,Normal Operation
2026-08-22 18:06:24.881,4.1,TC01-batch-20260822T180558-a2cc9e,TC01-20260822T180623857411-run3-1c69a5,TC01,normal_operation,3,workload,3,v41-TC01-3-3-e5da9ab2,0.2,NORMAL,NORMAL,False,available,available,201.0,0.208849,,False,,,,not_attempted,False,,True,cloud,0.20894,Normal Operation
2026-08-22 18:06:25.260,4.1,TC01-batch-20260822T180558-a2cc9e,TC01-20260822T180623857411-run3-1c69a5,TC01,normal_operation,3,workload,4,v41-TC01-3-4-9afc6468,0.2,NORMAL,NORMAL,False,available,available,201.0,0.177408,,False,,,,not_attempted,False,,True,cloud,0.177482,Normal Operation
2026-08-22 18:06:25.660,4.1,TC01-batch-20260822T180558-a2cc9e,TC01-20260822T180623857411-run3-1c69a5,TC01,normal_operation,3,workload,5,v41-TC01-3-5-2a49b8b2,0.2,NORMAL,NORMAL,False,available,available,201.0,0.198435,,False,,,,not_attempted,False,,True,cloud,0.198546,Normal Operation
2026-08-22 18:06:26.026,4.1,TC01-batch-20260822T180558-a2cc9e,TC01-20260822T180623857411-run3-1c69a5,TC01,normal_operation,3,workload,6,v41-TC01-3-6-c8d3b43d,0.2,NORMAL,NORMAL,False,available,available,201.0,0.164659,,False,,,,not_attempted,False,,True,cloud,0.164745,Normal Operation
2026-08-22 18:06:26.438,4.1,TC01-batch-20260822T180558-a2cc9e,TC01-20260822T180623857411-run3-1c69a5,TC01,normal_operation,3,workload,7,v41-TC01-3-7-aad9e782,0.2,NORMAL,NORMAL,False,available,available,201.0,0.210319,,False,,,,not_attempted,False,,True,cloud,0.210433,Normal Operation
2026-08-22 18:06:26.815,4.1,TC01-batch-20260822T180558-a2cc9e,TC01-20260822T180623857411-run3-1c69a5,TC01,normal_operation,3,workload,8,v41-TC01-3-8-982bd7b5,0.2,NORMAL,NORMAL,False,available,available,201.0,0.175289,,False,,,,not_attempted,False,,True,cloud,0.175381,Normal Operation
2026-08-22 18:06:27.198,4.1,TC01-batch-20260822T180558-a2cc9e,TC01-20260822T180623857411-run3-1c69a5,TC01,normal_operation,3,workload,9,v41-TC01-3-9-3793595d,0.2,NORMAL,NORMAL,False,available,available,201.0,0.181624,,False,,,,not_attempted,False,,True,cloud,0.181744,Normal Operation
2026-08-22 18:06:27.593,4.1,TC01-batch-20260822T180558-a2cc9e,TC01-20260822T180623857411-run3-1c69a5,TC01,normal_operation,3,workload,10,v41-TC01-3-10-9a6bd72f,0.2,NORMAL,NORMAL,False,available,available,201.0,0.193284,,False,,,,not_attempted,False,,True,cloud,0.193352,Normal Operation
2026-08-22 18:06:28.003,4.1,TC01-batch-20260822T180558-a2cc9e,TC01-20260822T180623857411-run3-1c69a5,TC01,normal_operation,3,workload,11,v41-TC01-3-11-4e206ced,0.2,NORMAL,NORMAL,False,available,available,201.0,0.206155,,False,,,,not_attempted,False,,True,cloud,0.206332,Normal Operation
2026-08-22 18:06:28.394,4.1,TC01-batch-20260822T180558-a2cc9e,TC01-20260822T180623857411-run3-1c69a5,TC01,normal_operation,3,workload,12,v41-TC01-3-12-00848e35,0.2,NORMAL,NORMAL,False,available,available,201.0,0.18349,,False,,,,not_attempted,False,,True,cloud,0.183606,Normal Operation
2026-08-22 18:06:28.761,4.1,TC01-batch-20260822T180558-a2cc9e,TC01-20260822T180623857411-run3-1c69a5,TC01,normal_operation,3,workload,13,v41-TC01-3-13-2503ab39,0.2,NORMAL,NORMAL,False,available,available,201.0,0.165443,,False,,,,not_attempted,False,,True,cloud,0.165585,Normal Operation
2026-08-22 18:06:29.215,4.1,TC01-batch-20260822T180558-a2cc9e,TC01-20260822T180623857411-run3-1c69a5,TC01,normal_operation,3,workload,14,v41-TC01-3-14-2e0b8fd1,0.2,NORMAL,NORMAL,False,available,available,201.0,0.2498,,False,,,,not_attempted,False,,True,cloud,0.249905,Normal Operation
2026-08-22 18:06:29.593,4.1,TC01-batch-20260822T180558-a2cc9e,TC01-20260822T180623857411-run3-1c69a5,TC01,normal_operation,3,workload,15,v41-TC01-3-15-f9042215,0.2,NORMAL,NORMAL,False,available,available,201.0,0.173687,,False,,,,not_attempted,False,,True,cloud,0.173792,Normal Operation
2026-08-22 18:06:29.975,4.1,TC01-batch-20260822T180558-a2cc9e,TC01-20260822T180623857411-run3-1c69a5,TC01,normal_operation,3,workload,16,v41-TC01-3-16-d86d7498,0.2,NORMAL,NORMAL,False,available,available,201.0,0.179267,,False,,,,not_attempted,False,,True,cloud,0.179486,Normal Operation
2026-08-22 18:06:30.360,4.1,TC01-batch-20260822T180558-a2cc9e,TC01-20260822T180623857411-run3-1c69a5,TC01,normal_operation,3,workload,17,v41-TC01-3-17-635824cf,0.2,NORMAL,NORMAL,False,available,available,201.0,0.181552,,False,,,,not_attempted,False,,True,cloud,0.181651,Normal Operation
2026-08-22 18:06:30.739,4.1,TC01-batch-20260822T180558-a2cc9e,TC01-20260822T180623857411-run3-1c69a5,TC01,normal_operation,3,workload,18,v41-TC01-3-18-70f8ef94,0.2,NORMAL,NORMAL,False,available,available,201.0,0.17733,,False,,,,not_attempted,False,,True,cloud,0.177426,Normal Operation
2026-08-22 18:06:31.127,4.1,TC01-batch-20260822T180558-a2cc9e,TC01-20260822T180623857411-run3-1c69a5,TC01,normal_operation,3,workload,19,v41-TC01-3-19-f3586c39,0.2,NORMAL,NORMAL,False,available,available,201.0,0.186416,,False,,,,not_attempted,False,,True,cloud,0.186499,Normal Operation
2026-08-22 18:06:31.526,4.1,TC01-batch-20260822T180558-a2cc9e,TC01-20260822T180623857411-run3-1c69a5,TC01,normal_operation,3,workload,20,v41-TC01-3-20-ad7e19ba,0.2,NORMAL,NORMAL,False,available,available,201.0,0.197204,,False,,,,not_attempted,False,,True,cloud,0.197289,Normal Operation
2026-08-22 18:06:31.927,4.1,TC01-batch-20260822T180558-a2cc9e,TC01-20260822T180623857411-run3-1c69a5,TC01,normal_operation,3,workload,21,v41-TC01-3-21-502875d6,0.2,NORMAL,NORMAL,False,available,available,201.0,0.199327,,False,,,,not_attempted,False,,True,cloud,0.199438,Normal Operation
2026-08-22 18:06:32.318,4.1,TC01-batch-20260822T180558-a2cc9e,TC01-20260822T180623857411-run3-1c69a5,TC01,normal_operation,3,workload,22,v41-TC01-3-22-f43ea9b6,0.2,NORMAL,NORMAL,False,available,available,201.0,0.190339,,False,,,,not_attempted,False,,True,cloud,0.190572,Normal Operation
2026-08-22 18:06:32.742,4.1,TC01-batch-20260822T180558-a2cc9e,TC01-20260822T180623857411-run3-1c69a5,TC01,normal_operation,3,workload,23,v41-TC01-3-23-c996cb53,0.2,NORMAL,NORMAL,False,available,available,201.0,0.217465,,False,,,,not_attempted,False,,True,cloud,0.217566,Normal Operation
2026-08-22 18:06:33.143,4.1,TC01-batch-20260822T180558-a2cc9e,TC01-20260822T180623857411-run3-1c69a5,TC01,normal_operation,3,workload,24,v41-TC01-3-24-50aa5936,0.2,NORMAL,NORMAL,False,available,available,201.0,0.199338,,False,,,,not_attempted,False,,True,cloud,0.199589,Normal Operation
2026-08-22 18:06:33.529,4.1,TC01-batch-20260822T180558-a2cc9e,TC01-20260822T180623857411-run3-1c69a5,TC01,normal_operation,3,workload,25,v41-TC01-3-25-dc517949,0.2,NORMAL,NORMAL,False,available,available,201.0,0.182761,,False,,,,not_attempted,False,,True,cloud,0.182855,Normal Operation
2026-08-22 18:06:33.894,4.1,TC01-batch-20260822T180558-a2cc9e,TC01-20260822T180623857411-run3-1c69a5,TC01,normal_operation,3,workload,26,v41-TC01-3-26-6ee4813e,0.2,NORMAL,NORMAL,False,available,available,201.0,0.162954,,False,,,,not_attempted,False,,True,cloud,0.163052,Normal Operation
2026-08-22 18:06:34.272,4.1,TC01-batch-20260822T180558-a2cc9e,TC01-20260822T180623857411-run3-1c69a5,TC01,normal_operation,3,workload,27,v41-TC01-3-27-d1cf6c62,0.2,NORMAL,NORMAL,False,available,available,201.0,0.176688,,False,,,,not_attempted,False,,True,cloud,0.176801,Normal Operation
2026-08-22 18:06:34.648,4.1,TC01-batch-20260822T180558-a2cc9e,TC01-20260822T180623857411-run3-1c69a5,TC01,normal_operation,3,workload,28,v41-TC01-3-28-6f5031bc,0.2,NORMAL,NORMAL,False,available,available,201.0,0.174709,,False,,,,not_attempted,False,,True,cloud,0.174796,Normal Operation
2026-08-22 18:06:35.032,4.1,TC01-batch-20260822T180558-a2cc9e,TC01-20260822T180623857411-run3-1c69a5,TC01,normal_operation,3,workload,29,v41-TC01-3-29-a1df7ba0,0.2,NORMAL,NORMAL,False,available,available,201.0,0.183021,,False,,,,not_attempted,False,,True,cloud,0.183259,Normal Operation
2026-08-22 18:06:35.440,4.1,TC01-batch-20260822T180558-a2cc9e,TC01-20260822T180623857411-run3-1c69a5,TC01,normal_operation,3,workload,30,v41-TC01-3-30-b49be65a,0.2,NORMAL,NORMAL,False,available,available,201.0,0.204432,,False,,,,not_attempted,False,,True,cloud,0.204583,Normal Operation
2026-08-22 18:06:36.596,4.1,TC01-batch-20260822T180558-a2cc9e,TC01-20260822T180636341031-run4-347d01,TC01,normal_operation,4,workload,1,v41-TC01-4-1-53c1d793,0.2,NORMAL,NORMAL,False,available,available,201.0,0.227049,,False,,,,not_attempted,False,,True,cloud,0.227197,Normal Operation
2026-08-22 18:06:36.986,4.1,TC01-batch-20260822T180558-a2cc9e,TC01-20260822T180636341031-run4-347d01,TC01,normal_operation,4,workload,2,v41-TC01-4-2-b784f291,0.2,NORMAL,NORMAL,False,available,available,201.0,0.188257,,False,,,,not_attempted,False,,True,cloud,0.188448,Normal Operation
2026-08-22 18:06:37.385,4.1,TC01-batch-20260822T180558-a2cc9e,TC01-20260822T180636341031-run4-347d01,TC01,normal_operation,4,workload,3,v41-TC01-4-3-90950d0e,0.2,NORMAL,NORMAL,False,available,available,201.0,0.196084,,False,,,,not_attempted,False,,True,cloud,0.196277,Normal Operation
2026-08-22 18:06:37.772,4.1,TC01-batch-20260822T180558-a2cc9e,TC01-20260822T180636341031-run4-347d01,TC01,normal_operation,4,workload,4,v41-TC01-4-4-6c8034df,0.2,NORMAL,NORMAL,False,available,available,201.0,0.184028,,False,,,,not_attempted,False,,True,cloud,0.184118,Normal Operation
2026-08-22 18:06:38.164,4.1,TC01-batch-20260822T180558-a2cc9e,TC01-20260822T180636341031-run4-347d01,TC01,normal_operation,4,workload,5,v41-TC01-4-5-435292b0,0.2,NORMAL,NORMAL,False,available,available,201.0,0.189917,,False,,,,not_attempted,False,,True,cloud,0.190082,Normal Operation
2026-08-22 18:06:38.578,4.1,TC01-batch-20260822T180558-a2cc9e,TC01-20260822T180636341031-run4-347d01,TC01,normal_operation,4,workload,6,v41-TC01-4-6-678d3e80,0.2,NORMAL,NORMAL,False,available,available,201.0,0.211238,,False,,,,not_attempted,False,,True,cloud,0.211354,Normal Operation
2026-08-22 18:06:38.957,4.1,TC01-batch-20260822T180558-a2cc9e,TC01-20260822T180636341031-run4-347d01,TC01,normal_operation,4,workload,7,v41-TC01-4-7-779cc39d,0.2,NORMAL,NORMAL,False,available,available,201.0,0.177007,,False,,,,not_attempted,False,,True,cloud,0.177148,Normal Operation
2026-08-22 18:06:39.394,4.1,TC01-batch-20260822T180558-a2cc9e,TC01-20260822T180636341031-run4-347d01,TC01,normal_operation,4,workload,8,v41-TC01-4-8-ea2f1e64,0.2,NORMAL,NORMAL,False,available,available,201.0,0.234886,,False,,,,not_attempted,False,,True,cloud,0.234989,Normal Operation
2026-08-22 18:06:39.760,4.1,TC01-batch-20260822T180558-a2cc9e,TC01-20260822T180636341031-run4-347d01,TC01,normal_operation,4,workload,9,v41-TC01-4-9-afa8fcc8,0.2,NORMAL,NORMAL,False,available,available,201.0,0.161451,,False,,,,not_attempted,False,,True,cloud,0.161566,Normal Operation
2026-08-22 18:06:40.151,4.1,TC01-batch-20260822T180558-a2cc9e,TC01-20260822T180636341031-run4-347d01,TC01,normal_operation,4,workload,10,v41-TC01-4-10-1fdbf49f,0.2,NORMAL,NORMAL,False,available,available,201.0,0.188912,,False,,,,not_attempted,False,,True,cloud,0.189063,Normal Operation
2026-08-22 18:06:40.671,4.1,TC01-batch-20260822T180558-a2cc9e,TC01-20260822T180636341031-run4-347d01,TC01,normal_operation,4,workload,11,v41-TC01-4-11-a70c9716,0.2,NORMAL,NORMAL,False,available,available,201.0,0.316732,,False,,,,not_attempted,False,,True,cloud,0.316851,Normal Operation
2026-08-22 18:06:41.038,4.1,TC01-batch-20260822T180558-a2cc9e,TC01-20260822T180636341031-run4-347d01,TC01,normal_operation,4,workload,12,v41-TC01-4-12-74b6ddca,0.2,NORMAL,NORMAL,False,available,available,201.0,0.165159,,False,,,,not_attempted,False,,True,cloud,0.165246,Normal Operation
2026-08-22 18:06:41.441,4.1,TC01-batch-20260822T180558-a2cc9e,TC01-20260822T180636341031-run4-347d01,TC01,normal_operation,4,workload,13,v41-TC01-4-13-b4ef8a4c,0.2,NORMAL,NORMAL,False,available,available,201.0,0.200957,,False,,,,not_attempted,False,,True,cloud,0.201147,Normal Operation
2026-08-22 18:06:41.962,4.1,TC01-batch-20260822T180558-a2cc9e,TC01-20260822T180636341031-run4-347d01,TC01,normal_operation,4,workload,14,v41-TC01-4-14-3513c8e4,0.2,NORMAL,NORMAL,False,available,available,201.0,0.318552,,False,,,,not_attempted,False,,True,cloud,0.318649,Normal Operation
2026-08-22 18:06:42.385,4.1,TC01-batch-20260822T180558-a2cc9e,TC01-20260822T180636341031-run4-347d01,TC01,normal_operation,4,workload,15,v41-TC01-4-15-0e6fb14e,0.2,NORMAL,NORMAL,False,available,available,201.0,0.221933,,False,,,,not_attempted,False,,True,cloud,0.222121,Normal Operation
2026-08-22 18:06:42.816,4.1,TC01-batch-20260822T180558-a2cc9e,TC01-20260822T180636341031-run4-347d01,TC01,normal_operation,4,workload,16,v41-TC01-4-16-dea83b2f,0.2,NORMAL,NORMAL,False,available,available,201.0,0.2283,,False,,,,not_attempted,False,,True,cloud,0.228376,Normal Operation
2026-08-22 18:06:43.256,4.1,TC01-batch-20260822T180558-a2cc9e,TC01-20260822T180636341031-run4-347d01,TC01,normal_operation,4,workload,17,v41-TC01-4-17-fa27509d,0.2,NORMAL,NORMAL,False,available,available,201.0,0.238721,,False,,,,not_attempted,False,,True,cloud,0.238833,Normal Operation
2026-08-22 18:06:43.672,4.1,TC01-batch-20260822T180558-a2cc9e,TC01-20260822T180636341031-run4-347d01,TC01,normal_operation,4,workload,18,v41-TC01-4-18-b94af1cf,0.2,NORMAL,NORMAL,False,available,available,201.0,0.21395,,False,,,,not_attempted,False,,True,cloud,0.21403,Normal Operation
2026-08-22 18:06:44.171,4.1,TC01-batch-20260822T180558-a2cc9e,TC01-20260822T180636341031-run4-347d01,TC01,normal_operation,4,workload,19,v41-TC01-4-19-37ab695c,0.2,NORMAL,NORMAL,False,available,available,201.0,0.29833,,False,,,,not_attempted,False,,True,cloud,0.298417,Normal Operation
2026-08-22 18:06:44.586,4.1,TC01-batch-20260822T180558-a2cc9e,TC01-20260822T180636341031-run4-347d01,TC01,normal_operation,4,workload,20,v41-TC01-4-20-882e0cfb,0.2,NORMAL,NORMAL,False,available,available,201.0,0.212584,,False,,,,not_attempted,False,,True,cloud,0.212691,Normal Operation
2026-08-22 18:06:45.079,4.1,TC01-batch-20260822T180558-a2cc9e,TC01-20260822T180636341031-run4-347d01,TC01,normal_operation,4,workload,21,v41-TC01-4-21-e62ecb4f,0.2,NORMAL,NORMAL,False,available,available,201.0,0.288563,,False,,,,not_attempted,False,,True,cloud,0.288681,Normal Operation
2026-08-22 18:06:45.483,4.1,TC01-batch-20260822T180558-a2cc9e,TC01-20260822T180636341031-run4-347d01,TC01,normal_operation,4,workload,22,v41-TC01-4-22-f455e6eb,0.2,NORMAL,NORMAL,False,available,available,201.0,0.202344,,False,,,,not_attempted,False,,True,cloud,0.202411,Normal Operation
2026-08-22 18:06:45.871,4.1,TC01-batch-20260822T180558-a2cc9e,TC01-20260822T180636341031-run4-347d01,TC01,normal_operation,4,workload,23,v41-TC01-4-23-e5e270df,0.2,NORMAL,NORMAL,False,available,available,201.0,0.187111,,False,,,,not_attempted,False,,True,cloud,0.187173,Normal Operation
2026-08-22 18:06:46.350,4.1,TC01-batch-20260822T180558-a2cc9e,TC01-20260822T180636341031-run4-347d01,TC01,normal_operation,4,workload,24,v41-TC01-4-24-b9fa6ce9,0.2,NORMAL,NORMAL,False,available,available,201.0,0.27598,,False,,,,not_attempted,False,,True,cloud,0.276122,Normal Operation
2026-08-22 18:06:46.773,4.1,TC01-batch-20260822T180558-a2cc9e,TC01-20260822T180636341031-run4-347d01,TC01,normal_operation,4,workload,25,v41-TC01-4-25-84ad1c2e,0.2,NORMAL,NORMAL,False,available,available,201.0,0.220905,,False,,,,not_attempted,False,,True,cloud,0.221065,Normal Operation
2026-08-22 18:06:47.161,4.1,TC01-batch-20260822T180558-a2cc9e,TC01-20260822T180636341031-run4-347d01,TC01,normal_operation,4,workload,26,v41-TC01-4-26-bef351b4,0.2,NORMAL,NORMAL,False,available,available,201.0,0.186907,,False,,,,not_attempted,False,,True,cloud,0.187029,Normal Operation
2026-08-22 18:06:47.705,4.1,TC01-batch-20260822T180558-a2cc9e,TC01-20260822T180636341031-run4-347d01,TC01,normal_operation,4,workload,27,v41-TC01-4-27-28357312,0.2,NORMAL,NORMAL,False,available,available,201.0,0.342338,,False,,,,not_attempted,False,,True,cloud,0.342409,Normal Operation
2026-08-22 18:06:48.105,4.1,TC01-batch-20260822T180558-a2cc9e,TC01-20260822T180636341031-run4-347d01,TC01,normal_operation,4,workload,28,v41-TC01-4-28-e97bfb9d,0.2,NORMAL,NORMAL,False,available,available,201.0,0.197751,,False,,,,not_attempted,False,,True,cloud,0.197812,Normal Operation
2026-08-22 18:06:48.634,4.1,TC01-batch-20260822T180558-a2cc9e,TC01-20260822T180636341031-run4-347d01,TC01,normal_operation,4,workload,29,v41-TC01-4-29-4d575704,0.2,NORMAL,NORMAL,False,available,available,201.0,0.327407,,False,,,,not_attempted,False,,True,cloud,0.327499,Normal Operation
2026-08-22 18:06:49.027,4.1,TC01-batch-20260822T180558-a2cc9e,TC01-20260822T180636341031-run4-347d01,TC01,normal_operation,4,workload,30,v41-TC01-4-30-2f3e0078,0.2,NORMAL,NORMAL,False,available,available,201.0,0.190941,,False,,,,not_attempted,False,,True,cloud,0.191007,Normal Operation
2026-08-22 18:06:50.230,4.1,TC01-batch-20260822T180558-a2cc9e,TC01-20260822T180649884969-run5-0e79e5,TC01,normal_operation,5,workload,1,v41-TC01-5-1-6e63a6d4,0.2,NORMAL,NORMAL,False,available,available,201.0,0.330492,,False,,,,not_attempted,False,,True,cloud,0.330685,Normal Operation
2026-08-22 18:06:50.619,4.1,TC01-batch-20260822T180558-a2cc9e,TC01-20260822T180649884969-run5-0e79e5,TC01,normal_operation,5,workload,2,v41-TC01-5-2-aea48a56,0.2,NORMAL,NORMAL,False,available,available,201.0,0.185333,,False,,,,not_attempted,False,,True,cloud,0.185461,Normal Operation
2026-08-22 18:06:51.005,4.1,TC01-batch-20260822T180558-a2cc9e,TC01-20260822T180649884969-run5-0e79e5,TC01,normal_operation,5,workload,3,v41-TC01-5-3-2bf89c6d,0.2,NORMAL,NORMAL,False,available,available,201.0,0.184916,,False,,,,not_attempted,False,,True,cloud,0.184979,Normal Operation
2026-08-22 18:06:51.494,4.1,TC01-batch-20260822T180558-a2cc9e,TC01-20260822T180649884969-run5-0e79e5,TC01,normal_operation,5,workload,4,v41-TC01-5-4-e2e844a0,0.2,NORMAL,NORMAL,False,available,available,201.0,0.287674,,False,,,,not_attempted,False,,True,cloud,0.287774,Normal Operation
2026-08-22 18:06:51.932,4.1,TC01-batch-20260822T180558-a2cc9e,TC01-20260822T180649884969-run5-0e79e5,TC01,normal_operation,5,workload,5,v41-TC01-5-5-fa9413fd,0.2,NORMAL,NORMAL,False,available,available,201.0,0.236689,,False,,,,not_attempted,False,,True,cloud,0.2368,Normal Operation
2026-08-22 18:06:52.347,4.1,TC01-batch-20260822T180558-a2cc9e,TC01-20260822T180649884969-run5-0e79e5,TC01,normal_operation,5,workload,6,v41-TC01-5-6-098efd8d,0.2,NORMAL,NORMAL,False,available,available,201.0,0.212602,,False,,,,not_attempted,False,,True,cloud,0.21286,Normal Operation
2026-08-22 18:06:52.850,4.1,TC01-batch-20260822T180558-a2cc9e,TC01-20260822T180649884969-run5-0e79e5,TC01,normal_operation,5,workload,7,v41-TC01-5-7-a1eb0c16,0.2,NORMAL,NORMAL,False,available,available,201.0,0.299194,,False,,,,not_attempted,False,,True,cloud,0.299292,Normal Operation
2026-08-22 18:06:53.268,4.1,TC01-batch-20260822T180558-a2cc9e,TC01-20260822T180649884969-run5-0e79e5,TC01,normal_operation,5,workload,8,v41-TC01-5-8-6ed458c8,0.2,NORMAL,NORMAL,False,available,available,201.0,0.216682,,False,,,,not_attempted,False,,True,cloud,0.216803,Normal Operation
2026-08-22 18:06:53.672,4.1,TC01-batch-20260822T180558-a2cc9e,TC01-20260822T180649884969-run5-0e79e5,TC01,normal_operation,5,workload,9,v41-TC01-5-9-295e62ce,0.2,NORMAL,NORMAL,False,available,available,201.0,0.202254,,False,,,,not_attempted,False,,True,cloud,0.202384,Normal Operation
2026-08-22 18:06:54.194,4.1,TC01-batch-20260822T180558-a2cc9e,TC01-20260822T180649884969-run5-0e79e5,TC01,normal_operation,5,workload,10,v41-TC01-5-10-2e91bdb3,0.2,NORMAL,NORMAL,False,available,available,201.0,0.320348,,False,,,,not_attempted,False,,True,cloud,0.320438,Normal Operation
2026-08-22 18:06:54.606,4.1,TC01-batch-20260822T180558-a2cc9e,TC01-20260822T180649884969-run5-0e79e5,TC01,normal_operation,5,workload,11,v41-TC01-5-11-f57f72fb,0.2,NORMAL,NORMAL,False,available,available,201.0,0.210525,,False,,,,not_attempted,False,,True,cloud,0.210645,Normal Operation
2026-08-22 18:06:55.117,4.1,TC01-batch-20260822T180558-a2cc9e,TC01-20260822T180649884969-run5-0e79e5,TC01,normal_operation,5,workload,12,v41-TC01-5-12-a1b95587,0.2,NORMAL,NORMAL,False,available,available,201.0,0.309544,,False,,,,not_attempted,False,,True,cloud,0.309641,Normal Operation
2026-08-22 18:06:55.527,4.1,TC01-batch-20260822T180558-a2cc9e,TC01-20260822T180649884969-run5-0e79e5,TC01,normal_operation,5,workload,13,v41-TC01-5-13-bd9812c3,0.2,NORMAL,NORMAL,False,available,available,201.0,0.207806,,False,,,,not_attempted,False,,True,cloud,0.207876,Normal Operation
2026-08-22 18:06:55.939,4.1,TC01-batch-20260822T180558-a2cc9e,TC01-20260822T180649884969-run5-0e79e5,TC01,normal_operation,5,workload,14,v41-TC01-5-14-df8ab58e,0.2,NORMAL,NORMAL,False,available,available,201.0,0.210597,,False,,,,not_attempted,False,,True,cloud,0.210691,Normal Operation
2026-08-22 18:06:56.439,4.1,TC01-batch-20260822T180558-a2cc9e,TC01-20260822T180649884969-run5-0e79e5,TC01,normal_operation,5,workload,15,v41-TC01-5-15-f4c8588e,0.2,NORMAL,NORMAL,False,available,available,201.0,0.298426,,False,,,,not_attempted,False,,True,cloud,0.298549,Normal Operation
2026-08-22 18:06:56.860,4.1,TC01-batch-20260822T180558-a2cc9e,TC01-20260822T180649884969-run5-0e79e5,TC01,normal_operation,5,workload,16,v41-TC01-5-16-40de1776,0.2,NORMAL,NORMAL,False,available,available,201.0,0.21984,,False,,,,not_attempted,False,,True,cloud,0.219904,Normal Operation
2026-08-22 18:06:57.275,4.1,TC01-batch-20260822T180558-a2cc9e,TC01-20260822T180649884969-run5-0e79e5,TC01,normal_operation,5,workload,17,v41-TC01-5-17-e3f993b3,0.2,NORMAL,NORMAL,False,available,available,201.0,0.213406,,False,,,,not_attempted,False,,True,cloud,0.213575,Normal Operation
2026-08-22 18:06:57.683,4.1,TC01-batch-20260822T180558-a2cc9e,TC01-20260822T180649884969-run5-0e79e5,TC01,normal_operation,5,workload,18,v41-TC01-5-18-f31b7f51,0.2,NORMAL,NORMAL,False,available,available,201.0,0.206194,,False,,,,not_attempted,False,,True,cloud,0.206257,Normal Operation
2026-08-22 18:06:58.083,4.1,TC01-batch-20260822T180558-a2cc9e,TC01-20260822T180649884969-run5-0e79e5,TC01,normal_operation,5,workload,19,v41-TC01-5-19-ed9c0ee5,0.2,NORMAL,NORMAL,False,available,available,201.0,0.198615,,False,,,,not_attempted,False,,True,cloud,0.198711,Normal Operation
2026-08-22 18:06:58.560,4.1,TC01-batch-20260822T180558-a2cc9e,TC01-20260822T180649884969-run5-0e79e5,TC01,normal_operation,5,workload,20,v41-TC01-5-20-e158170b,0.2,NORMAL,NORMAL,False,available,available,201.0,0.275009,,False,,,,not_attempted,False,,True,cloud,0.275089,Normal Operation
2026-08-22 18:06:58.950,4.1,TC01-batch-20260822T180558-a2cc9e,TC01-20260822T180649884969-run5-0e79e5,TC01,normal_operation,5,workload,21,v41-TC01-5-21-68b30007,0.2,NORMAL,NORMAL,False,available,available,201.0,0.187897,,False,,,,not_attempted,False,,True,cloud,0.187985,Normal Operation
2026-08-22 18:06:59.361,4.1,TC01-batch-20260822T180558-a2cc9e,TC01-20260822T180649884969-run5-0e79e5,TC01,normal_operation,5,workload,22,v41-TC01-5-22-0474c93e,0.2,NORMAL,NORMAL,False,available,available,201.0,0.209663,,False,,,,not_attempted,False,,True,cloud,0.209788,Normal Operation
2026-08-22 18:06:59.842,4.1,TC01-batch-20260822T180558-a2cc9e,TC01-20260822T180649884969-run5-0e79e5,TC01,normal_operation,5,workload,23,v41-TC01-5-23-e9f468b1,0.2,NORMAL,NORMAL,False,available,available,201.0,0.278787,,False,,,,not_attempted,False,,True,cloud,0.278949,Normal Operation
2026-08-22 18:07:00.216,4.1,TC01-batch-20260822T180558-a2cc9e,TC01-20260822T180649884969-run5-0e79e5,TC01,normal_operation,5,workload,24,v41-TC01-5-24-a358de0e,0.2,NORMAL,NORMAL,False,available,available,201.0,0.173117,,False,,,,not_attempted,False,,True,cloud,0.173184,Normal Operation
2026-08-22 18:07:00.607,4.1,TC01-batch-20260822T180558-a2cc9e,TC01-20260822T180649884969-run5-0e79e5,TC01,normal_operation,5,workload,25,v41-TC01-5-25-6968187c,0.2,NORMAL,NORMAL,False,available,available,201.0,0.189251,,False,,,,not_attempted,False,,True,cloud,0.189352,Normal Operation
2026-08-22 18:07:01.106,4.1,TC01-batch-20260822T180558-a2cc9e,TC01-20260822T180649884969-run5-0e79e5,TC01,normal_operation,5,workload,26,v41-TC01-5-26-99672978,0.2,NORMAL,NORMAL,False,available,available,201.0,0.2976,,False,,,,not_attempted,False,,True,cloud,0.297722,Normal Operation
2026-08-22 18:07:01.463,4.1,TC01-batch-20260822T180558-a2cc9e,TC01-20260822T180649884969-run5-0e79e5,TC01,normal_operation,5,workload,27,v41-TC01-5-27-c74348a0,0.2,NORMAL,NORMAL,False,available,available,201.0,0.15456,,False,,,,not_attempted,False,,True,cloud,0.154701,Normal Operation
2026-08-22 18:07:01.838,4.1,TC01-batch-20260822T180558-a2cc9e,TC01-20260822T180649884969-run5-0e79e5,TC01,normal_operation,5,workload,28,v41-TC01-5-28-a816e64b,0.2,NORMAL,NORMAL,False,available,available,201.0,0.173838,,False,,,,not_attempted,False,,True,cloud,0.173943,Normal Operation
2026-08-22 18:07:02.350,4.1,TC01-batch-20260822T180558-a2cc9e,TC01-20260822T180649884969-run5-0e79e5,TC01,normal_operation,5,workload,29,v41-TC01-5-29-0b721c93,0.2,NORMAL,NORMAL,False,available,available,201.0,0.310172,,False,,,,not_attempted,False,,True,cloud,0.310274,Normal Operation
2026-08-22 18:07:02.796,4.1,TC01-batch-20260822T180558-a2cc9e,TC01-20260822T180649884969-run5-0e79e5,TC01,normal_operation,5,workload,30,v41-TC01-5-30-e312fca7,0.2,NORMAL,NORMAL,False,available,available,201.0,0.24411,,False,,,,not_attempted,False,,True,cloud,0.244258,Normal Operation
2026-08-22 18:07:03.973,4.1,TC01-batch-20260822T180558-a2cc9e,TC01-20260822T180703651516-run6-93aab6,TC01,normal_operation,6,workload,1,v41-TC01-6-1-fbf05c98,0.2,NORMAL,NORMAL,False,available,available,201.0,0.30642,,False,,,,not_attempted,False,,True,cloud,0.306536,Normal Operation
2026-08-22 18:07:04.405,4.1,TC01-batch-20260822T180558-a2cc9e,TC01-20260822T180703651516-run6-93aab6,TC01,normal_operation,6,workload,2,v41-TC01-6-2-439543dd,0.2,NORMAL,NORMAL,False,available,available,201.0,0.230163,,False,,,,not_attempted,False,,True,cloud,0.230283,Normal Operation
2026-08-22 18:07:04.794,4.1,TC01-batch-20260822T180558-a2cc9e,TC01-20260822T180703651516-run6-93aab6,TC01,normal_operation,6,workload,3,v41-TC01-6-3-cf5226e3,0.2,NORMAL,NORMAL,False,available,available,201.0,0.187007,,False,,,,not_attempted,False,,True,cloud,0.187095,Normal Operation
2026-08-22 18:07:05.305,4.1,TC01-batch-20260822T180558-a2cc9e,TC01-20260822T180703651516-run6-93aab6,TC01,normal_operation,6,workload,4,v41-TC01-6-4-866957f8,0.2,NORMAL,NORMAL,False,available,available,201.0,0.310139,,False,,,,not_attempted,False,,True,cloud,0.31021,Normal Operation
2026-08-22 18:07:05.751,4.1,TC01-batch-20260822T180558-a2cc9e,TC01-20260822T180703651516-run6-93aab6,TC01,normal_operation,6,workload,5,v41-TC01-6-5-adaae983,0.2,NORMAL,NORMAL,False,available,available,201.0,0.237081,,False,,,,not_attempted,False,,True,cloud,0.237213,Normal Operation
2026-08-22 18:07:06.239,4.1,TC01-batch-20260822T180558-a2cc9e,TC01-20260822T180703651516-run6-93aab6,TC01,normal_operation,6,workload,6,v41-TC01-6-6-460db189,0.2,NORMAL,NORMAL,False,available,available,201.0,0.285631,,False,,,,not_attempted,False,,True,cloud,0.28574,Normal Operation
2026-08-22 18:07:06.628,4.1,TC01-batch-20260822T180558-a2cc9e,TC01-20260822T180703651516-run6-93aab6,TC01,normal_operation,6,workload,7,v41-TC01-6-7-a7d243d0,0.2,NORMAL,NORMAL,False,available,available,201.0,0.187841,,False,,,,not_attempted,False,,True,cloud,0.187948,Normal Operation
2026-08-22 18:07:07.009,4.1,TC01-batch-20260822T180558-a2cc9e,TC01-20260822T180703651516-run6-93aab6,TC01,normal_operation,6,workload,8,v41-TC01-6-8-2eb18a62,0.2,NORMAL,NORMAL,False,available,available,201.0,0.178513,,False,,,,not_attempted,False,,True,cloud,0.17863,Normal Operation
2026-08-22 18:07:07.531,4.1,TC01-batch-20260822T180558-a2cc9e,TC01-20260822T180703651516-run6-93aab6,TC01,normal_operation,6,workload,9,v41-TC01-6-9-dafd50aa,0.2,NORMAL,NORMAL,False,available,available,201.0,0.320071,,False,,,,not_attempted,False,,True,cloud,0.320357,Normal Operation
2026-08-22 18:07:07.927,4.1,TC01-batch-20260822T180558-a2cc9e,TC01-20260822T180703651516-run6-93aab6,TC01,normal_operation,6,workload,10,v41-TC01-6-10-534a53d5,0.2,NORMAL,NORMAL,False,available,available,201.0,0.192903,,False,,,,not_attempted,False,,True,cloud,0.192979,Normal Operation
2026-08-22 18:07:08.329,4.1,TC01-batch-20260822T180558-a2cc9e,TC01-20260822T180703651516-run6-93aab6,TC01,normal_operation,6,workload,11,v41-TC01-6-11-25c0bb36,0.2,NORMAL,NORMAL,False,available,available,201.0,0.200551,,False,,,,not_attempted,False,,True,cloud,0.200643,Normal Operation
2026-08-22 18:07:08.865,4.1,TC01-batch-20260822T180558-a2cc9e,TC01-20260822T180703651516-run6-93aab6,TC01,normal_operation,6,workload,12,v41-TC01-6-12-0f5bfe0e,0.2,NORMAL,NORMAL,False,available,available,201.0,0.333666,,False,,,,not_attempted,False,,True,cloud,0.33383,Normal Operation
2026-08-22 18:07:09.251,4.1,TC01-batch-20260822T180558-a2cc9e,TC01-20260822T180703651516-run6-93aab6,TC01,normal_operation,6,workload,13,v41-TC01-6-13-16bd1ade,0.2,NORMAL,NORMAL,False,available,available,201.0,0.184721,,False,,,,not_attempted,False,,True,cloud,0.184818,Normal Operation
2026-08-22 18:07:09.706,4.1,TC01-batch-20260822T180558-a2cc9e,TC01-20260822T180703651516-run6-93aab6,TC01,normal_operation,6,workload,14,v41-TC01-6-14-aa7cae85,0.2,NORMAL,NORMAL,False,available,available,201.0,0.252545,,False,,,,not_attempted,False,,True,cloud,0.252658,Normal Operation
2026-08-22 18:07:10.131,4.1,TC01-batch-20260822T180558-a2cc9e,TC01-20260822T180703651516-run6-93aab6,TC01,normal_operation,6,workload,15,v41-TC01-6-15-952499f0,0.2,NORMAL,NORMAL,False,available,available,201.0,0.223679,,False,,,,not_attempted,False,,True,cloud,0.223819,Normal Operation
2026-08-22 18:07:10.518,4.1,TC01-batch-20260822T180558-a2cc9e,TC01-20260822T180703651516-run6-93aab6,TC01,normal_operation,6,workload,16,v41-TC01-6-16-821ce342,0.2,NORMAL,NORMAL,False,available,available,201.0,0.185398,,False,,,,not_attempted,False,,True,cloud,0.185529,Normal Operation
2026-08-22 18:07:11.047,4.1,TC01-batch-20260822T180558-a2cc9e,TC01-20260822T180703651516-run6-93aab6,TC01,normal_operation,6,workload,17,v41-TC01-6-17-35ae40d3,0.2,NORMAL,NORMAL,False,available,available,201.0,0.326567,,False,,,,not_attempted,False,,True,cloud,0.326689,Normal Operation
2026-08-22 18:07:11.450,4.1,TC01-batch-20260822T180558-a2cc9e,TC01-20260822T180703651516-run6-93aab6,TC01,normal_operation,6,workload,18,v41-TC01-6-18-c5fc1e36,0.2,NORMAL,NORMAL,False,available,available,201.0,0.201459,,False,,,,not_attempted,False,,True,cloud,0.201545,Normal Operation
2026-08-22 18:07:11.840,4.1,TC01-batch-20260822T180558-a2cc9e,TC01-20260822T180703651516-run6-93aab6,TC01,normal_operation,6,workload,19,v41-TC01-6-19-812990bd,0.2,NORMAL,NORMAL,False,available,available,201.0,0.187567,,False,,,,not_attempted,False,,True,cloud,0.18766,Normal Operation
2026-08-22 18:07:12.317,4.1,TC01-batch-20260822T180558-a2cc9e,TC01-20260822T180703651516-run6-93aab6,TC01,normal_operation,6,workload,20,v41-TC01-6-20-7169ca87,0.2,NORMAL,NORMAL,False,available,available,201.0,0.275642,,False,,,,not_attempted,False,,True,cloud,0.275724,Normal Operation
2026-08-22 18:07:12.696,4.1,TC01-batch-20260822T180558-a2cc9e,TC01-20260822T180703651516-run6-93aab6,TC01,normal_operation,6,workload,21,v41-TC01-6-21-183a9341,0.2,NORMAL,NORMAL,False,available,available,201.0,0.177875,,False,,,,not_attempted,False,,True,cloud,0.177981,Normal Operation
2026-08-22 18:07:13.108,4.1,TC01-batch-20260822T180558-a2cc9e,TC01-20260822T180703651516-run6-93aab6,TC01,normal_operation,6,workload,22,v41-TC01-6-22-94ab6ffd,0.2,NORMAL,NORMAL,False,available,available,201.0,0.211167,,False,,,,not_attempted,False,,True,cloud,0.211283,Normal Operation
2026-08-22 18:07:13.562,4.1,TC01-batch-20260822T180558-a2cc9e,TC01-20260822T180703651516-run6-93aab6,TC01,normal_operation,6,workload,23,v41-TC01-6-23-57c56713,0.2,NORMAL,NORMAL,False,available,available,201.0,0.25152,,False,,,,not_attempted,False,,True,cloud,0.251621,Normal Operation
2026-08-22 18:07:13.996,4.1,TC01-batch-20260822T180558-a2cc9e,TC01-20260822T180703651516-run6-93aab6,TC01,normal_operation,6,workload,24,v41-TC01-6-24-5a11c570,0.2,NORMAL,NORMAL,False,available,available,201.0,0.232309,,False,,,,not_attempted,False,,True,cloud,0.232413,Normal Operation
2026-08-22 18:07:14.398,4.1,TC01-batch-20260822T180558-a2cc9e,TC01-20260822T180703651516-run6-93aab6,TC01,normal_operation,6,workload,25,v41-TC01-6-25-8cf828bd,0.2,NORMAL,NORMAL,False,available,available,201.0,0.200193,,False,,,,not_attempted,False,,True,cloud,0.200353,Normal Operation
2026-08-22 18:07:14.883,4.1,TC01-batch-20260822T180558-a2cc9e,TC01-20260822T180703651516-run6-93aab6,TC01,normal_operation,6,workload,26,v41-TC01-6-26-45144c8c,0.2,NORMAL,NORMAL,False,available,available,201.0,0.279899,,False,,,,not_attempted,False,,True,cloud,0.279959,Normal Operation
2026-08-22 18:07:15.295,4.1,TC01-batch-20260822T180558-a2cc9e,TC01-20260822T180703651516-run6-93aab6,TC01,normal_operation,6,workload,27,v41-TC01-6-27-f2a55c0a,0.2,NORMAL,NORMAL,False,available,available,201.0,0.210927,,False,,,,not_attempted,False,,True,cloud,0.211039,Normal Operation
2026-08-22 18:07:15.698,4.1,TC01-batch-20260822T180558-a2cc9e,TC01-20260822T180703651516-run6-93aab6,TC01,normal_operation,6,workload,28,v41-TC01-6-28-27e36bcc,0.2,NORMAL,NORMAL,False,available,available,201.0,0.200116,,False,,,,not_attempted,False,,True,cloud,0.200304,Normal Operation
2026-08-22 18:07:16.153,4.1,TC01-batch-20260822T180558-a2cc9e,TC01-20260822T180703651516-run6-93aab6,TC01,normal_operation,6,workload,29,v41-TC01-6-29-e8c74be3,0.2,NORMAL,NORMAL,False,available,available,201.0,0.252492,,False,,,,not_attempted,False,,True,cloud,0.252606,Normal Operation
2026-08-22 18:07:16.506,4.1,TC01-batch-20260822T180558-a2cc9e,TC01-20260822T180703651516-run6-93aab6,TC01,normal_operation,6,workload,30,v41-TC01-6-30-4a64e0c7,0.2,NORMAL,NORMAL,False,available,available,201.0,0.151619,,False,,,,not_attempted,False,,True,cloud,0.151722,Normal Operation
2026-08-22 18:07:17.729,4.1,TC01-batch-20260822T180558-a2cc9e,TC01-20260822T180717402067-run7-26b425,TC01,normal_operation,7,workload,1,v41-TC01-7-1-4058e8cc,0.2,NORMAL,NORMAL,False,available,available,201.0,0.305075,,False,,,,not_attempted,False,,True,cloud,0.305177,Normal Operation
2026-08-22 18:07:18.128,4.1,TC01-batch-20260822T180558-a2cc9e,TC01-20260822T180717402067-run7-26b425,TC01,normal_operation,7,workload,2,v41-TC01-7-2-78b814d5,0.2,NORMAL,NORMAL,False,available,available,201.0,0.197104,,False,,,,not_attempted,False,,True,cloud,0.197173,Normal Operation
2026-08-22 18:07:18.605,4.1,TC01-batch-20260822T180558-a2cc9e,TC01-20260822T180717402067-run7-26b425,TC01,normal_operation,7,workload,3,v41-TC01-7-3-95ca25e9,0.2,NORMAL,NORMAL,False,available,available,201.0,0.275741,,False,,,,not_attempted,False,,True,cloud,0.275838,Normal Operation
2026-08-22 18:07:18.995,4.1,TC01-batch-20260822T180558-a2cc9e,TC01-20260822T180717402067-run7-26b425,TC01,normal_operation,7,workload,4,v41-TC01-7-4-ec1f6c63,0.2,NORMAL,NORMAL,False,available,available,201.0,0.187229,,False,,,,not_attempted,False,,True,cloud,0.18732,Normal Operation
2026-08-22 18:07:19.397,4.1,TC01-batch-20260822T180558-a2cc9e,TC01-20260822T180717402067-run7-26b425,TC01,normal_operation,7,workload,5,v41-TC01-7-5-7c3e1c6f,0.2,NORMAL,NORMAL,False,available,available,201.0,0.200206,,False,,,,not_attempted,False,,True,cloud,0.200322,Normal Operation
2026-08-22 18:07:19.851,4.1,TC01-batch-20260822T180558-a2cc9e,TC01-20260822T180717402067-run7-26b425,TC01,normal_operation,7,workload,6,v41-TC01-7-6-ff3ceb49,0.2,NORMAL,NORMAL,False,available,available,201.0,0.252521,,False,,,,not_attempted,False,,True,cloud,0.252641,Normal Operation
2026-08-22 18:07:20.217,4.1,TC01-batch-20260822T180558-a2cc9e,TC01-20260822T180717402067-run7-26b425,TC01,normal_operation,7,workload,7,v41-TC01-7-7-74b39fe5,0.2,NORMAL,NORMAL,False,available,available,201.0,0.164037,,False,,,,not_attempted,False,,True,cloud,0.164121,Normal Operation
2026-08-22 18:07:20.606,4.1,TC01-batch-20260822T180558-a2cc9e,TC01-20260822T180717402067-run7-26b425,TC01,normal_operation,7,workload,8,v41-TC01-7-8-3e3b7312,0.2,NORMAL,NORMAL,False,available,available,201.0,0.18842,,False,,,,not_attempted,False,,True,cloud,0.18853,Normal Operation
2026-08-22 18:07:21.047,4.1,TC01-batch-20260822T180558-a2cc9e,TC01-20260822T180717402067-run7-26b425,TC01,normal_operation,7,workload,9,v41-TC01-7-9-b5e79711,0.2,NORMAL,NORMAL,False,available,available,201.0,0.239328,,False,,,,not_attempted,False,,True,cloud,0.239401,Normal Operation
2026-08-22 18:07:21.528,4.1,TC01-batch-20260822T180558-a2cc9e,TC01-20260822T180717402067-run7-26b425,TC01,normal_operation,7,workload,10,v41-TC01-7-10-6a04ec7f,0.2,NORMAL,NORMAL,False,available,available,201.0,0.279831,,False,,,,not_attempted,False,,True,cloud,0.279932,Normal Operation
2026-08-22 18:07:21.995,4.1,TC01-batch-20260822T180558-a2cc9e,TC01-20260822T180717402067-run7-26b425,TC01,normal_operation,7,workload,11,v41-TC01-7-11-dd8c7309,0.2,NORMAL,NORMAL,False,available,available,201.0,0.264715,,False,,,,not_attempted,False,,True,cloud,0.264797,Normal Operation
2026-08-22 18:07:22.457,4.1,TC01-batch-20260822T180558-a2cc9e,TC01-20260822T180717402067-run7-26b425,TC01,normal_operation,7,workload,12,v41-TC01-7-12-eb66895a,0.2,NORMAL,NORMAL,False,available,available,201.0,0.260933,,False,,,,not_attempted,False,,True,cloud,0.261024,Normal Operation
2026-08-22 18:07:22.895,4.1,TC01-batch-20260822T180558-a2cc9e,TC01-20260822T180717402067-run7-26b425,TC01,normal_operation,7,workload,13,v41-TC01-7-13-b91da500,0.2,NORMAL,NORMAL,False,available,available,201.0,0.234825,,False,,,,not_attempted,False,,True,cloud,0.234917,Normal Operation
2026-08-22 18:07:23.262,4.1,TC01-batch-20260822T180558-a2cc9e,TC01-20260822T180717402067-run7-26b425,TC01,normal_operation,7,workload,14,v41-TC01-7-14-87ccac88,0.2,NORMAL,NORMAL,False,available,available,201.0,0.165824,,False,,,,not_attempted,False,,True,cloud,0.166131,Normal Operation
2026-08-22 18:07:23.720,4.1,TC01-batch-20260822T180558-a2cc9e,TC01-20260822T180717402067-run7-26b425,TC01,normal_operation,7,workload,15,v41-TC01-7-15-b57232e1,0.2,NORMAL,NORMAL,False,available,available,201.0,0.253493,,False,,,,not_attempted,False,,True,cloud,0.253602,Normal Operation
2026-08-22 18:07:24.095,4.1,TC01-batch-20260822T180558-a2cc9e,TC01-20260822T180717402067-run7-26b425,TC01,normal_operation,7,workload,16,v41-TC01-7-16-fdf499ee,0.2,NORMAL,NORMAL,False,available,available,201.0,0.173355,,False,,,,not_attempted,False,,True,cloud,0.173416,Normal Operation
2026-08-22 18:07:24.542,4.1,TC01-batch-20260822T180558-a2cc9e,TC01-20260822T180717402067-run7-26b425,TC01,normal_operation,7,workload,17,v41-TC01-7-17-ca92a7f5,0.2,NORMAL,NORMAL,False,available,available,201.0,0.243448,,False,,,,not_attempted,False,,True,cloud,0.243579,Normal Operation
2026-08-22 18:07:24.917,4.1,TC01-batch-20260822T180558-a2cc9e,TC01-20260822T180717402067-run7-26b425,TC01,normal_operation,7,workload,18,v41-TC01-7-18-23d482fa,0.2,NORMAL,NORMAL,False,available,available,201.0,0.173066,,False,,,,not_attempted,False,,True,cloud,0.173126,Normal Operation
2026-08-22 18:07:25.318,4.1,TC01-batch-20260822T180558-a2cc9e,TC01-20260822T180717402067-run7-26b425,TC01,normal_operation,7,workload,19,v41-TC01-7-19-5cdb4ac6,0.2,NORMAL,NORMAL,False,available,available,201.0,0.199573,,False,,,,not_attempted,False,,True,cloud,0.199677,Normal Operation
2026-08-22 18:07:25.730,4.1,TC01-batch-20260822T180558-a2cc9e,TC01-20260822T180717402067-run7-26b425,TC01,normal_operation,7,workload,20,v41-TC01-7-20-9b5eca83,0.2,NORMAL,NORMAL,False,available,available,201.0,0.21064,,False,,,,not_attempted,False,,True,cloud,0.210759,Normal Operation
2026-08-22 18:07:26.095,4.1,TC01-batch-20260822T180558-a2cc9e,TC01-20260822T180717402067-run7-26b425,TC01,normal_operation,7,workload,21,v41-TC01-7-21-82591c84,0.2,NORMAL,NORMAL,False,available,available,201.0,0.16359,,False,,,,not_attempted,False,,True,cloud,0.163673,Normal Operation
2026-08-22 18:07:26.508,4.1,TC01-batch-20260822T180558-a2cc9e,TC01-20260822T180717402067-run7-26b425,TC01,normal_operation,7,workload,22,v41-TC01-7-22-129b1812,0.2,NORMAL,NORMAL,False,available,available,201.0,0.211618,,False,,,,not_attempted,False,,True,cloud,0.211736,Normal Operation
2026-08-22 18:07:26.884,4.1,TC01-batch-20260822T180558-a2cc9e,TC01-20260822T180717402067-run7-26b425,TC01,normal_operation,7,workload,23,v41-TC01-7-23-36252ae7,0.2,NORMAL,NORMAL,False,available,available,201.0,0.173518,,False,,,,not_attempted,False,,True,cloud,0.173587,Normal Operation
2026-08-22 18:07:27.295,4.1,TC01-batch-20260822T180558-a2cc9e,TC01-20260822T180717402067-run7-26b425,TC01,normal_operation,7,workload,24,v41-TC01-7-24-4c2de9b7,0.2,NORMAL,NORMAL,False,available,available,201.0,0.209934,,False,,,,not_attempted,False,,True,cloud,0.210029,Normal Operation
2026-08-22 18:07:27.676,4.1,TC01-batch-20260822T180558-a2cc9e,TC01-20260822T180717402067-run7-26b425,TC01,normal_operation,7,workload,25,v41-TC01-7-25-a278654b,0.2,NORMAL,NORMAL,False,available,available,201.0,0.179573,,False,,,,not_attempted,False,,True,cloud,0.179773,Normal Operation
2026-08-22 18:07:28.075,4.1,TC01-batch-20260822T180558-a2cc9e,TC01-20260822T180717402067-run7-26b425,TC01,normal_operation,7,workload,26,v41-TC01-7-26-028ee17e,0.2,NORMAL,NORMAL,False,available,available,201.0,0.195287,,False,,,,not_attempted,False,,True,cloud,0.195411,Normal Operation
2026-08-22 18:07:28.451,4.1,TC01-batch-20260822T180558-a2cc9e,TC01-20260822T180717402067-run7-26b425,TC01,normal_operation,7,workload,27,v41-TC01-7-27-2bd4daed,0.2,NORMAL,NORMAL,False,available,available,201.0,0.174495,,False,,,,not_attempted,False,,True,cloud,0.174584,Normal Operation
2026-08-22 18:07:28.817,4.1,TC01-batch-20260822T180558-a2cc9e,TC01-20260822T180717402067-run7-26b425,TC01,normal_operation,7,workload,28,v41-TC01-7-28-408202fd,0.2,NORMAL,NORMAL,False,available,available,201.0,0.165044,,False,,,,not_attempted,False,,True,cloud,0.16511,Normal Operation
2026-08-22 18:07:29.218,4.1,TC01-batch-20260822T180558-a2cc9e,TC01-20260822T180717402067-run7-26b425,TC01,normal_operation,7,workload,29,v41-TC01-7-29-74656870,0.2,NORMAL,NORMAL,False,available,available,201.0,0.198833,,False,,,,not_attempted,False,,True,cloud,0.198965,Normal Operation
2026-08-22 18:07:29.618,4.1,TC01-batch-20260822T180558-a2cc9e,TC01-20260822T180717402067-run7-26b425,TC01,normal_operation,7,workload,30,v41-TC01-7-30-b46e8a89,0.2,NORMAL,NORMAL,False,available,available,201.0,0.195256,,False,,,,not_attempted,False,,True,cloud,0.195714,Normal Operation
2026-08-22 18:07:30.651,4.1,TC01-batch-20260822T180558-a2cc9e,TC01-20260822T180730461218-run8-ec613f,TC01,normal_operation,8,workload,1,v41-TC01-8-1-8aeac07a,0.2,NORMAL,NORMAL,False,available,available,201.0,0.178208,,False,,,,not_attempted,False,,True,cloud,0.178283,Normal Operation
2026-08-22 18:07:31.051,4.1,TC01-batch-20260822T180558-a2cc9e,TC01-20260822T180730461218-run8-ec613f,TC01,normal_operation,8,workload,2,v41-TC01-8-2-25e40d5c,0.2,NORMAL,NORMAL,False,available,available,201.0,0.199321,,False,,,,not_attempted,False,,True,cloud,0.199411,Normal Operation
2026-08-22 18:07:31.429,4.1,TC01-batch-20260822T180558-a2cc9e,TC01-20260822T180730461218-run8-ec613f,TC01,normal_operation,8,workload,3,v41-TC01-8-3-cd42f41f,0.2,NORMAL,NORMAL,False,available,available,201.0,0.175565,,False,,,,not_attempted,False,,True,cloud,0.17569,Normal Operation
2026-08-22 18:07:31.810,4.1,TC01-batch-20260822T180558-a2cc9e,TC01-20260822T180730461218-run8-ec613f,TC01,normal_operation,8,workload,4,v41-TC01-8-4-ca439837,0.2,NORMAL,NORMAL,False,available,available,201.0,0.179134,,False,,,,not_attempted,False,,True,cloud,0.179325,Normal Operation
2026-08-22 18:07:32.184,4.1,TC01-batch-20260822T180558-a2cc9e,TC01-20260822T180730461218-run8-ec613f,TC01,normal_operation,8,workload,5,v41-TC01-8-5-9cb09292,0.2,NORMAL,NORMAL,False,available,available,201.0,0.172009,,False,,,,not_attempted,False,,True,cloud,0.172116,Normal Operation
2026-08-22 18:07:32.663,4.1,TC01-batch-20260822T180558-a2cc9e,TC01-20260822T180730461218-run8-ec613f,TC01,normal_operation,8,workload,6,v41-TC01-8-6-05cd8811,0.2,NORMAL,NORMAL,False,available,available,201.0,0.273467,,False,,,,not_attempted,False,,True,cloud,0.273538,Normal Operation
2026-08-22 18:07:33.052,4.1,TC01-batch-20260822T180558-a2cc9e,TC01-20260822T180730461218-run8-ec613f,TC01,normal_operation,8,workload,7,v41-TC01-8-7-99d7855b,0.2,NORMAL,NORMAL,False,available,available,201.0,0.187762,,False,,,,not_attempted,False,,True,cloud,0.187871,Normal Operation
2026-08-22 18:07:33.430,4.1,TC01-batch-20260822T180558-a2cc9e,TC01-20260822T180730461218-run8-ec613f,TC01,normal_operation,8,workload,8,v41-TC01-8-8-a68e5c26,0.2,NORMAL,NORMAL,False,available,available,201.0,0.176822,,False,,,,not_attempted,False,,True,cloud,0.176945,Normal Operation
2026-08-22 18:07:33.907,4.1,TC01-batch-20260822T180558-a2cc9e,TC01-20260822T180730461218-run8-ec613f,TC01,normal_operation,8,workload,9,v41-TC01-8-9-b0d0b408,0.2,NORMAL,NORMAL,False,available,available,201.0,0.270787,,False,,,,not_attempted,False,,True,cloud,0.270856,Normal Operation
2026-08-22 18:07:34.283,4.1,TC01-batch-20260822T180558-a2cc9e,TC01-20260822T180730461218-run8-ec613f,TC01,normal_operation,8,workload,10,v41-TC01-8-10-f5ed7e91,0.2,NORMAL,NORMAL,False,available,available,201.0,0.170255,,False,,,,not_attempted,False,,True,cloud,0.170372,Normal Operation
2026-08-22 18:07:34.662,4.1,TC01-batch-20260822T180558-a2cc9e,TC01-20260822T180730461218-run8-ec613f,TC01,normal_operation,8,workload,11,v41-TC01-8-11-095a224d,0.2,NORMAL,NORMAL,False,available,available,201.0,0.177158,,False,,,,not_attempted,False,,True,cloud,0.177268,Normal Operation
2026-08-22 18:07:35.141,4.1,TC01-batch-20260822T180558-a2cc9e,TC01-20260822T180730461218-run8-ec613f,TC01,normal_operation,8,workload,12,v41-TC01-8-12-f27e2a9b,0.2,NORMAL,NORMAL,False,available,available,201.0,0.276981,,False,,,,not_attempted,False,,True,cloud,0.277077,Normal Operation
2026-08-22 18:07:35.576,4.1,TC01-batch-20260822T180558-a2cc9e,TC01-20260822T180730461218-run8-ec613f,TC01,normal_operation,8,workload,13,v41-TC01-8-13-3666678f,0.2,NORMAL,NORMAL,False,available,available,201.0,0.234416,,False,,,,not_attempted,False,,True,cloud,0.234517,Normal Operation
2026-08-22 18:07:36.097,4.1,TC01-batch-20260822T180558-a2cc9e,TC01-20260822T180730461218-run8-ec613f,TC01,normal_operation,8,workload,14,v41-TC01-8-14-93ad77ed,0.2,NORMAL,NORMAL,False,available,available,201.0,0.313999,,False,,,,not_attempted,False,,True,cloud,0.31413,Normal Operation
2026-08-22 18:07:36.497,4.1,TC01-batch-20260822T180558-a2cc9e,TC01-20260822T180730461218-run8-ec613f,TC01,normal_operation,8,workload,15,v41-TC01-8-15-a40a48ff,0.2,NORMAL,NORMAL,False,available,available,201.0,0.198047,,False,,,,not_attempted,False,,True,cloud,0.198161,Normal Operation
2026-08-22 18:07:36.885,4.1,TC01-batch-20260822T180558-a2cc9e,TC01-20260822T180730461218-run8-ec613f,TC01,normal_operation,8,workload,16,v41-TC01-8-16-8b13e0eb,0.2,NORMAL,NORMAL,False,available,available,201.0,0.186213,,False,,,,not_attempted,False,,True,cloud,0.186292,Normal Operation
2026-08-22 18:07:37.396,4.1,TC01-batch-20260822T180558-a2cc9e,TC01-20260822T180730461218-run8-ec613f,TC01,normal_operation,8,workload,17,v41-TC01-8-17-10333e02,0.2,NORMAL,NORMAL,False,available,available,201.0,0.308678,,False,,,,not_attempted,False,,True,cloud,0.30882,Normal Operation
2026-08-22 18:07:37.773,4.1,TC01-batch-20260822T180558-a2cc9e,TC01-20260822T180730461218-run8-ec613f,TC01,normal_operation,8,workload,18,v41-TC01-8-18-138d1ba0,0.2,NORMAL,NORMAL,False,available,available,201.0,0.175951,,False,,,,not_attempted,False,,True,cloud,0.176027,Normal Operation
2026-08-22 18:07:38.175,4.1,TC01-batch-20260822T180558-a2cc9e,TC01-20260822T180730461218-run8-ec613f,TC01,normal_operation,8,workload,19,v41-TC01-8-19-36cf78e6,0.2,NORMAL,NORMAL,False,available,available,201.0,0.199615,,False,,,,not_attempted,False,,True,cloud,0.199707,Normal Operation
2026-08-22 18:07:38.653,4.1,TC01-batch-20260822T180558-a2cc9e,TC01-20260822T180730461218-run8-ec613f,TC01,normal_operation,8,workload,20,v41-TC01-8-20-d190607e,0.2,NORMAL,NORMAL,False,available,available,201.0,0.277159,,False,,,,not_attempted,False,,True,cloud,0.27723,Normal Operation
2026-08-22 18:07:39.029,4.1,TC01-batch-20260822T180558-a2cc9e,TC01-20260822T180730461218-run8-ec613f,TC01,normal_operation,8,workload,21,v41-TC01-8-21-1383c283,0.2,NORMAL,NORMAL,False,available,available,201.0,0.174053,,False,,,,not_attempted,False,,True,cloud,0.174114,Normal Operation
2026-08-22 18:07:39.440,4.1,TC01-batch-20260822T180558-a2cc9e,TC01-20260822T180730461218-run8-ec613f,TC01,normal_operation,8,workload,22,v41-TC01-8-22-ac12980a,0.2,NORMAL,NORMAL,False,available,available,201.0,0.210314,,False,,,,not_attempted,False,,True,cloud,0.210421,Normal Operation
2026-08-22 18:07:39.929,4.1,TC01-batch-20260822T180558-a2cc9e,TC01-20260822T180730461218-run8-ec613f,TC01,normal_operation,8,workload,23,v41-TC01-8-23-37ac8ed4,0.2,NORMAL,NORMAL,False,available,available,201.0,0.287218,,False,,,,not_attempted,False,,True,cloud,0.287329,Normal Operation
2026-08-22 18:07:40.338,4.1,TC01-batch-20260822T180558-a2cc9e,TC01-20260822T180730461218-run8-ec613f,TC01,normal_operation,8,workload,24,v41-TC01-8-24-69a0ccb0,0.2,NORMAL,NORMAL,False,available,available,201.0,0.207408,,False,,,,not_attempted,False,,True,cloud,0.207533,Normal Operation
2026-08-22 18:07:40.730,4.1,TC01-batch-20260822T180558-a2cc9e,TC01-20260822T180730461218-run8-ec613f,TC01,normal_operation,8,workload,25,v41-TC01-8-25-e466fd10,0.2,NORMAL,NORMAL,False,available,available,201.0,0.189829,,False,,,,not_attempted,False,,True,cloud,0.18992,Normal Operation
2026-08-22 18:07:41.106,4.1,TC01-batch-20260822T180558-a2cc9e,TC01-20260822T180730461218-run8-ec613f,TC01,normal_operation,8,workload,26,v41-TC01-8-26-de236977,0.2,NORMAL,NORMAL,False,available,available,201.0,0.175234,,False,,,,not_attempted,False,,True,cloud,0.175301,Normal Operation
2026-08-22 18:07:41.500,4.1,TC01-batch-20260822T180558-a2cc9e,TC01-20260822T180730461218-run8-ec613f,TC01,normal_operation,8,workload,27,v41-TC01-8-27-fa23e9de,0.2,NORMAL,NORMAL,False,available,available,201.0,0.192107,,False,,,,not_attempted,False,,True,cloud,0.192201,Normal Operation
2026-08-22 18:07:41.863,4.1,TC01-batch-20260822T180558-a2cc9e,TC01-20260822T180730461218-run8-ec613f,TC01,normal_operation,8,workload,28,v41-TC01-8-28-b84504ad,0.2,NORMAL,NORMAL,False,available,available,201.0,0.160874,,False,,,,not_attempted,False,,True,cloud,0.160938,Normal Operation
2026-08-22 18:07:42.421,4.1,TC01-batch-20260822T180558-a2cc9e,TC01-20260822T180730461218-run8-ec613f,TC01,normal_operation,8,workload,29,v41-TC01-8-29-bd229f7d,0.2,NORMAL,NORMAL,False,available,available,201.0,0.357079,,False,,,,not_attempted,False,,True,cloud,0.357226,Normal Operation
2026-08-22 18:07:42.807,4.1,TC01-batch-20260822T180558-a2cc9e,TC01-20260822T180730461218-run8-ec613f,TC01,normal_operation,8,workload,30,v41-TC01-8-30-bfd4e417,0.2,NORMAL,NORMAL,False,available,available,201.0,0.18407,,False,,,,not_attempted,False,,True,cloud,0.184185,Normal Operation
2026-08-22 18:07:43.830,4.1,TC01-batch-20260822T180558-a2cc9e,TC01-20260822T180743658290-run9-3296b2,TC01,normal_operation,9,workload,1,v41-TC01-9-1-d0adf79f,0.2,NORMAL,NORMAL,False,available,available,201.0,0.159046,,False,,,,not_attempted,False,,True,cloud,0.15913,Normal Operation
2026-08-22 18:07:44.233,4.1,TC01-batch-20260822T180558-a2cc9e,TC01-20260822T180743658290-run9-3296b2,TC01,normal_operation,9,workload,2,v41-TC01-9-2-4361541a,0.2,NORMAL,NORMAL,False,available,available,201.0,0.201434,,False,,,,not_attempted,False,,True,cloud,0.201667,Normal Operation
2026-08-22 18:07:44.631,4.1,TC01-batch-20260822T180558-a2cc9e,TC01-20260822T180743658290-run9-3296b2,TC01,normal_operation,9,workload,3,v41-TC01-9-3-c89d00f6,0.2,NORMAL,NORMAL,False,available,available,201.0,0.1948,,False,,,,not_attempted,False,,True,cloud,0.194919,Normal Operation
2026-08-22 18:07:45.163,4.1,TC01-batch-20260822T180558-a2cc9e,TC01-20260822T180743658290-run9-3296b2,TC01,normal_operation,9,workload,4,v41-TC01-9-4-1cf1b11c,0.2,NORMAL,NORMAL,False,available,available,201.0,0.330663,,False,,,,not_attempted,False,,True,cloud,0.330749,Normal Operation
2026-08-22 18:07:45.584,4.1,TC01-batch-20260822T180558-a2cc9e,TC01-20260822T180743658290-run9-3296b2,TC01,normal_operation,9,workload,5,v41-TC01-9-5-89006d91,0.2,NORMAL,NORMAL,False,available,available,201.0,0.220269,,False,,,,not_attempted,False,,True,cloud,0.220354,Normal Operation
2026-08-22 18:07:46.070,4.1,TC01-batch-20260822T180558-a2cc9e,TC01-20260822T180743658290-run9-3296b2,TC01,normal_operation,9,workload,6,v41-TC01-9-6-9d67b191,0.2,NORMAL,NORMAL,False,available,available,201.0,0.284023,,False,,,,not_attempted,False,,True,cloud,0.284176,Normal Operation
2026-08-22 18:07:46.563,4.1,TC01-batch-20260822T180558-a2cc9e,TC01-20260822T180743658290-run9-3296b2,TC01,normal_operation,9,workload,7,v41-TC01-9-7-bd14cf27,0.2,NORMAL,NORMAL,False,available,available,201.0,0.290908,,False,,,,not_attempted,False,,True,cloud,0.291006,Normal Operation
2026-08-22 18:07:47.150,4.1,TC01-batch-20260822T180558-a2cc9e,TC01-20260822T180743658290-run9-3296b2,TC01,normal_operation,9,workload,8,v41-TC01-9-8-0a4c3b49,0.2,NORMAL,NORMAL,False,available,available,201.0,0.384722,,False,,,,not_attempted,False,,True,cloud,0.385297,Normal Operation
2026-08-22 18:07:47.654,4.1,TC01-batch-20260822T180558-a2cc9e,TC01-20260822T180743658290-run9-3296b2,TC01,normal_operation,9,workload,9,v41-TC01-9-9-8a8fab3d,0.2,NORMAL,NORMAL,False,available,available,201.0,0.3025,,False,,,,not_attempted,False,,True,cloud,0.302658,Normal Operation
2026-08-22 18:07:48.119,4.1,TC01-batch-20260822T180558-a2cc9e,TC01-20260822T180743658290-run9-3296b2,TC01,normal_operation,9,workload,10,v41-TC01-9-10-9871f942,0.2,NORMAL,NORMAL,False,available,available,201.0,0.261002,,False,,,,not_attempted,False,,True,cloud,0.261079,Normal Operation
2026-08-22 18:07:48.621,4.1,TC01-batch-20260822T180558-a2cc9e,TC01-20260822T180743658290-run9-3296b2,TC01,normal_operation,9,workload,11,v41-TC01-9-11-1927073e,0.2,NORMAL,NORMAL,False,available,available,201.0,0.300541,,False,,,,not_attempted,False,,True,cloud,0.300634,Normal Operation
2026-08-22 18:07:49.236,4.1,TC01-batch-20260822T180558-a2cc9e,TC01-20260822T180743658290-run9-3296b2,TC01,normal_operation,9,workload,12,v41-TC01-9-12-27fae249,0.2,NORMAL,NORMAL,False,available,available,201.0,0.413478,,False,,,,not_attempted,False,,True,cloud,0.413559,Normal Operation
2026-08-22 18:07:49.740,4.1,TC01-batch-20260822T180558-a2cc9e,TC01-20260822T180743658290-run9-3296b2,TC01,normal_operation,9,workload,13,v41-TC01-9-13-cd7e31a6,0.2,NORMAL,NORMAL,False,available,available,201.0,0.303174,,False,,,,not_attempted,False,,True,cloud,0.303257,Normal Operation
2026-08-22 18:07:50.326,4.1,TC01-batch-20260822T180558-a2cc9e,TC01-20260822T180743658290-run9-3296b2,TC01,normal_operation,9,workload,14,v41-TC01-9-14-202b9f11,0.2,NORMAL,NORMAL,False,available,available,201.0,0.384429,,False,,,,not_attempted,False,,True,cloud,0.384555,Normal Operation
2026-08-22 18:07:50.996,4.1,TC01-batch-20260822T180558-a2cc9e,TC01-20260822T180743658290-run9-3296b2,TC01,normal_operation,9,workload,15,v41-TC01-9-15-3e6d580b,0.2,NORMAL,NORMAL,False,available,available,201.0,0.467873,,False,,,,not_attempted,False,,True,cloud,0.467964,Normal Operation
2026-08-22 18:07:51.551,4.1,TC01-batch-20260822T180558-a2cc9e,TC01-20260822T180743658290-run9-3296b2,TC01,normal_operation,9,workload,16,v41-TC01-9-16-f9a74da3,0.2,NORMAL,NORMAL,False,available,available,201.0,0.353591,,False,,,,not_attempted,False,,True,cloud,0.353695,Normal Operation
2026-08-22 18:07:52.010,4.1,TC01-batch-20260822T180558-a2cc9e,TC01-20260822T180743658290-run9-3296b2,TC01,normal_operation,9,workload,17,v41-TC01-9-17-0859b1d0,0.2,NORMAL,NORMAL,False,available,available,201.0,0.257473,,False,,,,not_attempted,False,,True,cloud,0.25758,Normal Operation
2026-08-22 18:07:52.489,4.1,TC01-batch-20260822T180558-a2cc9e,TC01-20260822T180743658290-run9-3296b2,TC01,normal_operation,9,workload,18,v41-TC01-9-18-97e4343c,0.2,NORMAL,NORMAL,False,available,available,201.0,0.277191,,False,,,,not_attempted,False,,True,cloud,0.277301,Normal Operation
2026-08-22 18:07:52.874,4.1,TC01-batch-20260822T180558-a2cc9e,TC01-20260822T180743658290-run9-3296b2,TC01,normal_operation,9,workload,19,v41-TC01-9-19-3b82321c,0.2,NORMAL,NORMAL,False,available,available,201.0,0.182715,,False,,,,not_attempted,False,,True,cloud,0.182811,Normal Operation
2026-08-22 18:07:53.253,4.1,TC01-batch-20260822T180558-a2cc9e,TC01-20260822T180743658290-run9-3296b2,TC01,normal_operation,9,workload,20,v41-TC01-9-20-a0f73be5,0.2,NORMAL,NORMAL,False,available,available,201.0,0.177224,,False,,,,not_attempted,False,,True,cloud,0.177317,Normal Operation
2026-08-22 18:07:53.708,4.1,TC01-batch-20260822T180558-a2cc9e,TC01-20260822T180743658290-run9-3296b2,TC01,normal_operation,9,workload,21,v41-TC01-9-21-61baafc0,0.2,NORMAL,NORMAL,False,available,available,201.0,0.253708,,False,,,,not_attempted,False,,True,cloud,0.253808,Normal Operation
2026-08-22 18:07:54.135,4.1,TC01-batch-20260822T180558-a2cc9e,TC01-20260822T180743658290-run9-3296b2,TC01,normal_operation,9,workload,22,v41-TC01-9-22-dd418a90,0.2,NORMAL,NORMAL,False,available,available,201.0,0.224997,,False,,,,not_attempted,False,,True,cloud,0.22525,Normal Operation
2026-08-22 18:07:54.553,4.1,TC01-batch-20260822T180558-a2cc9e,TC01-20260822T180743658290-run9-3296b2,TC01,normal_operation,9,workload,23,v41-TC01-9-23-9dd98bf5,0.2,NORMAL,NORMAL,False,available,available,201.0,0.215089,,False,,,,not_attempted,False,,True,cloud,0.215209,Normal Operation
2026-08-22 18:07:54.941,4.1,TC01-batch-20260822T180558-a2cc9e,TC01-20260822T180743658290-run9-3296b2,TC01,normal_operation,9,workload,24,v41-TC01-9-24-e5f8dd10,0.2,NORMAL,NORMAL,False,available,available,201.0,0.185917,,False,,,,not_attempted,False,,True,cloud,0.186028,Normal Operation
2026-08-22 18:07:55.332,4.1,TC01-batch-20260822T180558-a2cc9e,TC01-20260822T180743658290-run9-3296b2,TC01,normal_operation,9,workload,25,v41-TC01-9-25-52327621,0.2,NORMAL,NORMAL,False,available,available,201.0,0.188792,,False,,,,not_attempted,False,,True,cloud,0.188962,Normal Operation
2026-08-22 18:07:55.789,4.1,TC01-batch-20260822T180558-a2cc9e,TC01-20260822T180743658290-run9-3296b2,TC01,normal_operation,9,workload,26,v41-TC01-9-26-d8f7c049,0.2,NORMAL,NORMAL,False,available,available,201.0,0.249486,,False,,,,not_attempted,False,,True,cloud,0.249619,Normal Operation
2026-08-22 18:07:56.207,4.1,TC01-batch-20260822T180558-a2cc9e,TC01-20260822T180743658290-run9-3296b2,TC01,normal_operation,9,workload,27,v41-TC01-9-27-6a94638c,0.2,NORMAL,NORMAL,False,available,available,201.0,0.216826,,False,,,,not_attempted,False,,True,cloud,0.216898,Normal Operation
2026-08-22 18:07:56.607,4.1,TC01-batch-20260822T180558-a2cc9e,TC01-20260822T180743658290-run9-3296b2,TC01,normal_operation,9,workload,28,v41-TC01-9-28-82198dec,0.2,NORMAL,NORMAL,False,available,available,201.0,0.198792,,False,,,,not_attempted,False,,True,cloud,0.198901,Normal Operation
2026-08-22 18:07:57.111,4.1,TC01-batch-20260822T180558-a2cc9e,TC01-20260822T180743658290-run9-3296b2,TC01,normal_operation,9,workload,29,v41-TC01-9-29-e1916d52,0.2,NORMAL,NORMAL,False,available,available,201.0,0.302286,,False,,,,not_attempted,False,,True,cloud,0.302399,Normal Operation
2026-08-22 18:07:57.567,4.1,TC01-batch-20260822T180558-a2cc9e,TC01-20260822T180743658290-run9-3296b2,TC01,normal_operation,9,workload,30,v41-TC01-9-30-d0a69629,0.2,NORMAL,NORMAL,False,available,available,201.0,0.253811,,False,,,,not_attempted,False,,True,cloud,0.254035,Normal Operation
2026-08-22 18:07:58.723,4.1,TC01-batch-20260822T180558-a2cc9e,TC01-20260822T180758401322-run10-600b89,TC01,normal_operation,10,workload,1,v41-TC01-10-1-c5edca0e,0.2,NORMAL,NORMAL,False,available,available,201.0,0.303694,,False,,,,not_attempted,False,,True,cloud,0.303936,Normal Operation
2026-08-22 18:07:59.134,4.1,TC01-batch-20260822T180558-a2cc9e,TC01-20260822T180758401322-run10-600b89,TC01,normal_operation,10,workload,2,v41-TC01-10-2-ecafd1c1,0.2,NORMAL,NORMAL,False,available,available,201.0,0.20816,,False,,,,not_attempted,False,,True,cloud,0.208308,Normal Operation
2026-08-22 18:07:59.531,4.1,TC01-batch-20260822T180558-a2cc9e,TC01-20260822T180758401322-run10-600b89,TC01,normal_operation,10,workload,3,v41-TC01-10-3-b747e536,0.2,NORMAL,NORMAL,False,available,available,201.0,0.19445,,False,,,,not_attempted,False,,True,cloud,0.194569,Normal Operation
2026-08-22 18:08:00.034,4.1,TC01-batch-20260822T180558-a2cc9e,TC01-20260822T180758401322-run10-600b89,TC01,normal_operation,10,workload,4,v41-TC01-10-4-c9008e79,0.2,NORMAL,NORMAL,False,available,available,201.0,0.301534,,False,,,,not_attempted,False,,True,cloud,0.301794,Normal Operation
2026-08-22 18:08:00.454,4.1,TC01-batch-20260822T180558-a2cc9e,TC01-20260822T180758401322-run10-600b89,TC01,normal_operation,10,workload,5,v41-TC01-10-5-ca60ba09,0.2,NORMAL,NORMAL,False,available,available,201.0,0.216088,,False,,,,not_attempted,False,,True,cloud,0.216197,Normal Operation
2026-08-22 18:08:00.907,4.1,TC01-batch-20260822T180558-a2cc9e,TC01-20260822T180758401322-run10-600b89,TC01,normal_operation,10,workload,6,v41-TC01-10-6-7cce8811,0.2,NORMAL,NORMAL,False,available,available,201.0,0.251029,,False,,,,not_attempted,False,,True,cloud,0.251136,Normal Operation
2026-08-22 18:08:06.125,4.1,TC01-batch-20260822T180558-a2cc9e,TC01-20260822T180758401322-run10-600b89,TC01,normal_operation,10,workload,7,v41-TC01-10-7-a94d49cc,0.2,NORMAL,NORMAL,False,available,available,,5.016811,"ReadTimeout: HTTPConnectionPool(host='127.0.0.1', port=5000): Read timed out. (read timeout=5.0)",True,5.016811,,,not_attempted,False,,False,none,5.01685,Normal Operation
2026-08-22 18:08:06.755,4.1,TC01-batch-20260822T180558-a2cc9e,TC01-20260822T180758401322-run10-600b89,TC01,normal_operation,10,workload,8,v41-TC01-10-8-8933e843,0.2,NORMAL,NORMAL,False,available,available,201.0,0.427401,,False,,,,not_attempted,False,,True,cloud,0.427592,Normal Operation
2026-08-22 18:08:07.190,4.1,TC01-batch-20260822T180558-a2cc9e,TC01-20260822T180758401322-run10-600b89,TC01,normal_operation,10,workload,9,v41-TC01-10-9-0de55975,0.2,NORMAL,NORMAL,False,available,available,201.0,0.231583,,False,,,,not_attempted,False,,True,cloud,0.231781,Normal Operation
2026-08-22 18:08:07.786,4.1,TC01-batch-20260822T180558-a2cc9e,TC01-20260822T180758401322-run10-600b89,TC01,normal_operation,10,workload,10,v41-TC01-10-10-65be3260,0.2,NORMAL,NORMAL,False,available,available,201.0,0.394379,,False,,,,not_attempted,False,,True,cloud,0.394509,Normal Operation
2026-08-22 18:08:08.197,4.1,TC01-batch-20260822T180558-a2cc9e,TC01-20260822T180758401322-run10-600b89,TC01,normal_operation,10,workload,11,v41-TC01-10-11-fde0cf03,0.2,NORMAL,NORMAL,False,available,available,201.0,0.20855,,False,,,,not_attempted,False,,True,cloud,0.20865,Normal Operation
2026-08-22 18:08:08.704,4.1,TC01-batch-20260822T180558-a2cc9e,TC01-20260822T180758401322-run10-600b89,TC01,normal_operation,10,workload,12,v41-TC01-10-12-da97ba6f,0.2,NORMAL,NORMAL,False,available,available,201.0,0.305854,,False,,,,not_attempted,False,,True,cloud,0.305952,Normal Operation
2026-08-22 18:08:09.145,4.1,TC01-batch-20260822T180558-a2cc9e,TC01-20260822T180758401322-run10-600b89,TC01,normal_operation,10,workload,13,v41-TC01-10-13-9a806f73,0.2,NORMAL,NORMAL,False,available,available,201.0,0.23926,,False,,,,not_attempted,False,,True,cloud,0.239354,Normal Operation
2026-08-22 18:08:09.557,4.1,TC01-batch-20260822T180558-a2cc9e,TC01-20260822T180758401322-run10-600b89,TC01,normal_operation,10,workload,14,v41-TC01-10-14-9ff6a86f,0.2,NORMAL,NORMAL,False,available,available,201.0,0.210369,,False,,,,not_attempted,False,,True,cloud,0.21062,Normal Operation
2026-08-22 18:08:09.999,4.1,TC01-batch-20260822T180558-a2cc9e,TC01-20260822T180758401322-run10-600b89,TC01,normal_operation,10,workload,15,v41-TC01-10-15-839257c7,0.2,NORMAL,NORMAL,False,available,available,201.0,0.239148,,False,,,,not_attempted,False,,True,cloud,0.239269,Normal Operation
2026-08-22 18:08:10.399,4.1,TC01-batch-20260822T180558-a2cc9e,TC01-20260822T180758401322-run10-600b89,TC01,normal_operation,10,workload,16,v41-TC01-10-16-5bcdf74d,0.2,NORMAL,NORMAL,False,available,available,201.0,0.197876,,False,,,,not_attempted,False,,True,cloud,0.197994,Normal Operation
2026-08-22 18:08:10.829,4.1,TC01-batch-20260822T180558-a2cc9e,TC01-20260822T180758401322-run10-600b89,TC01,normal_operation,10,workload,17,v41-TC01-10-17-8030ed37,0.2,NORMAL,NORMAL,False,available,available,201.0,0.228839,,False,,,,not_attempted,False,,True,cloud,0.228907,Normal Operation
2026-08-22 18:08:11.276,4.1,TC01-batch-20260822T180558-a2cc9e,TC01-20260822T180758401322-run10-600b89,TC01,normal_operation,10,workload,18,v41-TC01-10-18-b2b4d84f,0.2,NORMAL,NORMAL,False,available,available,201.0,0.245106,,False,,,,not_attempted,False,,True,cloud,0.245231,Normal Operation
2026-08-22 18:08:11.730,4.1,TC01-batch-20260822T180558-a2cc9e,TC01-20260822T180758401322-run10-600b89,TC01,normal_operation,10,workload,19,v41-TC01-10-19-858f312e,0.2,NORMAL,NORMAL,False,available,available,201.0,0.252478,,False,,,,not_attempted,False,,True,cloud,0.252568,Normal Operation
2026-08-22 18:08:12.208,4.1,TC01-batch-20260822T180558-a2cc9e,TC01-20260822T180758401322-run10-600b89,TC01,normal_operation,10,workload,20,v41-TC01-10-20-9171581c,0.2,NORMAL,NORMAL,False,available,available,201.0,0.276876,,False,,,,not_attempted,False,,True,cloud,0.276985,Normal Operation
2026-08-22 18:08:12.585,4.1,TC01-batch-20260822T180558-a2cc9e,TC01-20260822T180758401322-run10-600b89,TC01,normal_operation,10,workload,21,v41-TC01-10-21-6657b26d,0.2,NORMAL,NORMAL,False,available,available,201.0,0.175474,,False,,,,not_attempted,False,,True,cloud,0.175534,Normal Operation
2026-08-22 18:08:13.064,4.1,TC01-batch-20260822T180558-a2cc9e,TC01-20260822T180758401322-run10-600b89,TC01,normal_operation,10,workload,22,v41-TC01-10-22-279d4615,0.2,NORMAL,NORMAL,False,available,available,201.0,0.276811,,False,,,,not_attempted,False,,True,cloud,0.27688,Normal Operation
2026-08-22 18:08:13.465,4.1,TC01-batch-20260822T180558-a2cc9e,TC01-20260822T180758401322-run10-600b89,TC01,normal_operation,10,workload,23,v41-TC01-10-23-a8c76e24,0.2,NORMAL,NORMAL,False,available,available,201.0,0.198745,,False,,,,not_attempted,False,,True,cloud,0.198878,Normal Operation
2026-08-22 18:08:13.841,4.1,TC01-batch-20260822T180558-a2cc9e,TC01-20260822T180758401322-run10-600b89,TC01,normal_operation,10,workload,24,v41-TC01-10-24-4d38042e,0.2,NORMAL,NORMAL,False,available,available,201.0,0.174366,,False,,,,not_attempted,False,,True,cloud,0.174431,Normal Operation
2026-08-22 18:08:14.355,4.1,TC01-batch-20260822T180558-a2cc9e,TC01-20260822T180758401322-run10-600b89,TC01,normal_operation,10,workload,25,v41-TC01-10-25-a5b9c1d3,0.2,NORMAL,NORMAL,False,available,available,201.0,0.312877,,False,,,,not_attempted,False,,True,cloud,0.313047,Normal Operation
2026-08-22 18:08:14.720,4.1,TC01-batch-20260822T180558-a2cc9e,TC01-20260822T180758401322-run10-600b89,TC01,normal_operation,10,workload,26,v41-TC01-10-26-3a42599b,0.2,NORMAL,NORMAL,False,available,available,201.0,0.162143,,False,,,,not_attempted,False,,True,cloud,0.162251,Normal Operation
2026-08-22 18:08:15.099,4.1,TC01-batch-20260822T180558-a2cc9e,TC01-20260822T180758401322-run10-600b89,TC01,normal_operation,10,workload,27,v41-TC01-10-27-4fca6759,0.2,NORMAL,NORMAL,False,available,available,201.0,0.177488,,False,,,,not_attempted,False,,True,cloud,0.177578,Normal Operation
2026-08-22 18:08:15.619,4.1,TC01-batch-20260822T180558-a2cc9e,TC01-20260822T180758401322-run10-600b89,TC01,normal_operation,10,workload,28,v41-TC01-10-28-4c904692,0.2,NORMAL,NORMAL,False,available,available,201.0,0.318919,,False,,,,not_attempted,False,,True,cloud,0.319055,Normal Operation
2026-08-22 18:08:16.009,4.1,TC01-batch-20260822T180558-a2cc9e,TC01-20260822T180758401322-run10-600b89,TC01,normal_operation,10,workload,29,v41-TC01-10-29-6dc66aff,0.2,NORMAL,NORMAL,False,available,available,201.0,0.188572,,False,,,,not_attempted,False,,True,cloud,0.188684,Normal Operation
2026-08-22 18:08:16.389,4.1,TC01-batch-20260822T180558-a2cc9e,TC01-20260822T180758401322-run10-600b89,TC01,normal_operation,10,workload,30,v41-TC01-10-30-d65a4a50,0.2,NORMAL,NORMAL,False,available,available,201.0,0.177374,,False,,,,not_attempted,False,,True,cloud,0.177571,Normal Operation
2026-08-22 18:08:33.056,4.1,TC02-batch-20260822T180830-a18476,TC02-20260822T180830806173-run1-23c40b,TC02,cloud_failure_with_stateful_edge_failover,1,workload,1,v41-TC02-1-1-c7fb0e0a,0.2,NORMAL,EDGE_DEGRADED,True,failed,available,,2.014576,"ConnectTimeout: HTTPConnectionPool(host='127.0.0.1', port=5000): Max retries exceeded with url: /add_order (Caused by ConnectTimeoutError(<HTTPConnection(host='127.0.0.1', port=5000) at 0x14711498160>, 'Connection to 127.0.0.1 timed out. (connect timeout=2.0)'))",True,2.014576,201.0,0.213762,,True,2.228602,True,edge,2.228611,Cloud Failure + Stateful Edge Failover
2026-08-22 18:08:33.598,4.1,TC02-batch-20260822T180830-a18476,TC02-20260822T180830806173-run1-23c40b,TC02,cloud_failure_with_stateful_edge_failover,1,workload,2,v41-TC02-1-2-11b995bd,0.2,EDGE_DEGRADED,EDGE_DEGRADED,True,failed,available,,,not_attempted,False,,201.0,0.338442,,False,,True,edge,0.338558,Cloud Failure + Stateful Edge Failover
2026-08-22 18:08:33.979,4.1,TC02-batch-20260822T180830-a18476,TC02-20260822T180830806173-run1-23c40b,TC02,cloud_failure_with_stateful_edge_failover,1,workload,3,v41-TC02-1-3-85e004bf,0.2,EDGE_DEGRADED,EDGE_DEGRADED,True,failed,available,,,not_attempted,False,,201.0,0.179416,,False,,True,edge,0.179523,Cloud Failure + Stateful Edge Failover
2026-08-22 18:08:34.376,4.1,TC02-batch-20260822T180830-a18476,TC02-20260822T180830806173-run1-23c40b,TC02,cloud_failure_with_stateful_edge_failover,1,workload,4,v41-TC02-1-4-4cab05fe,0.2,EDGE_DEGRADED,EDGE_DEGRADED,True,failed,available,,,not_attempted,False,,201.0,0.19319,,False,,True,edge,0.193282,Cloud Failure + Stateful Edge Failover
2026-08-22 18:08:34.876,4.1,TC02-batch-20260822T180830-a18476,TC02-20260822T180830806173-run1-23c40b,TC02,cloud_failure_with_stateful_edge_failover,1,workload,5,v41-TC02-1-5-5894e404,0.2,EDGE_DEGRADED,EDGE_DEGRADED,True,failed,available,,,not_attempted,False,,201.0,0.298743,,False,,True,edge,0.298841,Cloud Failure + Stateful Edge Failover
2026-08-22 18:08:35.253,4.1,TC02-batch-20260822T180830-a18476,TC02-20260822T180830806173-run1-23c40b,TC02,cloud_failure_with_stateful_edge_failover,1,workload,6,v41-TC02-1-6-918384b9,0.2,EDGE_DEGRADED,EDGE_DEGRADED,True,failed,available,,,not_attempted,False,,201.0,0.174527,,False,,True,edge,0.174609,Cloud Failure + Stateful Edge Failover
2026-08-22 18:08:35.620,4.1,TC02-batch-20260822T180830-a18476,TC02-20260822T180830806173-run1-23c40b,TC02,cloud_failure_with_stateful_edge_failover,1,workload,7,v41-TC02-1-7-d1917717,0.2,EDGE_DEGRADED,EDGE_DEGRADED,True,failed,available,,,not_attempted,False,,201.0,0.165395,,False,,True,edge,0.165465,Cloud Failure + Stateful Edge Failover
2026-08-22 18:08:36.143,4.1,TC02-batch-20260822T180830-a18476,TC02-20260822T180830806173-run1-23c40b,TC02,cloud_failure_with_stateful_edge_failover,1,workload,8,v41-TC02-1-8-dbf20b43,0.2,EDGE_DEGRADED,EDGE_DEGRADED,True,failed,available,,,not_attempted,False,,201.0,0.322491,,False,,True,edge,0.322604,Cloud Failure + Stateful Edge Failover
2026-08-22 18:08:36.499,4.1,TC02-batch-20260822T180830-a18476,TC02-20260822T180830806173-run1-23c40b,TC02,cloud_failure_with_stateful_edge_failover,1,workload,9,v41-TC02-1-9-83cfa2d2,0.2,EDGE_DEGRADED,EDGE_DEGRADED,True,failed,available,,,not_attempted,False,,201.0,0.150628,,False,,True,edge,0.150728,Cloud Failure + Stateful Edge Failover
2026-08-22 18:08:36.864,4.1,TC02-batch-20260822T180830-a18476,TC02-20260822T180830806173-run1-23c40b,TC02,cloud_failure_with_stateful_edge_failover,1,workload,10,v41-TC02-1-10-8bef7205,0.2,EDGE_DEGRADED,EDGE_DEGRADED,True,failed,available,,,not_attempted,False,,201.0,0.161276,,False,,True,edge,0.161345,Cloud Failure + Stateful Edge Failover
2026-08-22 18:08:37.365,4.1,TC02-batch-20260822T180830-a18476,TC02-20260822T180830806173-run1-23c40b,TC02,cloud_failure_with_stateful_edge_failover,1,workload,11,v41-TC02-1-11-66f7d1ce,0.2,EDGE_DEGRADED,EDGE_DEGRADED,True,failed,available,,,not_attempted,False,,201.0,0.297658,,False,,True,edge,0.297749,Cloud Failure + Stateful Edge Failover
2026-08-22 18:08:37.779,4.1,TC02-batch-20260822T180830-a18476,TC02-20260822T180830806173-run1-23c40b,TC02,cloud_failure_with_stateful_edge_failover,1,workload,12,v41-TC02-1-12-8aae46fd,0.2,EDGE_DEGRADED,EDGE_DEGRADED,True,failed,available,,,not_attempted,False,,201.0,0.204662,,False,,True,edge,0.204851,Cloud Failure + Stateful Edge Failover
2026-08-22 18:08:38.155,4.1,TC02-batch-20260822T180830-a18476,TC02-20260822T180830806173-run1-23c40b,TC02,cloud_failure_with_stateful_edge_failover,1,workload,13,v41-TC02-1-13-b76ea03e,0.2,EDGE_DEGRADED,EDGE_DEGRADED,True,failed,available,,,not_attempted,False,,201.0,0.172697,,False,,True,edge,0.172803,Cloud Failure + Stateful Edge Failover
2026-08-22 18:08:38.620,4.1,TC02-batch-20260822T180830-a18476,TC02-20260822T180830806173-run1-23c40b,TC02,cloud_failure_with_stateful_edge_failover,1,workload,14,v41-TC02-1-14-9d3425c6,0.2,EDGE_DEGRADED,EDGE_DEGRADED,True,failed,available,,,not_attempted,False,,201.0,0.263428,,False,,True,edge,0.263559,Cloud Failure + Stateful Edge Failover
2026-08-22 18:08:39.037,4.1,TC02-batch-20260822T180830-a18476,TC02-20260822T180830806173-run1-23c40b,TC02,cloud_failure_with_stateful_edge_failover,1,workload,15,v41-TC02-1-15-202738e3,0.2,EDGE_DEGRADED,EDGE_DEGRADED,True,failed,available,,,not_attempted,False,,201.0,0.215413,,False,,True,edge,0.215571,Cloud Failure + Stateful Edge Failover
2026-08-22 18:08:39.432,4.1,TC02-batch-20260822T180830-a18476,TC02-20260822T180830806173-run1-23c40b,TC02,cloud_failure_with_stateful_edge_failover,1,workload,16,v41-TC02-1-16-fac3921e,0.2,EDGE_DEGRADED,EDGE_DEGRADED,True,failed,available,,,not_attempted,False,,201.0,0.191957,,False,,True,edge,0.19206,Cloud Failure + Stateful Edge Failover
2026-08-22 18:08:39.842,4.1,TC02-batch-20260822T180830-a18476,TC02-20260822T180830806173-run1-23c40b,TC02,cloud_failure_with_stateful_edge_failover,1,workload,17,v41-TC02-1-17-b96ccce4,0.2,EDGE_DEGRADED,EDGE_DEGRADED,True,failed,available,,,not_attempted,False,,201.0,0.208269,,False,,True,edge,0.208359,Cloud Failure + Stateful Edge Failover
2026-08-22 18:08:40.221,4.1,TC02-batch-20260822T180830-a18476,TC02-20260822T180830806173-run1-23c40b,TC02,cloud_failure_with_stateful_edge_failover,1,workload,18,v41-TC02-1-18-3732861a,0.2,EDGE_DEGRADED,EDGE_DEGRADED,True,failed,available,,,not_attempted,False,,201.0,0.177994,,False,,True,edge,0.178106,Cloud Failure + Stateful Edge Failover
2026-08-22 18:08:40.593,4.1,TC02-batch-20260822T180830-a18476,TC02-20260822T180830806173-run1-23c40b,TC02,cloud_failure_with_stateful_edge_failover,1,workload,19,v41-TC02-1-19-68e89750,0.2,EDGE_DEGRADED,EDGE_DEGRADED,True,failed,available,,,not_attempted,False,,201.0,0.170367,,False,,True,edge,0.170693,Cloud Failure + Stateful Edge Failover
2026-08-22 18:08:41.011,4.1,TC02-batch-20260822T180830-a18476,TC02-20260822T180830806173-run1-23c40b,TC02,cloud_failure_with_stateful_edge_failover,1,workload,20,v41-TC02-1-20-848a7f7b,0.2,EDGE_DEGRADED,EDGE_DEGRADED,True,failed,available,,,not_attempted,False,,201.0,0.214809,,False,,True,edge,0.214922,Cloud Failure + Stateful Edge Failover
2026-08-22 18:08:41.409,4.1,TC02-batch-20260822T180830-a18476,TC02-20260822T180830806173-run1-23c40b,TC02,cloud_failure_with_stateful_edge_failover,1,workload,21,v41-TC02-1-21-411950a5,0.2,EDGE_DEGRADED,EDGE_DEGRADED,True,failed,available,,,not_attempted,False,,201.0,0.195928,,False,,True,edge,0.196003,Cloud Failure + Stateful Edge Failover
2026-08-22 18:08:41.816,4.1,TC02-batch-20260822T180830-a18476,TC02-20260822T180830806173-run1-23c40b,TC02,cloud_failure_with_stateful_edge_failover,1,workload,22,v41-TC02-1-22-9a20c5af,0.2,EDGE_DEGRADED,EDGE_DEGRADED,True,failed,available,,,not_attempted,False,,201.0,0.205211,,False,,True,edge,0.205318,Cloud Failure + Stateful Edge Failover
2026-08-22 18:08:42.209,4.1,TC02-batch-20260822T180830-a18476,TC02-20260822T180830806173-run1-23c40b,TC02,cloud_failure_with_stateful_edge_failover,1,workload,23,v41-TC02-1-23-8f7a5edd,0.2,EDGE_DEGRADED,EDGE_DEGRADED,True,failed,available,,,not_attempted,False,,201.0,0.190586,,False,,True,edge,0.190655,Cloud Failure + Stateful Edge Failover
2026-08-22 18:08:42.575,4.1,TC02-batch-20260822T180830-a18476,TC02-20260822T180830806173-run1-23c40b,TC02,cloud_failure_with_stateful_edge_failover,1,workload,24,v41-TC02-1-24-9632eefa,0.2,EDGE_DEGRADED,EDGE_DEGRADED,True,failed,available,,,not_attempted,False,,201.0,0.165274,,False,,True,edge,0.165343,Cloud Failure + Stateful Edge Failover
2026-08-22 18:08:42.942,4.1,TC02-batch-20260822T180830-a18476,TC02-20260822T180830806173-run1-23c40b,TC02,cloud_failure_with_stateful_edge_failover,1,workload,25,v41-TC02-1-25-1be40dd7,0.2,EDGE_DEGRADED,EDGE_DEGRADED,True,failed,available,,,not_attempted,False,,201.0,0.165586,,False,,True,edge,0.165692,Cloud Failure + Stateful Edge Failover
2026-08-22 18:08:43.300,4.1,TC02-batch-20260822T180830-a18476,TC02-20260822T180830806173-run1-23c40b,TC02,cloud_failure_with_stateful_edge_failover,1,workload,26,v41-TC02-1-26-af058ea9,0.2,EDGE_DEGRADED,EDGE_DEGRADED,True,failed,available,,,not_attempted,False,,201.0,0.156129,,False,,True,edge,0.156225,Cloud Failure + Stateful Edge Failover
2026-08-22 18:08:43.677,4.1,TC02-batch-20260822T180830-a18476,TC02-20260822T180830806173-run1-23c40b,TC02,cloud_failure_with_stateful_edge_failover,1,workload,27,v41-TC02-1-27-9bc15343,0.2,EDGE_DEGRADED,EDGE_DEGRADED,True,failed,available,,,not_attempted,False,,201.0,0.175938,,False,,True,edge,0.176052,Cloud Failure + Stateful Edge Failover
2026-08-22 18:08:44.065,4.1,TC02-batch-20260822T180830-a18476,TC02-20260822T180830806173-run1-23c40b,TC02,cloud_failure_with_stateful_edge_failover,1,workload,28,v41-TC02-1-28-6d0fd98b,0.2,EDGE_DEGRADED,EDGE_DEGRADED,True,failed,available,,,not_attempted,False,,201.0,0.186309,,False,,True,edge,0.186419,Cloud Failure + Stateful Edge Failover
2026-08-22 18:08:44.434,4.1,TC02-batch-20260822T180830-a18476,TC02-20260822T180830806173-run1-23c40b,TC02,cloud_failure_with_stateful_edge_failover,1,workload,29,v41-TC02-1-29-1e538b95,0.2,EDGE_DEGRADED,EDGE_DEGRADED,True,failed,available,,,not_attempted,False,,201.0,0.167758,,False,,True,edge,0.167954,Cloud Failure + Stateful Edge Failover
2026-08-22 18:08:44.887,4.1,TC02-batch-20260822T180830-a18476,TC02-20260822T180830806173-run1-23c40b,TC02,cloud_failure_with_stateful_edge_failover,1,workload,30,v41-TC02-1-30-fbba9b4e,0.2,EDGE_DEGRADED,EDGE_DEGRADED,True,failed,available,,,not_attempted,False,,201.0,0.249047,,False,,True,edge,0.249117,Cloud Failure + Stateful Edge Failover
2026-08-22 18:08:48.712,4.1,TC02-batch-20260822T180830-a18476,TC02-20260822T180846502281-run2-0e5068,TC02,cloud_failure_with_stateful_edge_failover,2,workload,1,v41-TC02-2-1-5ac495c2,0.2,NORMAL,EDGE_DEGRADED,True,failed,available,,2.007394,"ConnectTimeout: HTTPConnectionPool(host='127.0.0.1', port=5000): Max retries exceeded with url: /add_order (Caused by ConnectTimeoutError(<HTTPConnection(host='127.0.0.1', port=5000) at 0x1471046a690>, 'Connection to 127.0.0.1 timed out. (connect timeout=2.0)'))",True,2.007394,201.0,0.18101,,True,2.188601,True,edge,2.188609,Cloud Failure + Stateful Edge Failover
2026-08-22 18:08:49.134,4.1,TC02-batch-20260822T180830-a18476,TC02-20260822T180846502281-run2-0e5068,TC02,cloud_failure_with_stateful_edge_failover,2,workload,2,v41-TC02-2-2-c58208a8,0.2,EDGE_DEGRADED,EDGE_DEGRADED,True,failed,available,,,not_attempted,False,,201.0,0.219076,,False,,True,edge,0.219267,Cloud Failure + Stateful Edge Failover
2026-08-22 18:08:49.546,4.1,TC02-batch-20260822T180830-a18476,TC02-20260822T180846502281-run2-0e5068,TC02,cloud_failure_with_stateful_edge_failover,2,workload,3,v41-TC02-2-3-504547f3,0.2,EDGE_DEGRADED,EDGE_DEGRADED,True,failed,available,,,not_attempted,False,,201.0,0.209445,,False,,True,edge,0.209676,Cloud Failure + Stateful Edge Failover
2026-08-22 18:08:49.954,4.1,TC02-batch-20260822T180830-a18476,TC02-20260822T180846502281-run2-0e5068,TC02,cloud_failure_with_stateful_edge_failover,2,workload,4,v41-TC02-2-4-fddad731,0.2,EDGE_DEGRADED,EDGE_DEGRADED,True,failed,available,,,not_attempted,False,,201.0,0.205449,,False,,True,edge,0.205528,Cloud Failure + Stateful Edge Failover
2026-08-22 18:08:50.334,4.1,TC02-batch-20260822T180830-a18476,TC02-20260822T180846502281-run2-0e5068,TC02,cloud_failure_with_stateful_edge_failover,2,workload,5,v41-TC02-2-5-2666940a,0.2,EDGE_DEGRADED,EDGE_DEGRADED,True,failed,available,,,not_attempted,False,,201.0,0.178771,,False,,True,edge,0.178955,Cloud Failure + Stateful Edge Failover
2026-08-22 18:08:50.709,4.1,TC02-batch-20260822T180830-a18476,TC02-20260822T180846502281-run2-0e5068,TC02,cloud_failure_with_stateful_edge_failover,2,workload,6,v41-TC02-2-6-13f21a39,0.2,EDGE_DEGRADED,EDGE_DEGRADED,True,failed,available,,,not_attempted,False,,201.0,0.172516,,False,,True,edge,0.172599,Cloud Failure + Stateful Edge Failover
2026-08-22 18:08:51.099,4.1,TC02-batch-20260822T180830-a18476,TC02-20260822T180846502281-run2-0e5068,TC02,cloud_failure_with_stateful_edge_failover,2,workload,7,v41-TC02-2-7-2496a277,0.2,EDGE_DEGRADED,EDGE_DEGRADED,True,failed,available,,,not_attempted,False,,201.0,0.188089,,False,,True,edge,0.188186,Cloud Failure + Stateful Edge Failover
2026-08-22 18:08:51.476,4.1,TC02-batch-20260822T180830-a18476,TC02-20260822T180846502281-run2-0e5068,TC02,cloud_failure_with_stateful_edge_failover,2,workload,8,v41-TC02-2-8-6e3b8e83,0.2,EDGE_DEGRADED,EDGE_DEGRADED,True,failed,available,,,not_attempted,False,,201.0,0.175426,,False,,True,edge,0.175512,Cloud Failure + Stateful Edge Failover
2026-08-22 18:08:51.842,4.1,TC02-batch-20260822T180830-a18476,TC02-20260822T180846502281-run2-0e5068,TC02,cloud_failure_with_stateful_edge_failover,2,workload,9,v41-TC02-2-9-deb45237,0.2,EDGE_DEGRADED,EDGE_DEGRADED,True,failed,available,,,not_attempted,False,,201.0,0.164596,,False,,True,edge,0.164657,Cloud Failure + Stateful Edge Failover
2026-08-22 18:08:52.233,4.1,TC02-batch-20260822T180830-a18476,TC02-20260822T180846502281-run2-0e5068,TC02,cloud_failure_with_stateful_edge_failover,2,workload,10,v41-TC02-2-10-380f358c,0.2,EDGE_DEGRADED,EDGE_DEGRADED,True,failed,available,,,not_attempted,False,,201.0,0.189162,,False,,True,edge,0.189262,Cloud Failure + Stateful Edge Failover
2026-08-22 18:08:52.610,4.1,TC02-batch-20260822T180830-a18476,TC02-20260822T180846502281-run2-0e5068,TC02,cloud_failure_with_stateful_edge_failover,2,workload,11,v41-TC02-2-11-59ea859b,0.2,EDGE_DEGRADED,EDGE_DEGRADED,True,failed,available,,,not_attempted,False,,201.0,0.175714,,False,,True,edge,0.175813,Cloud Failure + Stateful Edge Failover
2026-08-22 18:08:52.998,4.1,TC02-batch-20260822T180830-a18476,TC02-20260822T180846502281-run2-0e5068,TC02,cloud_failure_with_stateful_edge_failover,2,workload,12,v41-TC02-2-12-f12bf356,0.2,EDGE_DEGRADED,EDGE_DEGRADED,True,failed,available,,,not_attempted,False,,201.0,0.186985,,False,,True,edge,0.187069,Cloud Failure + Stateful Edge Failover
2026-08-22 18:08:53.498,4.1,TC02-batch-20260822T180830-a18476,TC02-20260822T180846502281-run2-0e5068,TC02,cloud_failure_with_stateful_edge_failover,2,workload,13,v41-TC02-2-13-5f46b0b6,0.2,EDGE_DEGRADED,EDGE_DEGRADED,True,failed,available,,,not_attempted,False,,201.0,0.297937,,False,,True,edge,0.298069,Cloud Failure + Stateful Edge Failover
2026-08-22 18:08:53.888,4.1,TC02-batch-20260822T180830-a18476,TC02-20260822T180846502281-run2-0e5068,TC02,cloud_failure_with_stateful_edge_failover,2,workload,14,v41-TC02-2-14-cd654fb8,0.2,EDGE_DEGRADED,EDGE_DEGRADED,True,failed,available,,,not_attempted,False,,201.0,0.187041,,False,,True,edge,0.187153,Cloud Failure + Stateful Edge Failover
2026-08-22 18:08:54.234,4.1,TC02-batch-20260822T180830-a18476,TC02-20260822T180846502281-run2-0e5068,TC02,cloud_failure_with_stateful_edge_failover,2,workload,15,v41-TC02-2-15-b3b335e8,0.2,EDGE_DEGRADED,EDGE_DEGRADED,True,failed,available,,,not_attempted,False,,201.0,0.144993,,False,,True,edge,0.145135,Cloud Failure + Stateful Edge Failover
2026-08-22 18:08:54.611,4.1,TC02-batch-20260822T180830-a18476,TC02-20260822T180846502281-run2-0e5068,TC02,cloud_failure_with_stateful_edge_failover,2,workload,16,v41-TC02-2-16-74dbfa64,0.2,EDGE_DEGRADED,EDGE_DEGRADED,True,failed,available,,,not_attempted,False,,201.0,0.17387,,False,,True,edge,0.173981,Cloud Failure + Stateful Edge Failover
2026-08-22 18:08:54.987,4.1,TC02-batch-20260822T180830-a18476,TC02-20260822T180846502281-run2-0e5068,TC02,cloud_failure_with_stateful_edge_failover,2,workload,17,v41-TC02-2-17-8ea6d93a,0.2,EDGE_DEGRADED,EDGE_DEGRADED,True,failed,available,,,not_attempted,False,,201.0,0.174611,,False,,True,edge,0.174676,Cloud Failure + Stateful Edge Failover
2026-08-22 18:08:55.388,4.1,TC02-batch-20260822T180830-a18476,TC02-20260822T180846502281-run2-0e5068,TC02,cloud_failure_with_stateful_edge_failover,2,workload,18,v41-TC02-2-18-344f329e,0.2,EDGE_DEGRADED,EDGE_DEGRADED,True,failed,available,,,not_attempted,False,,201.0,0.199639,,False,,True,edge,0.199726,Cloud Failure + Stateful Edge Failover
2026-08-22 18:08:55.803,4.1,TC02-batch-20260822T180830-a18476,TC02-20260822T180846502281-run2-0e5068,TC02,cloud_failure_with_stateful_edge_failover,2,workload,19,v41-TC02-2-19-8a0c5837,0.2,EDGE_DEGRADED,EDGE_DEGRADED,True,failed,available,,,not_attempted,False,,201.0,0.213026,,False,,True,edge,0.213135,Cloud Failure + Stateful Edge Failover
2026-08-22 18:08:56.209,4.1,TC02-batch-20260822T180830-a18476,TC02-20260822T180846502281-run2-0e5068,TC02,cloud_failure_with_stateful_edge_failover,2,workload,20,v41-TC02-2-20-a8ea86f8,0.2,EDGE_DEGRADED,EDGE_DEGRADED,True,failed,available,,,not_attempted,False,,201.0,0.205218,,False,,True,edge,0.205311,Cloud Failure + Stateful Edge Failover
2026-08-22 18:08:56.589,4.1,TC02-batch-20260822T180830-a18476,TC02-20260822T180846502281-run2-0e5068,TC02,cloud_failure_with_stateful_edge_failover,2,workload,21,v41-TC02-2-21-652279a9,0.2,EDGE_DEGRADED,EDGE_DEGRADED,True,failed,available,,,not_attempted,False,,201.0,0.177779,,False,,True,edge,0.177884,Cloud Failure + Stateful Edge Failover
2026-08-22 18:08:56.953,4.1,TC02-batch-20260822T180830-a18476,TC02-20260822T180846502281-run2-0e5068,TC02,cloud_failure_with_stateful_edge_failover,2,workload,22,v41-TC02-2-22-12f3791c,0.2,EDGE_DEGRADED,EDGE_DEGRADED,True,failed,available,,,not_attempted,False,,201.0,0.163196,,False,,True,edge,0.163291,Cloud Failure + Stateful Edge Failover
2026-08-22 18:08:57.355,4.1,TC02-batch-20260822T180830-a18476,TC02-20260822T180846502281-run2-0e5068,TC02,cloud_failure_with_stateful_edge_failover,2,workload,23,v41-TC02-2-23-e94ff8a9,0.2,EDGE_DEGRADED,EDGE_DEGRADED,True,failed,available,,,not_attempted,False,,201.0,0.200388,,False,,True,edge,0.20045,Cloud Failure + Stateful Edge Failover
2026-08-22 18:08:57.732,4.1,TC02-batch-20260822T180830-a18476,TC02-20260822T180846502281-run2-0e5068,TC02,cloud_failure_with_stateful_edge_failover,2,workload,24,v41-TC02-2-24-0994274c,0.2,EDGE_DEGRADED,EDGE_DEGRADED,True,failed,available,,,not_attempted,False,,201.0,0.17603,,False,,True,edge,0.176155,Cloud Failure + Stateful Edge Failover
2026-08-22 18:08:58.128,4.1,TC02-batch-20260822T180830-a18476,TC02-20260822T180846502281-run2-0e5068,TC02,cloud_failure_with_stateful_edge_failover,2,workload,25,v41-TC02-2-25-8507243c,0.2,EDGE_DEGRADED,EDGE_DEGRADED,True,failed,available,,,not_attempted,False,,201.0,0.194545,,False,,True,edge,0.194647,Cloud Failure + Stateful Edge Failover
2026-08-22 18:08:58.535,4.1,TC02-batch-20260822T180830-a18476,TC02-20260822T180846502281-run2-0e5068,TC02,cloud_failure_with_stateful_edge_failover,2,workload,26,v41-TC02-2-26-8da457cf,0.2,EDGE_DEGRADED,EDGE_DEGRADED,True,failed,available,,,not_attempted,False,,201.0,0.205018,,False,,True,edge,0.205296,Cloud Failure + Stateful Edge Failover
2026-08-22 18:08:58.932,4.1,TC02-batch-20260822T180830-a18476,TC02-20260822T180846502281-run2-0e5068,TC02,cloud_failure_with_stateful_edge_failover,2,workload,27,v41-TC02-2-27-834ff91e,0.2,EDGE_DEGRADED,EDGE_DEGRADED,True,failed,available,,,not_attempted,False,,201.0,0.193033,,False,,True,edge,0.193159,Cloud Failure + Stateful Edge Failover
2026-08-22 18:08:59.320,4.1,TC02-batch-20260822T180830-a18476,TC02-20260822T180846502281-run2-0e5068,TC02,cloud_failure_with_stateful_edge_failover,2,workload,28,v41-TC02-2-28-84d22eee,0.2,EDGE_DEGRADED,EDGE_DEGRADED,True,failed,available,,,not_attempted,False,,201.0,0.186514,,False,,True,edge,0.186599,Cloud Failure + Stateful Edge Failover
2026-08-22 18:08:59.669,4.1,TC02-batch-20260822T180830-a18476,TC02-20260822T180846502281-run2-0e5068,TC02,cloud_failure_with_stateful_edge_failover,2,workload,29,v41-TC02-2-29-6ddcdbe7,0.2,EDGE_DEGRADED,EDGE_DEGRADED,True,failed,available,,,not_attempted,False,,201.0,0.146845,,False,,True,edge,0.147042,Cloud Failure + Stateful Edge Failover
2026-08-22 18:09:00.035,4.1,TC02-batch-20260822T180830-a18476,TC02-20260822T180846502281-run2-0e5068,TC02,cloud_failure_with_stateful_edge_failover,2,workload,30,v41-TC02-2-30-a1b39423,0.2,EDGE_DEGRADED,EDGE_DEGRADED,True,failed,available,,,not_attempted,False,,201.0,0.163471,,False,,True,edge,0.163565,Cloud Failure + Stateful Edge Failover
2026-08-22 18:09:03.923,4.1,TC02-batch-20260822T180830-a18476,TC02-20260822T180901658477-run3-df56d9,TC02,cloud_failure_with_stateful_edge_failover,3,workload,1,v41-TC02-3-1-e77862f6,0.2,NORMAL,EDGE_DEGRADED,True,failed,available,,2.00918,"ConnectTimeout: HTTPConnectionPool(host='127.0.0.1', port=5000): Max retries exceeded with url: /add_order (Caused by ConnectTimeoutError(<HTTPConnection(host='127.0.0.1', port=5000) at 0x1471046aad0>, 'Connection to 127.0.0.1 timed out. (connect timeout=2.0)'))",True,2.00918,201.0,0.235069,,True,2.244477,True,edge,2.244485,Cloud Failure + Stateful Edge Failover
2026-08-22 18:09:04.310,4.1,TC02-batch-20260822T180830-a18476,TC02-20260822T180901658477-run3-df56d9,TC02,cloud_failure_with_stateful_edge_failover,3,workload,2,v41-TC02-3-2-9d48af42,0.2,EDGE_DEGRADED,EDGE_DEGRADED,True,failed,available,,,not_attempted,False,,201.0,0.184188,,False,,True,edge,0.184278,Cloud Failure + Stateful Edge Failover
2026-08-22 18:09:04.676,4.1,TC02-batch-20260822T180830-a18476,TC02-20260822T180901658477-run3-df56d9,TC02,cloud_failure_with_stateful_edge_failover,3,workload,3,v41-TC02-3-3-98a8d31d,0.2,EDGE_DEGRADED,EDGE_DEGRADED,True,failed,available,,,not_attempted,False,,201.0,0.16384,,False,,True,edge,0.163912,Cloud Failure + Stateful Edge Failover
2026-08-22 18:09:05.069,4.1,TC02-batch-20260822T180830-a18476,TC02-20260822T180901658477-run3-df56d9,TC02,cloud_failure_with_stateful_edge_failover,3,workload,4,v41-TC02-3-4-d61d415f,0.2,EDGE_DEGRADED,EDGE_DEGRADED,True,failed,available,,,not_attempted,False,,201.0,0.191478,,False,,True,edge,0.191618,Cloud Failure + Stateful Edge Failover
2026-08-22 18:09:05.481,4.1,TC02-batch-20260822T180830-a18476,TC02-20260822T180901658477-run3-df56d9,TC02,cloud_failure_with_stateful_edge_failover,3,workload,5,v41-TC02-3-5-3e46c075,0.2,EDGE_DEGRADED,EDGE_DEGRADED,True,failed,available,,,not_attempted,False,,201.0,0.210074,,False,,True,edge,0.210191,Cloud Failure + Stateful Edge Failover
2026-08-22 18:09:05.865,4.1,TC02-batch-20260822T180830-a18476,TC02-20260822T180901658477-run3-df56d9,TC02,cloud_failure_with_stateful_edge_failover,3,workload,6,v41-TC02-3-6-e0c7f569,0.2,EDGE_DEGRADED,EDGE_DEGRADED,True,failed,available,,,not_attempted,False,,201.0,0.182086,,False,,True,edge,0.182172,Cloud Failure + Stateful Edge Failover
2026-08-22 18:09:06.255,4.1,TC02-batch-20260822T180830-a18476,TC02-20260822T180901658477-run3-df56d9,TC02,cloud_failure_with_stateful_edge_failover,3,workload,7,v41-TC02-3-7-4919ef3b,0.2,EDGE_DEGRADED,EDGE_DEGRADED,True,failed,available,,,not_attempted,False,,201.0,0.188862,,False,,True,edge,0.188995,Cloud Failure + Stateful Edge Failover
2026-08-22 18:09:06.645,4.1,TC02-batch-20260822T180830-a18476,TC02-20260822T180901658477-run3-df56d9,TC02,cloud_failure_with_stateful_edge_failover,3,workload,8,v41-TC02-3-8-d64adbdd,0.2,EDGE_DEGRADED,EDGE_DEGRADED,True,failed,available,,,not_attempted,False,,201.0,0.188145,,False,,True,edge,0.188261,Cloud Failure + Stateful Edge Failover
2026-08-22 18:09:07.016,4.1,TC02-batch-20260822T180830-a18476,TC02-20260822T180901658477-run3-df56d9,TC02,cloud_failure_with_stateful_edge_failover,3,workload,9,v41-TC02-3-9-ff636bdf,0.2,EDGE_DEGRADED,EDGE_DEGRADED,True,failed,available,,,not_attempted,False,,201.0,0.169773,,False,,True,edge,0.169896,Cloud Failure + Stateful Edge Failover
2026-08-22 18:09:07.400,4.1,TC02-batch-20260822T180830-a18476,TC02-20260822T180901658477-run3-df56d9,TC02,cloud_failure_with_stateful_edge_failover,3,workload,10,v41-TC02-3-10-42c9983d,0.2,EDGE_DEGRADED,EDGE_DEGRADED,True,failed,available,,,not_attempted,False,,201.0,0.182174,,False,,True,edge,0.18228,Cloud Failure + Stateful Edge Failover
2026-08-22 18:09:07.789,4.1,TC02-batch-20260822T180830-a18476,TC02-20260822T180901658477-run3-df56d9,TC02,cloud_failure_with_stateful_edge_failover,3,workload,11,v41-TC02-3-11-06b181cf,0.2,EDGE_DEGRADED,EDGE_DEGRADED,True,failed,available,,,not_attempted,False,,201.0,0.187268,,False,,True,edge,0.187556,Cloud Failure + Stateful Edge Failover
2026-08-22 18:09:08.165,4.1,TC02-batch-20260822T180830-a18476,TC02-20260822T180901658477-run3-df56d9,TC02,cloud_failure_with_stateful_edge_failover,3,workload,12,v41-TC02-3-12-b0fc99cb,0.2,EDGE_DEGRADED,EDGE_DEGRADED,True,failed,available,,,not_attempted,False,,201.0,0.172625,,False,,True,edge,0.172724,Cloud Failure + Stateful Edge Failover
2026-08-22 18:09:08.544,4.1,TC02-batch-20260822T180830-a18476,TC02-20260822T180901658477-run3-df56d9,TC02,cloud_failure_with_stateful_edge_failover,3,workload,13,v41-TC02-3-13-28920eea,0.2,EDGE_DEGRADED,EDGE_DEGRADED,True,failed,available,,,not_attempted,False,,201.0,0.176665,,False,,True,edge,0.176775,Cloud Failure + Stateful Edge Failover
2026-08-22 18:09:08.922,4.1,TC02-batch-20260822T180830-a18476,TC02-20260822T180901658477-run3-df56d9,TC02,cloud_failure_with_stateful_edge_failover,3,workload,14,v41-TC02-3-14-809d9541,0.2,EDGE_DEGRADED,EDGE_DEGRADED,True,failed,available,,,not_attempted,False,,201.0,0.177049,,False,,True,edge,0.177172,Cloud Failure + Stateful Edge Failover
2026-08-22 18:09:09.323,4.1,TC02-batch-20260822T180830-a18476,TC02-20260822T180901658477-run3-df56d9,TC02,cloud_failure_with_stateful_edge_failover,3,workload,15,v41-TC02-3-15-ce099e19,0.2,EDGE_DEGRADED,EDGE_DEGRADED,True,failed,available,,,not_attempted,False,,201.0,0.198903,,False,,True,edge,0.199,Cloud Failure + Stateful Edge Failover
2026-08-22 18:09:09.746,4.1,TC02-batch-20260822T180830-a18476,TC02-20260822T180901658477-run3-df56d9,TC02,cloud_failure_with_stateful_edge_failover,3,workload,16,v41-TC02-3-16-7d0b692d,0.2,EDGE_DEGRADED,EDGE_DEGRADED,True,failed,available,,,not_attempted,False,,201.0,0.220979,,False,,True,edge,0.221081,Cloud Failure + Stateful Edge Failover
2026-08-22 18:09:10.111,4.1,TC02-batch-20260822T180830-a18476,TC02-20260822T180901658477-run3-df56d9,TC02,cloud_failure_with_stateful_edge_failover,3,workload,17,v41-TC02-3-17-fbee86bc,0.2,EDGE_DEGRADED,EDGE_DEGRADED,True,failed,available,,,not_attempted,False,,201.0,0.163527,,False,,True,edge,0.163644,Cloud Failure + Stateful Edge Failover
2026-08-22 18:09:10.467,4.1,TC02-batch-20260822T180830-a18476,TC02-20260822T180901658477-run3-df56d9,TC02,cloud_failure_with_stateful_edge_failover,3,workload,18,v41-TC02-3-18-2f7747ac,0.2,EDGE_DEGRADED,EDGE_DEGRADED,True,failed,available,,,not_attempted,False,,201.0,0.154474,,False,,True,edge,0.154597,Cloud Failure + Stateful Edge Failover
2026-08-22 18:09:10.824,4.1,TC02-batch-20260822T180830-a18476,TC02-20260822T180901658477-run3-df56d9,TC02,cloud_failure_with_stateful_edge_failover,3,workload,19,v41-TC02-3-19-c355f6b8,0.2,EDGE_DEGRADED,EDGE_DEGRADED,True,failed,available,,,not_attempted,False,,201.0,0.154784,,False,,True,edge,0.154924,Cloud Failure + Stateful Edge Failover
2026-08-22 18:09:11.188,4.1,TC02-batch-20260822T180830-a18476,TC02-20260822T180901658477-run3-df56d9,TC02,cloud_failure_with_stateful_edge_failover,3,workload,20,v41-TC02-3-20-27ab0cb4,0.2,EDGE_DEGRADED,EDGE_DEGRADED,True,failed,available,,,not_attempted,False,,201.0,0.162323,,False,,True,edge,0.162394,Cloud Failure + Stateful Edge Failover
2026-08-22 18:09:11.544,4.1,TC02-batch-20260822T180830-a18476,TC02-20260822T180901658477-run3-df56d9,TC02,cloud_failure_with_stateful_edge_failover,3,workload,21,v41-TC02-3-21-aab61dfa,0.2,EDGE_DEGRADED,EDGE_DEGRADED,True,failed,available,,,not_attempted,False,,201.0,0.154804,,False,,True,edge,0.15489,Cloud Failure + Stateful Edge Failover
2026-08-22 18:09:11.913,4.1,TC02-batch-20260822T180830-a18476,TC02-20260822T180901658477-run3-df56d9,TC02,cloud_failure_with_stateful_edge_failover,3,workload,22,v41-TC02-3-22-e9c32983,0.2,EDGE_DEGRADED,EDGE_DEGRADED,True,failed,available,,,not_attempted,False,,201.0,0.166601,,False,,True,edge,0.166696,Cloud Failure + Stateful Edge Failover
2026-08-22 18:09:12.288,4.1,TC02-batch-20260822T180830-a18476,TC02-20260822T180901658477-run3-df56d9,TC02,cloud_failure_with_stateful_edge_failover,3,workload,23,v41-TC02-3-23-1328f4ec,0.2,EDGE_DEGRADED,EDGE_DEGRADED,True,failed,available,,,not_attempted,False,,201.0,0.173803,,False,,True,edge,0.173923,Cloud Failure + Stateful Edge Failover
2026-08-22 18:09:12.656,4.1,TC02-batch-20260822T180830-a18476,TC02-20260822T180901658477-run3-df56d9,TC02,cloud_failure_with_stateful_edge_failover,3,workload,24,v41-TC02-3-24-fec8ffe2,0.2,EDGE_DEGRADED,EDGE_DEGRADED,True,failed,available,,,not_attempted,False,,201.0,0.165531,,False,,True,edge,0.165607,Cloud Failure + Stateful Edge Failover
2026-08-22 18:09:13.044,4.1,TC02-batch-20260822T180830-a18476,TC02-20260822T180901658477-run3-df56d9,TC02,cloud_failure_with_stateful_edge_failover,3,workload,25,v41-TC02-3-25-d955c008,0.2,EDGE_DEGRADED,EDGE_DEGRADED,True,failed,available,,,not_attempted,False,,201.0,0.187104,,False,,True,edge,0.187272,Cloud Failure + Stateful Edge Failover
2026-08-22 18:09:13.432,4.1,TC02-batch-20260822T180830-a18476,TC02-20260822T180901658477-run3-df56d9,TC02,cloud_failure_with_stateful_edge_failover,3,workload,26,v41-TC02-3-26-bad8170f,0.2,EDGE_DEGRADED,EDGE_DEGRADED,True,failed,available,,,not_attempted,False,,201.0,0.186092,,False,,True,edge,0.186159,Cloud Failure + Stateful Edge Failover
2026-08-22 18:09:13.804,4.1,TC02-batch-20260822T180830-a18476,TC02-20260822T180901658477-run3-df56d9,TC02,cloud_failure_with_stateful_edge_failover,3,workload,27,v41-TC02-3-27-54eabea0,0.2,EDGE_DEGRADED,EDGE_DEGRADED,True,failed,available,,,not_attempted,False,,201.0,0.170304,,False,,True,edge,0.170556,Cloud Failure + Stateful Edge Failover
2026-08-22 18:09:14.166,4.1,TC02-batch-20260822T180830-a18476,TC02-20260822T180901658477-run3-df56d9,TC02,cloud_failure_with_stateful_edge_failover,3,workload,28,v41-TC02-3-28-0901945a,0.2,EDGE_DEGRADED,EDGE_DEGRADED,True,failed,available,,,not_attempted,False,,201.0,0.157985,,False,,True,edge,0.158071,Cloud Failure + Stateful Edge Failover
2026-08-22 18:09:14.556,4.1,TC02-batch-20260822T180830-a18476,TC02-20260822T180901658477-run3-df56d9,TC02,cloud_failure_with_stateful_edge_failover,3,workload,29,v41-TC02-3-29-334f79b1,0.2,EDGE_DEGRADED,EDGE_DEGRADED,True,failed,available,,,not_attempted,False,,201.0,0.188612,,False,,True,edge,0.188712,Cloud Failure + Stateful Edge Failover
2026-08-22 18:09:14.947,4.1,TC02-batch-20260822T180830-a18476,TC02-20260822T180901658477-run3-df56d9,TC02,cloud_failure_with_stateful_edge_failover,3,workload,30,v41-TC02-3-30-9c1eee38,0.2,EDGE_DEGRADED,EDGE_DEGRADED,True,failed,available,,,not_attempted,False,,201.0,0.18597,,False,,True,edge,0.186165,Cloud Failure + Stateful Edge Failover
2026-08-22 18:09:18.758,4.1,TC02-batch-20260822T180830-a18476,TC02-20260822T180916537169-run4-75de4d,TC02,cloud_failure_with_stateful_edge_failover,4,workload,1,v41-TC02-4-1-1120c5e8,0.2,NORMAL,EDGE_DEGRADED,True,failed,available,,2.001251,"ConnectTimeout: HTTPConnectionPool(host='127.0.0.1', port=5000): Max retries exceeded with url: /add_order (Caused by ConnectTimeoutError(<HTTPConnection(host='127.0.0.1', port=5000) at 0x1471046b130>, 'Connection to 127.0.0.1 timed out. (connect timeout=2.0)'))",True,2.001251,201.0,0.195091,,True,2.196539,True,edge,2.196547,Cloud Failure + Stateful Edge Failover
2026-08-22 18:09:19.146,4.1,TC02-batch-20260822T180830-a18476,TC02-20260822T180916537169-run4-75de4d,TC02,cloud_failure_with_stateful_edge_failover,4,workload,2,v41-TC02-4-2-b62f9baf,0.2,EDGE_DEGRADED,EDGE_DEGRADED,True,failed,available,,,not_attempted,False,,201.0,0.185533,,False,,True,edge,0.185694,Cloud Failure + Stateful Edge Failover
2026-08-22 18:09:19.536,4.1,TC02-batch-20260822T180830-a18476,TC02-20260822T180916537169-run4-75de4d,TC02,cloud_failure_with_stateful_edge_failover,4,workload,3,v41-TC02-4-3-5e7155c4,0.2,EDGE_DEGRADED,EDGE_DEGRADED,True,failed,available,,,not_attempted,False,,201.0,0.186938,,False,,True,edge,0.18713,Cloud Failure + Stateful Edge Failover
2026-08-22 18:09:19.901,4.1,TC02-batch-20260822T180830-a18476,TC02-20260822T180916537169-run4-75de4d,TC02,cloud_failure_with_stateful_edge_failover,4,workload,4,v41-TC02-4-4-780d1d00,0.2,EDGE_DEGRADED,EDGE_DEGRADED,True,failed,available,,,not_attempted,False,,201.0,0.162807,,False,,True,edge,0.162924,Cloud Failure + Stateful Edge Failover
2026-08-22 18:09:20.291,4.1,TC02-batch-20260822T180830-a18476,TC02-20260822T180916537169-run4-75de4d,TC02,cloud_failure_with_stateful_edge_failover,4,workload,5,v41-TC02-4-5-afdded3f,0.2,EDGE_DEGRADED,EDGE_DEGRADED,True,failed,available,,,not_attempted,False,,201.0,0.188633,,False,,True,edge,0.18882,Cloud Failure + Stateful Edge Failover
2026-08-22 18:09:20.733,4.1,TC02-batch-20260822T180830-a18476,TC02-20260822T180916537169-run4-75de4d,TC02,cloud_failure_with_stateful_edge_failover,4,workload,6,v41-TC02-4-6-b9a56db6,0.2,EDGE_DEGRADED,EDGE_DEGRADED,True,failed,available,,,not_attempted,False,,201.0,0.238616,,False,,True,edge,0.238715,Cloud Failure + Stateful Edge Failover
2026-08-22 18:09:21.100,4.1,TC02-batch-20260822T180830-a18476,TC02-20260822T180916537169-run4-75de4d,TC02,cloud_failure_with_stateful_edge_failover,4,workload,7,v41-TC02-4-7-06f0b7ab,0.2,EDGE_DEGRADED,EDGE_DEGRADED,True,failed,available,,,not_attempted,False,,201.0,0.165628,,False,,True,edge,0.165695,Cloud Failure + Stateful Edge Failover
2026-08-22 18:09:21.465,4.1,TC02-batch-20260822T180830-a18476,TC02-20260822T180916537169-run4-75de4d,TC02,cloud_failure_with_stateful_edge_failover,4,workload,8,v41-TC02-4-8-00787e97,0.2,EDGE_DEGRADED,EDGE_DEGRADED,True,failed,available,,,not_attempted,False,,201.0,0.162924,,False,,True,edge,0.163042,Cloud Failure + Stateful Edge Failover
2026-08-22 18:09:21.844,4.1,TC02-batch-20260822T180830-a18476,TC02-20260822T180916537169-run4-75de4d,TC02,cloud_failure_with_stateful_edge_failover,4,workload,9,v41-TC02-4-9-dd0b616f,0.2,EDGE_DEGRADED,EDGE_DEGRADED,True,failed,available,,,not_attempted,False,,201.0,0.175756,,False,,True,edge,0.175855,Cloud Failure + Stateful Edge Failover
2026-08-22 18:09:22.210,4.1,TC02-batch-20260822T180830-a18476,TC02-20260822T180916537169-run4-75de4d,TC02,cloud_failure_with_stateful_edge_failover,4,workload,10,v41-TC02-4-10-15baf453,0.2,EDGE_DEGRADED,EDGE_DEGRADED,True,failed,available,,,not_attempted,False,,201.0,0.164638,,False,,True,edge,0.164735,Cloud Failure + Stateful Edge Failover
2026-08-22 18:09:22.600,4.1,TC02-batch-20260822T180830-a18476,TC02-20260822T180916537169-run4-75de4d,TC02,cloud_failure_with_stateful_edge_failover,4,workload,11,v41-TC02-4-11-1cab2e17,0.2,EDGE_DEGRADED,EDGE_DEGRADED,True,failed,available,,,not_attempted,False,,201.0,0.188554,,False,,True,edge,0.188646,Cloud Failure + Stateful Edge Failover
2026-08-22 18:09:22.978,4.1,TC02-batch-20260822T180830-a18476,TC02-20260822T180916537169-run4-75de4d,TC02,cloud_failure_with_stateful_edge_failover,4,workload,12,v41-TC02-4-12-be789e4f,0.2,EDGE_DEGRADED,EDGE_DEGRADED,True,failed,available,,,not_attempted,False,,201.0,0.176615,,False,,True,edge,0.176718,Cloud Failure + Stateful Edge Failover
2026-08-22 18:09:23.359,4.1,TC02-batch-20260822T180830-a18476,TC02-20260822T180916537169-run4-75de4d,TC02,cloud_failure_with_stateful_edge_failover,4,workload,13,v41-TC02-4-13-27192493,0.2,EDGE_DEGRADED,EDGE_DEGRADED,True,failed,available,,,not_attempted,False,,201.0,0.179346,,False,,True,edge,0.179559,Cloud Failure + Stateful Edge Failover
2026-08-22 18:09:23.743,4.1,TC02-batch-20260822T180830-a18476,TC02-20260822T180916537169-run4-75de4d,TC02,cloud_failure_with_stateful_edge_failover,4,workload,14,v41-TC02-4-14-227f7853,0.2,EDGE_DEGRADED,EDGE_DEGRADED,True,failed,available,,,not_attempted,False,,201.0,0.18152,,False,,True,edge,0.181586,Cloud Failure + Stateful Edge Failover
2026-08-22 18:09:24.126,4.1,TC02-batch-20260822T180830-a18476,TC02-20260822T180916537169-run4-75de4d,TC02,cloud_failure_with_stateful_edge_failover,4,workload,15,v41-TC02-4-15-6d8622e4,0.2,EDGE_DEGRADED,EDGE_DEGRADED,True,failed,available,,,not_attempted,False,,201.0,0.180292,,False,,True,edge,0.180417,Cloud Failure + Stateful Edge Failover
2026-08-22 18:09:24.512,4.1,TC02-batch-20260822T180830-a18476,TC02-20260822T180916537169-run4-75de4d,TC02,cloud_failure_with_stateful_edge_failover,4,workload,16,v41-TC02-4-16-ffd10b0d,0.2,EDGE_DEGRADED,EDGE_DEGRADED,True,failed,available,,,not_attempted,False,,201.0,0.1848,,False,,True,edge,0.184915,Cloud Failure + Stateful Edge Failover
2026-08-22 18:09:24.878,4.1,TC02-batch-20260822T180830-a18476,TC02-20260822T180916537169-run4-75de4d,TC02,cloud_failure_with_stateful_edge_failover,4,workload,17,v41-TC02-4-17-b1da4f9d,0.2,EDGE_DEGRADED,EDGE_DEGRADED,True,failed,available,,,not_attempted,False,,201.0,0.164878,,False,,True,edge,0.165004,Cloud Failure + Stateful Edge Failover
2026-08-22 18:09:25.279,4.1,TC02-batch-20260822T180830-a18476,TC02-20260822T180916537169-run4-75de4d,TC02,cloud_failure_with_stateful_edge_failover,4,workload,18,v41-TC02-4-18-521a6d58,0.2,EDGE_DEGRADED,EDGE_DEGRADED,True,failed,available,,,not_attempted,False,,201.0,0.199288,,False,,True,edge,0.199476,Cloud Failure + Stateful Edge Failover
2026-08-22 18:09:25.690,4.1,TC02-batch-20260822T180830-a18476,TC02-20260822T180916537169-run4-75de4d,TC02,cloud_failure_with_stateful_edge_failover,4,workload,19,v41-TC02-4-19-817ce38e,0.2,EDGE_DEGRADED,EDGE_DEGRADED,True,failed,available,,,not_attempted,False,,201.0,0.206985,,False,,True,edge,0.207127,Cloud Failure + Stateful Edge Failover
2026-08-22 18:09:26.067,4.1,TC02-batch-20260822T180830-a18476,TC02-20260822T180916537169-run4-75de4d,TC02,cloud_failure_with_stateful_edge_failover,4,workload,20,v41-TC02-4-20-cfa355eb,0.2,EDGE_DEGRADED,EDGE_DEGRADED,True,failed,available,,,not_attempted,False,,201.0,0.174738,,False,,True,edge,0.174805,Cloud Failure + Stateful Edge Failover
2026-08-22 18:09:26.458,4.1,TC02-batch-20260822T180830-a18476,TC02-20260822T180916537169-run4-75de4d,TC02,cloud_failure_with_stateful_edge_failover,4,workload,21,v41-TC02-4-21-54cbd8c9,0.2,EDGE_DEGRADED,EDGE_DEGRADED,True,failed,available,,,not_attempted,False,,201.0,0.189583,,False,,True,edge,0.189767,Cloud Failure + Stateful Edge Failover
2026-08-22 18:09:26.844,4.1,TC02-batch-20260822T180830-a18476,TC02-20260822T180916537169-run4-75de4d,TC02,cloud_failure_with_stateful_edge_failover,4,workload,22,v41-TC02-4-22-7692563a,0.2,EDGE_DEGRADED,EDGE_DEGRADED,True,failed,available,,,not_attempted,False,,201.0,0.18342,,False,,True,edge,0.183527,Cloud Failure + Stateful Edge Failover
2026-08-22 18:09:27.222,4.1,TC02-batch-20260822T180830-a18476,TC02-20260822T180916537169-run4-75de4d,TC02,cloud_failure_with_stateful_edge_failover,4,workload,23,v41-TC02-4-23-e3332045,0.2,EDGE_DEGRADED,EDGE_DEGRADED,True,failed,available,,,not_attempted,False,,201.0,0.175961,,False,,True,edge,0.176066,Cloud Failure + Stateful Edge Failover
2026-08-22 18:09:27.611,4.1,TC02-batch-20260822T180830-a18476,TC02-20260822T180916537169-run4-75de4d,TC02,cloud_failure_with_stateful_edge_failover,4,workload,24,v41-TC02-4-24-3243faca,0.2,EDGE_DEGRADED,EDGE_DEGRADED,True,failed,available,,,not_attempted,False,,201.0,0.188147,,False,,True,edge,0.188246,Cloud Failure + Stateful Edge Failover
2026-08-22 18:09:27.989,4.1,TC02-batch-20260822T180830-a18476,TC02-20260822T180916537169-run4-75de4d,TC02,cloud_failure_with_stateful_edge_failover,4,workload,25,v41-TC02-4-25-9ef356a4,0.2,EDGE_DEGRADED,EDGE_DEGRADED,True,failed,available,,,not_attempted,False,,201.0,0.176352,,False,,True,edge,0.176475,Cloud Failure + Stateful Edge Failover
2026-08-22 18:09:28.371,4.1,TC02-batch-20260822T180830-a18476,TC02-20260822T180916537169-run4-75de4d,TC02,cloud_failure_with_stateful_edge_failover,4,workload,26,v41-TC02-4-26-7edc48f1,0.2,EDGE_DEGRADED,EDGE_DEGRADED,True,failed,available,,,not_attempted,False,,201.0,0.179485,,False,,True,edge,0.179593,Cloud Failure + Stateful Edge Failover
2026-08-22 18:09:28.754,4.1,TC02-batch-20260822T180830-a18476,TC02-20260822T180916537169-run4-75de4d,TC02,cloud_failure_with_stateful_edge_failover,4,workload,27,v41-TC02-4-27-65ffe866,0.2,EDGE_DEGRADED,EDGE_DEGRADED,True,failed,available,,,not_attempted,False,,201.0,0.182057,,False,,True,edge,0.182139,Cloud Failure + Stateful Edge Failover
2026-08-22 18:09:29.156,4.1,TC02-batch-20260822T180830-a18476,TC02-20260822T180916537169-run4-75de4d,TC02,cloud_failure_with_stateful_edge_failover,4,workload,28,v41-TC02-4-28-992f5e11,0.2,EDGE_DEGRADED,EDGE_DEGRADED,True,failed,available,,,not_attempted,False,,201.0,0.20001,,False,,True,edge,0.200104,Cloud Failure + Stateful Edge Failover
2026-08-22 18:09:29.543,4.1,TC02-batch-20260822T180830-a18476,TC02-20260822T180916537169-run4-75de4d,TC02,cloud_failure_with_stateful_edge_failover,4,workload,29,v41-TC02-4-29-db7062a5,0.2,EDGE_DEGRADED,EDGE_DEGRADED,True,failed,available,,,not_attempted,False,,201.0,0.185953,,False,,True,edge,0.186026,Cloud Failure + Stateful Edge Failover
2026-08-22 18:09:29.924,4.1,TC02-batch-20260822T180830-a18476,TC02-20260822T180916537169-run4-75de4d,TC02,cloud_failure_with_stateful_edge_failover,4,workload,30,v41-TC02-4-30-a2d34e96,0.2,EDGE_DEGRADED,EDGE_DEGRADED,True,failed,available,,,not_attempted,False,,201.0,0.179682,,False,,True,edge,0.179841,Cloud Failure + Stateful Edge Failover
2026-08-22 18:09:33.760,4.1,TC02-batch-20260822T180830-a18476,TC02-20260822T180931546429-run5-ec5b60,TC02,cloud_failure_with_stateful_edge_failover,5,workload,1,v41-TC02-5-1-9bc62000,0.2,NORMAL,EDGE_DEGRADED,True,failed,available,,2.011764,"ConnectTimeout: HTTPConnectionPool(host='127.0.0.1', port=5000): Max retries exceeded with url: /add_order (Caused by ConnectTimeoutError(<HTTPConnection(host='127.0.0.1', port=5000) at 0x1471046b570>, 'Connection to 127.0.0.1 timed out. (connect timeout=2.0)'))",True,2.011764,201.0,0.188198,,True,2.200568,True,edge,2.200576,Cloud Failure + Stateful Edge Failover
2026-08-22 18:09:34.148,4.1,TC02-batch-20260822T180830-a18476,TC02-20260822T180931546429-run5-ec5b60,TC02,cloud_failure_with_stateful_edge_failover,5,workload,2,v41-TC02-5-2-9c3bcdef,0.2,EDGE_DEGRADED,EDGE_DEGRADED,True,failed,available,,,not_attempted,False,,201.0,0.183159,,False,,True,edge,0.183326,Cloud Failure + Stateful Edge Failover
2026-08-22 18:09:34.525,4.1,TC02-batch-20260822T180830-a18476,TC02-20260822T180931546429-run5-ec5b60,TC02,cloud_failure_with_stateful_edge_failover,5,workload,3,v41-TC02-5-3-80ba5ed4,0.2,EDGE_DEGRADED,EDGE_DEGRADED,True,failed,available,,,not_attempted,False,,201.0,0.173994,,False,,True,edge,0.174187,Cloud Failure + Stateful Edge Failover
2026-08-22 18:09:34.946,4.1,TC02-batch-20260822T180830-a18476,TC02-20260822T180931546429-run5-ec5b60,TC02,cloud_failure_with_stateful_edge_failover,5,workload,4,v41-TC02-5-4-48234f09,0.2,EDGE_DEGRADED,EDGE_DEGRADED,True,failed,available,,,not_attempted,False,,201.0,0.218881,,False,,True,edge,0.218981,Cloud Failure + Stateful Edge Failover
2026-08-22 18:09:35.325,4.1,TC02-batch-20260822T180830-a18476,TC02-20260822T180931546429-run5-ec5b60,TC02,cloud_failure_with_stateful_edge_failover,5,workload,5,v41-TC02-5-5-70a22fab,0.2,EDGE_DEGRADED,EDGE_DEGRADED,True,failed,available,,,not_attempted,False,,201.0,0.167955,,False,,True,edge,0.168151,Cloud Failure + Stateful Edge Failover
2026-08-22 18:09:35.711,4.1,TC02-batch-20260822T180830-a18476,TC02-20260822T180931546429-run5-ec5b60,TC02,cloud_failure_with_stateful_edge_failover,5,workload,6,v41-TC02-5-6-606ef3ec,0.2,EDGE_DEGRADED,EDGE_DEGRADED,True,failed,available,,,not_attempted,False,,201.0,0.183637,,False,,True,edge,0.183742,Cloud Failure + Stateful Edge Failover
2026-08-22 18:09:36.133,4.1,TC02-batch-20260822T180830-a18476,TC02-20260822T180931546429-run5-ec5b60,TC02,cloud_failure_with_stateful_edge_failover,5,workload,7,v41-TC02-5-7-4c593b0f,0.2,EDGE_DEGRADED,EDGE_DEGRADED,True,failed,available,,,not_attempted,False,,201.0,0.219353,,False,,True,edge,0.219478,Cloud Failure + Stateful Edge Failover
2026-08-22 18:09:36.533,4.1,TC02-batch-20260822T180830-a18476,TC02-20260822T180931546429-run5-ec5b60,TC02,cloud_failure_with_stateful_edge_failover,5,workload,8,v41-TC02-5-8-c04c7c02,0.2,EDGE_DEGRADED,EDGE_DEGRADED,True,failed,available,,,not_attempted,False,,201.0,0.198667,,False,,True,edge,0.198732,Cloud Failure + Stateful Edge Failover
2026-08-22 18:09:36.912,4.1,TC02-batch-20260822T180830-a18476,TC02-20260822T180931546429-run5-ec5b60,TC02,cloud_failure_with_stateful_edge_failover,5,workload,9,v41-TC02-5-9-a60a3e45,0.2,EDGE_DEGRADED,EDGE_DEGRADED,True,failed,available,,,not_attempted,False,,201.0,0.175954,,False,,True,edge,0.17607,Cloud Failure + Stateful Edge Failover
2026-08-22 18:09:37.314,4.1,TC02-batch-20260822T180830-a18476,TC02-20260822T180931546429-run5-ec5b60,TC02,cloud_failure_with_stateful_edge_failover,5,workload,10,v41-TC02-5-10-d886c059,0.2,EDGE_DEGRADED,EDGE_DEGRADED,True,failed,available,,,not_attempted,False,,201.0,0.189402,,False,,True,edge,0.189603,Cloud Failure + Stateful Edge Failover
2026-08-22 18:09:37.711,4.1,TC02-batch-20260822T180830-a18476,TC02-20260822T180931546429-run5-ec5b60,TC02,cloud_failure_with_stateful_edge_failover,5,workload,11,v41-TC02-5-11-f3b20588,0.2,EDGE_DEGRADED,EDGE_DEGRADED,True,failed,available,,,not_attempted,False,,201.0,0.19384,,False,,True,edge,0.19395,Cloud Failure + Stateful Edge Failover
2026-08-22 18:09:38.112,4.1,TC02-batch-20260822T180830-a18476,TC02-20260822T180931546429-run5-ec5b60,TC02,cloud_failure_with_stateful_edge_failover,5,workload,12,v41-TC02-5-12-5733f56b,0.2,EDGE_DEGRADED,EDGE_DEGRADED,True,failed,available,,,not_attempted,False,,201.0,0.195076,,False,,True,edge,0.195205,Cloud Failure + Stateful Edge Failover
2026-08-22 18:09:38.500,4.1,TC02-batch-20260822T180830-a18476,TC02-20260822T180931546429-run5-ec5b60,TC02,cloud_failure_with_stateful_edge_failover,5,workload,13,v41-TC02-5-13-4c5c756a,0.2,EDGE_DEGRADED,EDGE_DEGRADED,True,failed,available,,,not_attempted,False,,201.0,0.184026,,False,,True,edge,0.184096,Cloud Failure + Stateful Edge Failover
2026-08-22 18:09:38.889,4.1,TC02-batch-20260822T180830-a18476,TC02-20260822T180931546429-run5-ec5b60,TC02,cloud_failure_with_stateful_edge_failover,5,workload,14,v41-TC02-5-14-8d640dda,0.2,EDGE_DEGRADED,EDGE_DEGRADED,True,failed,available,,,not_attempted,False,,201.0,0.188153,,False,,True,edge,0.188273,Cloud Failure + Stateful Edge Failover
2026-08-22 18:09:39.266,4.1,TC02-batch-20260822T180830-a18476,TC02-20260822T180931546429-run5-ec5b60,TC02,cloud_failure_with_stateful_edge_failover,5,workload,15,v41-TC02-5-15-3d6604db,0.2,EDGE_DEGRADED,EDGE_DEGRADED,True,failed,available,,,not_attempted,False,,201.0,0.175711,,False,,True,edge,0.175796,Cloud Failure + Stateful Edge Failover
2026-08-22 18:09:39.644,4.1,TC02-batch-20260822T180830-a18476,TC02-20260822T180931546429-run5-ec5b60,TC02,cloud_failure_with_stateful_edge_failover,5,workload,16,v41-TC02-5-16-5ecd046b,0.2,EDGE_DEGRADED,EDGE_DEGRADED,True,failed,available,,,not_attempted,False,,201.0,0.175968,,False,,True,edge,0.176058,Cloud Failure + Stateful Edge Failover
2026-08-22 18:09:40.033,4.1,TC02-batch-20260822T180830-a18476,TC02-20260822T180931546429-run5-ec5b60,TC02,cloud_failure_with_stateful_edge_failover,5,workload,17,v41-TC02-5-17-891e9167,0.2,EDGE_DEGRADED,EDGE_DEGRADED,True,failed,available,,,not_attempted,False,,201.0,0.186774,,False,,True,edge,0.186838,Cloud Failure + Stateful Edge Failover
2026-08-22 18:09:40.422,4.1,TC02-batch-20260822T180830-a18476,TC02-20260822T180931546429-run5-ec5b60,TC02,cloud_failure_with_stateful_edge_failover,5,workload,18,v41-TC02-5-18-0eb3afbc,0.2,EDGE_DEGRADED,EDGE_DEGRADED,True,failed,available,,,not_attempted,False,,201.0,0.18729,,False,,True,edge,0.187381,Cloud Failure + Stateful Edge Failover
2026-08-22 18:09:40.812,4.1,TC02-batch-20260822T180830-a18476,TC02-20260822T180931546429-run5-ec5b60,TC02,cloud_failure_with_stateful_edge_failover,5,workload,19,v41-TC02-5-19-9768ac2b,0.2,EDGE_DEGRADED,EDGE_DEGRADED,True,failed,available,,,not_attempted,False,,201.0,0.187184,,False,,True,edge,0.18725,Cloud Failure + Stateful Edge Failover
2026-08-22 18:09:41.189,4.1,TC02-batch-20260822T180830-a18476,TC02-20260822T180931546429-run5-ec5b60,TC02,cloud_failure_with_stateful_edge_failover,5,workload,20,v41-TC02-5-20-0b795201,0.2,EDGE_DEGRADED,EDGE_DEGRADED,True,failed,available,,,not_attempted,False,,201.0,0.175286,,False,,True,edge,0.175381,Cloud Failure + Stateful Edge Failover
2026-08-22 18:09:41.569,4.1,TC02-batch-20260822T180830-a18476,TC02-20260822T180931546429-run5-ec5b60,TC02,cloud_failure_with_stateful_edge_failover,5,workload,21,v41-TC02-5-21-74c0fae1,0.2,EDGE_DEGRADED,EDGE_DEGRADED,True,failed,available,,,not_attempted,False,,201.0,0.177115,,False,,True,edge,0.177387,Cloud Failure + Stateful Edge Failover
2026-08-22 18:09:41.958,4.1,TC02-batch-20260822T180830-a18476,TC02-20260822T180931546429-run5-ec5b60,TC02,cloud_failure_with_stateful_edge_failover,5,workload,22,v41-TC02-5-22-f8657c94,0.2,EDGE_DEGRADED,EDGE_DEGRADED,True,failed,available,,,not_attempted,False,,201.0,0.179769,,False,,True,edge,0.17987,Cloud Failure + Stateful Edge Failover
2026-08-22 18:09:42.359,4.1,TC02-batch-20260822T180830-a18476,TC02-20260822T180931546429-run5-ec5b60,TC02,cloud_failure_with_stateful_edge_failover,5,workload,23,v41-TC02-5-23-0416c9f9,0.2,EDGE_DEGRADED,EDGE_DEGRADED,True,failed,available,,,not_attempted,False,,201.0,0.196874,,False,,True,edge,0.196961,Cloud Failure + Stateful Edge Failover
2026-08-22 18:09:42.724,4.1,TC02-batch-20260822T180830-a18476,TC02-20260822T180931546429-run5-ec5b60,TC02,cloud_failure_with_stateful_edge_failover,5,workload,24,v41-TC02-5-24-f627dd07,0.2,EDGE_DEGRADED,EDGE_DEGRADED,True,failed,available,,,not_attempted,False,,201.0,0.162904,,False,,True,edge,0.163012,Cloud Failure + Stateful Edge Failover
2026-08-22 18:09:43.112,4.1,TC02-batch-20260822T180830-a18476,TC02-20260822T180931546429-run5-ec5b60,TC02,cloud_failure_with_stateful_edge_failover,5,workload,25,v41-TC02-5-25-c49c8695,0.2,EDGE_DEGRADED,EDGE_DEGRADED,True,failed,available,,,not_attempted,False,,201.0,0.185638,,False,,True,edge,0.185727,Cloud Failure + Stateful Edge Failover
2026-08-22 18:09:43.520,4.1,TC02-batch-20260822T180830-a18476,TC02-20260822T180931546429-run5-ec5b60,TC02,cloud_failure_with_stateful_edge_failover,5,workload,26,v41-TC02-5-26-0b63fd7c,0.2,EDGE_DEGRADED,EDGE_DEGRADED,True,failed,available,,,not_attempted,False,,201.0,0.20665,,False,,True,edge,0.206933,Cloud Failure + Stateful Edge Failover
2026-08-22 18:09:43.889,4.1,TC02-batch-20260822T180830-a18476,TC02-20260822T180931546429-run5-ec5b60,TC02,cloud_failure_with_stateful_edge_failover,5,workload,27,v41-TC02-5-27-59b12eff,0.2,EDGE_DEGRADED,EDGE_DEGRADED,True,failed,available,,,not_attempted,False,,201.0,0.154598,,False,,True,edge,0.154665,Cloud Failure + Stateful Edge Failover
2026-08-22 18:09:44.255,4.1,TC02-batch-20260822T180830-a18476,TC02-20260822T180931546429-run5-ec5b60,TC02,cloud_failure_with_stateful_edge_failover,5,workload,28,v41-TC02-5-28-449ccdb6,0.2,EDGE_DEGRADED,EDGE_DEGRADED,True,failed,available,,,not_attempted,False,,201.0,0.164571,,False,,True,edge,0.164658,Cloud Failure + Stateful Edge Failover
2026-08-22 18:09:44.623,4.1,TC02-batch-20260822T180830-a18476,TC02-20260822T180931546429-run5-ec5b60,TC02,cloud_failure_with_stateful_edge_failover,5,workload,29,v41-TC02-5-29-6c8f81f5,0.2,EDGE_DEGRADED,EDGE_DEGRADED,True,failed,available,,,not_attempted,False,,201.0,0.163519,,False,,True,edge,0.163646,Cloud Failure + Stateful Edge Failover
2026-08-22 18:09:45.011,4.1,TC02-batch-20260822T180830-a18476,TC02-20260822T180931546429-run5-ec5b60,TC02,cloud_failure_with_stateful_edge_failover,5,workload,30,v41-TC02-5-30-dfdfc5e7,0.2,EDGE_DEGRADED,EDGE_DEGRADED,True,failed,available,,,not_attempted,False,,201.0,0.185834,,False,,True,edge,0.185896,Cloud Failure + Stateful Edge Failover
2026-08-22 18:09:48.825,4.1,TC02-batch-20260822T180830-a18476,TC02-20260822T180946594257-run6-6b5397,TC02,cloud_failure_with_stateful_edge_failover,6,workload,1,v41-TC02-6-1-1f959a7d,0.2,NORMAL,EDGE_DEGRADED,True,failed,available,,2.008411,"ConnectTimeout: HTTPConnectionPool(host='127.0.0.1', port=5000): Max retries exceeded with url: /add_order (Caused by ConnectTimeoutError(<HTTPConnection(host='127.0.0.1', port=5000) at 0x1471046a9c0>, 'Connection to 127.0.0.1 timed out. (connect timeout=2.0)'))",True,2.008411,201.0,0.20022,,True,2.208858,True,edge,2.208867,Cloud Failure + Stateful Edge Failover
2026-08-22 18:09:49.238,4.1,TC02-batch-20260822T180830-a18476,TC02-20260822T180946594257-run6-6b5397,TC02,cloud_failure_with_stateful_edge_failover,6,workload,2,v41-TC02-6-2-04438dbf,0.2,EDGE_DEGRADED,EDGE_DEGRADED,True,failed,available,,,not_attempted,False,,201.0,0.209902,,False,,True,edge,0.210179,Cloud Failure + Stateful Edge Failover
2026-08-22 18:09:49.626,4.1,TC02-batch-20260822T180830-a18476,TC02-20260822T180946594257-run6-6b5397,TC02,cloud_failure_with_stateful_edge_failover,6,workload,3,v41-TC02-6-3-dcdc83c5,0.2,EDGE_DEGRADED,EDGE_DEGRADED,True,failed,available,,,not_attempted,False,,201.0,0.181557,,False,,True,edge,0.181749,Cloud Failure + Stateful Edge Failover
2026-08-22 18:09:50.056,4.1,TC02-batch-20260822T180830-a18476,TC02-20260822T180946594257-run6-6b5397,TC02,cloud_failure_with_stateful_edge_failover,6,workload,4,v41-TC02-6-4-6e2adcc2,0.2,EDGE_DEGRADED,EDGE_DEGRADED,True,failed,available,,,not_attempted,False,,201.0,0.225853,,False,,True,edge,0.225938,Cloud Failure + Stateful Edge Failover
2026-08-22 18:09:50.425,4.1,TC02-batch-20260822T180830-a18476,TC02-20260822T180946594257-run6-6b5397,TC02,cloud_failure_with_stateful_edge_failover,6,workload,5,v41-TC02-6-5-708d9081,0.2,EDGE_DEGRADED,EDGE_DEGRADED,True,failed,available,,,not_attempted,False,,201.0,0.166101,,False,,True,edge,0.166219,Cloud Failure + Stateful Edge Failover
2026-08-22 18:09:50.800,4.1,TC02-batch-20260822T180830-a18476,TC02-20260822T180946594257-run6-6b5397,TC02,cloud_failure_with_stateful_edge_failover,6,workload,6,v41-TC02-6-6-847025d1,0.2,EDGE_DEGRADED,EDGE_DEGRADED,True,failed,available,,,not_attempted,False,,201.0,0.172544,,False,,True,edge,0.17265,Cloud Failure + Stateful Edge Failover
2026-08-22 18:09:51.202,4.1,TC02-batch-20260822T180830-a18476,TC02-20260822T180946594257-run6-6b5397,TC02,cloud_failure_with_stateful_edge_failover,6,workload,7,v41-TC02-6-7-384c6785,0.2,EDGE_DEGRADED,EDGE_DEGRADED,True,failed,available,,,not_attempted,False,,201.0,0.197833,,False,,True,edge,0.198711,Cloud Failure + Stateful Edge Failover
2026-08-22 18:09:51.600,4.1,TC02-batch-20260822T180830-a18476,TC02-20260822T180946594257-run6-6b5397,TC02,cloud_failure_with_stateful_edge_failover,6,workload,8,v41-TC02-6-8-5c4b394e,0.2,EDGE_DEGRADED,EDGE_DEGRADED,True,failed,available,,,not_attempted,False,,201.0,0.195286,,False,,True,edge,0.195408,Cloud Failure + Stateful Edge Failover
2026-08-22 18:09:51.978,4.1,TC02-batch-20260822T180830-a18476,TC02-20260822T180946594257-run6-6b5397,TC02,cloud_failure_with_stateful_edge_failover,6,workload,9,v41-TC02-6-9-e0b67cc5,0.2,EDGE_DEGRADED,EDGE_DEGRADED,True,failed,available,,,not_attempted,False,,201.0,0.173927,,False,,True,edge,0.173994,Cloud Failure + Stateful Edge Failover
2026-08-22 18:09:52.346,4.1,TC02-batch-20260822T180830-a18476,TC02-20260822T180946594257-run6-6b5397,TC02,cloud_failure_with_stateful_edge_failover,6,workload,10,v41-TC02-6-10-15addf24,0.2,EDGE_DEGRADED,EDGE_DEGRADED,True,failed,available,,,not_attempted,False,,201.0,0.166533,,False,,True,edge,0.166649,Cloud Failure + Stateful Edge Failover
2026-08-22 18:09:52.768,4.1,TC02-batch-20260822T180830-a18476,TC02-20260822T180946594257-run6-6b5397,TC02,cloud_failure_with_stateful_edge_failover,6,workload,11,v41-TC02-6-11-6b1af5f7,0.2,EDGE_DEGRADED,EDGE_DEGRADED,True,failed,available,,,not_attempted,False,,201.0,0.217344,,False,,True,edge,0.217443,Cloud Failure + Stateful Edge Failover
2026-08-22 18:09:53.135,4.1,TC02-batch-20260822T180830-a18476,TC02-20260822T180946594257-run6-6b5397,TC02,cloud_failure_with_stateful_edge_failover,6,workload,12,v41-TC02-6-12-2e24805b,0.2,EDGE_DEGRADED,EDGE_DEGRADED,True,failed,available,,,not_attempted,False,,201.0,0.165257,,False,,True,edge,0.16535,Cloud Failure + Stateful Edge Failover
2026-08-22 18:09:53.512,4.1,TC02-batch-20260822T180830-a18476,TC02-20260822T180946594257-run6-6b5397,TC02,cloud_failure_with_stateful_edge_failover,6,workload,13,v41-TC02-6-13-6f7d2752,0.2,EDGE_DEGRADED,EDGE_DEGRADED,True,failed,available,,,not_attempted,False,,201.0,0.174592,,False,,True,edge,0.17466,Cloud Failure + Stateful Edge Failover
2026-08-22 18:09:53.890,4.1,TC02-batch-20260822T180830-a18476,TC02-20260822T180946594257-run6-6b5397,TC02,cloud_failure_with_stateful_edge_failover,6,workload,14,v41-TC02-6-14-7d9af342,0.2,EDGE_DEGRADED,EDGE_DEGRADED,True,failed,available,,,not_attempted,False,,201.0,0.176545,,False,,True,edge,0.176667,Cloud Failure + Stateful Edge Failover
2026-08-22 18:09:54.256,4.1,TC02-batch-20260822T180830-a18476,TC02-20260822T180946594257-run6-6b5397,TC02,cloud_failure_with_stateful_edge_failover,6,workload,15,v41-TC02-6-15-947484a6,0.2,EDGE_DEGRADED,EDGE_DEGRADED,True,failed,available,,,not_attempted,False,,201.0,0.164466,,False,,True,edge,0.164583,Cloud Failure + Stateful Edge Failover
2026-08-22 18:09:54.667,4.1,TC02-batch-20260822T180830-a18476,TC02-20260822T180946594257-run6-6b5397,TC02,cloud_failure_with_stateful_edge_failover,6,workload,16,v41-TC02-6-16-2fd08f27,0.2,EDGE_DEGRADED,EDGE_DEGRADED,True,failed,available,,,not_attempted,False,,201.0,0.208846,,False,,True,edge,0.208948,Cloud Failure + Stateful Edge Failover
2026-08-22 18:09:55.091,4.1,TC02-batch-20260822T180830-a18476,TC02-20260822T180946594257-run6-6b5397,TC02,cloud_failure_with_stateful_edge_failover,6,workload,17,v41-TC02-6-17-db868a09,0.2,EDGE_DEGRADED,EDGE_DEGRADED,True,failed,available,,,not_attempted,False,,201.0,0.221829,,False,,True,edge,0.221988,Cloud Failure + Stateful Edge Failover
2026-08-22 18:09:55.484,4.1,TC02-batch-20260822T180830-a18476,TC02-20260822T180946594257-run6-6b5397,TC02,cloud_failure_with_stateful_edge_failover,6,workload,18,v41-TC02-6-18-96045c09,0.2,EDGE_DEGRADED,EDGE_DEGRADED,True,failed,available,,,not_attempted,False,,201.0,0.190375,,False,,True,edge,0.190491,Cloud Failure + Stateful Edge Failover
2026-08-22 18:09:55.903,4.1,TC02-batch-20260822T180830-a18476,TC02-20260822T180946594257-run6-6b5397,TC02,cloud_failure_with_stateful_edge_failover,6,workload,19,v41-TC02-6-19-571d7fbc,0.2,EDGE_DEGRADED,EDGE_DEGRADED,True,failed,available,,,not_attempted,False,,201.0,0.216209,,False,,True,edge,0.216329,Cloud Failure + Stateful Edge Failover
2026-08-22 18:09:56.313,4.1,TC02-batch-20260822T180830-a18476,TC02-20260822T180946594257-run6-6b5397,TC02,cloud_failure_with_stateful_edge_failover,6,workload,20,v41-TC02-6-20-de15cccd,0.2,EDGE_DEGRADED,EDGE_DEGRADED,True,failed,available,,,not_attempted,False,,201.0,0.206827,,False,,True,edge,0.206977,Cloud Failure + Stateful Edge Failover
2026-08-22 18:09:56.712,4.1,TC02-batch-20260822T180830-a18476,TC02-20260822T180946594257-run6-6b5397,TC02,cloud_failure_with_stateful_edge_failover,6,workload,21,v41-TC02-6-21-786e1043,0.2,EDGE_DEGRADED,EDGE_DEGRADED,True,failed,available,,,not_attempted,False,,201.0,0.195806,,False,,True,edge,0.195881,Cloud Failure + Stateful Edge Failover
2026-08-22 18:09:57.147,4.1,TC02-batch-20260822T180830-a18476,TC02-20260822T180946594257-run6-6b5397,TC02,cloud_failure_with_stateful_edge_failover,6,workload,22,v41-TC02-6-22-0a5c3bfd,0.2,EDGE_DEGRADED,EDGE_DEGRADED,True,failed,available,,,not_attempted,False,,201.0,0.233488,,False,,True,edge,0.233613,Cloud Failure + Stateful Edge Failover
2026-08-22 18:09:57.558,4.1,TC02-batch-20260822T180830-a18476,TC02-20260822T180946594257-run6-6b5397,TC02,cloud_failure_with_stateful_edge_failover,6,workload,23,v41-TC02-6-23-48a35c5a,0.2,EDGE_DEGRADED,EDGE_DEGRADED,True,failed,available,,,not_attempted,False,,201.0,0.208997,,False,,True,edge,0.209105,Cloud Failure + Stateful Edge Failover
2026-08-22 18:09:57.992,4.1,TC02-batch-20260822T180830-a18476,TC02-20260822T180946594257-run6-6b5397,TC02,cloud_failure_with_stateful_edge_failover,6,workload,24,v41-TC02-6-24-166744ee,0.2,EDGE_DEGRADED,EDGE_DEGRADED,True,failed,available,,,not_attempted,False,,201.0,0.230211,,False,,True,edge,0.230322,Cloud Failure + Stateful Edge Failover
2026-08-22 18:09:58.400,4.1,TC02-batch-20260822T180830-a18476,TC02-20260822T180946594257-run6-6b5397,TC02,cloud_failure_with_stateful_edge_failover,6,workload,25,v41-TC02-6-25-e3a838a5,0.2,EDGE_DEGRADED,EDGE_DEGRADED,True,failed,available,,,not_attempted,False,,201.0,0.206543,,False,,True,edge,0.206635,Cloud Failure + Stateful Edge Failover
2026-08-22 18:09:58.802,4.1,TC02-batch-20260822T180830-a18476,TC02-20260822T180946594257-run6-6b5397,TC02,cloud_failure_with_stateful_edge_failover,6,workload,26,v41-TC02-6-26-79cd7c13,0.2,EDGE_DEGRADED,EDGE_DEGRADED,True,failed,available,,,not_attempted,False,,201.0,0.199883,,False,,True,edge,0.200016,Cloud Failure + Stateful Edge Failover
2026-08-22 18:09:59.235,4.1,TC02-batch-20260822T180830-a18476,TC02-20260822T180946594257-run6-6b5397,TC02,cloud_failure_with_stateful_edge_failover,6,workload,27,v41-TC02-6-27-b012a060,0.2,EDGE_DEGRADED,EDGE_DEGRADED,True,failed,available,,,not_attempted,False,,201.0,0.226381,,False,,True,edge,0.226483,Cloud Failure + Stateful Edge Failover
2026-08-22 18:09:59.638,4.1,TC02-batch-20260822T180830-a18476,TC02-20260822T180946594257-run6-6b5397,TC02,cloud_failure_with_stateful_edge_failover,6,workload,28,v41-TC02-6-28-d0a46f05,0.2,EDGE_DEGRADED,EDGE_DEGRADED,True,failed,available,,,not_attempted,False,,201.0,0.195968,,False,,True,edge,0.196152,Cloud Failure + Stateful Edge Failover
2026-08-22 18:10:00.045,4.1,TC02-batch-20260822T180830-a18476,TC02-20260822T180946594257-run6-6b5397,TC02,cloud_failure_with_stateful_edge_failover,6,workload,29,v41-TC02-6-29-c7b88871,0.2,EDGE_DEGRADED,EDGE_DEGRADED,True,failed,available,,,not_attempted,False,,201.0,0.200627,,False,,True,edge,0.200745,Cloud Failure + Stateful Edge Failover
2026-08-22 18:10:00.446,4.1,TC02-batch-20260822T180830-a18476,TC02-20260822T180946594257-run6-6b5397,TC02,cloud_failure_with_stateful_edge_failover,6,workload,30,v41-TC02-6-30-062239dc,0.2,EDGE_DEGRADED,EDGE_DEGRADED,True,failed,available,,,not_attempted,False,,201.0,0.193314,,False,,True,edge,0.19342,Cloud Failure + Stateful Edge Failover
2026-08-22 18:10:04.337,4.1,TC02-batch-20260822T180830-a18476,TC02-20260822T181002062660-run7-8d051b,TC02,cloud_failure_with_stateful_edge_failover,7,workload,1,v41-TC02-7-1-801e0d7d,0.2,NORMAL,EDGE_DEGRADED,True,failed,available,,2.011019,"ConnectTimeout: HTTPConnectionPool(host='127.0.0.1', port=5000): Max retries exceeded with url: /add_order (Caused by ConnectTimeoutError(<HTTPConnection(host='127.0.0.1', port=5000) at 0x1471046af10>, 'Connection to 127.0.0.1 timed out. (connect timeout=2.0)'))",True,2.011019,201.0,0.246945,,True,2.258201,True,edge,2.25821,Cloud Failure + Stateful Edge Failover
2026-08-22 18:10:04.738,4.1,TC02-batch-20260822T180830-a18476,TC02-20260822T181002062660-run7-8d051b,TC02,cloud_failure_with_stateful_edge_failover,7,workload,2,v41-TC02-7-2-d6e9e508,0.2,EDGE_DEGRADED,EDGE_DEGRADED,True,failed,available,,,not_attempted,False,,201.0,0.197389,,False,,True,edge,0.197701,Cloud Failure + Stateful Edge Failover
2026-08-22 18:10:05.146,4.1,TC02-batch-20260822T180830-a18476,TC02-20260822T181002062660-run7-8d051b,TC02,cloud_failure_with_stateful_edge_failover,7,workload,3,v41-TC02-7-3-f6fa4e4a,0.2,EDGE_DEGRADED,EDGE_DEGRADED,True,failed,available,,,not_attempted,False,,201.0,0.198384,,False,,True,edge,0.198499,Cloud Failure + Stateful Edge Failover
2026-08-22 18:10:05.545,4.1,TC02-batch-20260822T180830-a18476,TC02-20260822T181002062660-run7-8d051b,TC02,cloud_failure_with_stateful_edge_failover,7,workload,4,v41-TC02-7-4-38736bf6,0.2,EDGE_DEGRADED,EDGE_DEGRADED,True,failed,available,,,not_attempted,False,,201.0,0.196708,,False,,True,edge,0.196783,Cloud Failure + Stateful Edge Failover
2026-08-22 18:10:05.939,4.1,TC02-batch-20260822T180830-a18476,TC02-20260822T181002062660-run7-8d051b,TC02,cloud_failure_with_stateful_edge_failover,7,workload,5,v41-TC02-7-5-0d5694ee,0.2,EDGE_DEGRADED,EDGE_DEGRADED,True,failed,available,,,not_attempted,False,,201.0,0.190853,,False,,True,edge,0.191051,Cloud Failure + Stateful Edge Failover
2026-08-22 18:10:06.360,4.1,TC02-batch-20260822T180830-a18476,TC02-20260822T181002062660-run7-8d051b,TC02,cloud_failure_with_stateful_edge_failover,7,workload,6,v41-TC02-7-6-acaf34ed,0.2,EDGE_DEGRADED,EDGE_DEGRADED,True,failed,available,,,not_attempted,False,,201.0,0.213579,,False,,True,edge,0.213698,Cloud Failure + Stateful Edge Failover
2026-08-22 18:10:06.746,4.1,TC02-batch-20260822T180830-a18476,TC02-20260822T181002062660-run7-8d051b,TC02,cloud_failure_with_stateful_edge_failover,7,workload,7,v41-TC02-7-7-ca48f460,0.2,EDGE_DEGRADED,EDGE_DEGRADED,True,failed,available,,,not_attempted,False,,201.0,0.180191,,False,,True,edge,0.180315,Cloud Failure + Stateful Edge Failover
2026-08-22 18:10:07.142,4.1,TC02-batch-20260822T180830-a18476,TC02-20260822T181002062660-run7-8d051b,TC02,cloud_failure_with_stateful_edge_failover,7,workload,8,v41-TC02-7-8-2b592704,0.2,EDGE_DEGRADED,EDGE_DEGRADED,True,failed,available,,,not_attempted,False,,201.0,0.193211,,False,,True,edge,0.193339,Cloud Failure + Stateful Edge Failover
2026-08-22 18:10:07.514,4.1,TC02-batch-20260822T180830-a18476,TC02-20260822T181002062660-run7-8d051b,TC02,cloud_failure_with_stateful_edge_failover,7,workload,9,v41-TC02-7-9-6cf713de,0.2,EDGE_DEGRADED,EDGE_DEGRADED,True,failed,available,,,not_attempted,False,,201.0,0.167479,,False,,True,edge,0.167612,Cloud Failure + Stateful Edge Failover
2026-08-22 18:10:07.892,4.1,TC02-batch-20260822T180830-a18476,TC02-20260822T181002062660-run7-8d051b,TC02,cloud_failure_with_stateful_edge_failover,7,workload,10,v41-TC02-7-10-c669af8b,0.2,EDGE_DEGRADED,EDGE_DEGRADED,True,failed,available,,,not_attempted,False,,201.0,0.173053,,False,,True,edge,0.173159,Cloud Failure + Stateful Edge Failover
2026-08-22 18:10:08.272,4.1,TC02-batch-20260822T180830-a18476,TC02-20260822T181002062660-run7-8d051b,TC02,cloud_failure_with_stateful_edge_failover,7,workload,11,v41-TC02-7-11-9a15c2f1,0.2,EDGE_DEGRADED,EDGE_DEGRADED,True,failed,available,,,not_attempted,False,,201.0,0.176618,,False,,True,edge,0.176774,Cloud Failure + Stateful Edge Failover
2026-08-22 18:10:08.667,4.1,TC02-batch-20260822T180830-a18476,TC02-20260822T181002062660-run7-8d051b,TC02,cloud_failure_with_stateful_edge_failover,7,workload,12,v41-TC02-7-12-1546ad40,0.2,EDGE_DEGRADED,EDGE_DEGRADED,True,failed,available,,,not_attempted,False,,201.0,0.191119,,False,,True,edge,0.191205,Cloud Failure + Stateful Edge Failover
2026-08-22 18:10:09.079,4.1,TC02-batch-20260822T180830-a18476,TC02-20260822T181002062660-run7-8d051b,TC02,cloud_failure_with_stateful_edge_failover,7,workload,13,v41-TC02-7-13-e967fc6a,0.2,EDGE_DEGRADED,EDGE_DEGRADED,True,failed,available,,,not_attempted,False,,201.0,0.209451,,False,,True,edge,0.209513,Cloud Failure + Stateful Edge Failover
2026-08-22 18:10:09.554,4.1,TC02-batch-20260822T180830-a18476,TC02-20260822T181002062660-run7-8d051b,TC02,cloud_failure_with_stateful_edge_failover,7,workload,14,v41-TC02-7-14-b5ed505e,0.2,EDGE_DEGRADED,EDGE_DEGRADED,True,failed,available,,,not_attempted,False,,201.0,0.273885,,False,,True,edge,0.273982,Cloud Failure + Stateful Edge Failover
2026-08-22 18:10:09.956,4.1,TC02-batch-20260822T180830-a18476,TC02-20260822T181002062660-run7-8d051b,TC02,cloud_failure_with_stateful_edge_failover,7,workload,15,v41-TC02-7-15-fdb59bfd,0.2,EDGE_DEGRADED,EDGE_DEGRADED,True,failed,available,,,not_attempted,False,,201.0,0.196132,,False,,True,edge,0.1962,Cloud Failure + Stateful Edge Failover
2026-08-22 18:10:10.346,4.1,TC02-batch-20260822T180830-a18476,TC02-20260822T181002062660-run7-8d051b,TC02,cloud_failure_with_stateful_edge_failover,7,workload,16,v41-TC02-7-16-23a4980b,0.2,EDGE_DEGRADED,EDGE_DEGRADED,True,failed,available,,,not_attempted,False,,201.0,0.188051,,False,,True,edge,0.188163,Cloud Failure + Stateful Edge Failover
2026-08-22 18:10:10.745,4.1,TC02-batch-20260822T180830-a18476,TC02-20260822T181002062660-run7-8d051b,TC02,cloud_failure_with_stateful_edge_failover,7,workload,17,v41-TC02-7-17-44972995,0.2,EDGE_DEGRADED,EDGE_DEGRADED,True,failed,available,,,not_attempted,False,,201.0,0.197801,,False,,True,edge,0.197862,Cloud Failure + Stateful Edge Failover
2026-08-22 18:10:11.138,4.1,TC02-batch-20260822T180830-a18476,TC02-20260822T181002062660-run7-8d051b,TC02,cloud_failure_with_stateful_edge_failover,7,workload,18,v41-TC02-7-18-11969e01,0.2,EDGE_DEGRADED,EDGE_DEGRADED,True,failed,available,,,not_attempted,False,,201.0,0.190406,,False,,True,edge,0.190514,Cloud Failure + Stateful Edge Failover
2026-08-22 18:10:11.534,4.1,TC02-batch-20260822T180830-a18476,TC02-20260822T181002062660-run7-8d051b,TC02,cloud_failure_with_stateful_edge_failover,7,workload,19,v41-TC02-7-19-c90e223a,0.2,EDGE_DEGRADED,EDGE_DEGRADED,True,failed,available,,,not_attempted,False,,201.0,0.193982,,False,,True,edge,0.194085,Cloud Failure + Stateful Edge Failover
2026-08-22 18:10:11.894,4.1,TC02-batch-20260822T180830-a18476,TC02-20260822T181002062660-run7-8d051b,TC02,cloud_failure_with_stateful_edge_failover,7,workload,20,v41-TC02-7-20-99bed5bb,0.2,EDGE_DEGRADED,EDGE_DEGRADED,True,failed,available,,,not_attempted,False,,201.0,0.156743,,False,,True,edge,0.156948,Cloud Failure + Stateful Edge Failover
2026-08-22 18:10:12.291,4.1,TC02-batch-20260822T180830-a18476,TC02-20260822T181002062660-run7-8d051b,TC02,cloud_failure_with_stateful_edge_failover,7,workload,21,v41-TC02-7-21-7e5dc8c2,0.2,EDGE_DEGRADED,EDGE_DEGRADED,True,failed,available,,,not_attempted,False,,201.0,0.193951,,False,,True,edge,0.19404,Cloud Failure + Stateful Edge Failover
2026-08-22 18:10:12.679,4.1,TC02-batch-20260822T180830-a18476,TC02-20260822T181002062660-run7-8d051b,TC02,cloud_failure_with_stateful_edge_failover,7,workload,22,v41-TC02-7-22-2c7c8ac0,0.2,EDGE_DEGRADED,EDGE_DEGRADED,True,failed,available,,,not_attempted,False,,201.0,0.186743,,False,,True,edge,0.186806,Cloud Failure + Stateful Edge Failover
2026-08-22 18:10:13.102,4.1,TC02-batch-20260822T180830-a18476,TC02-20260822T181002062660-run7-8d051b,TC02,cloud_failure_with_stateful_edge_failover,7,workload,23,v41-TC02-7-23-91379055,0.2,EDGE_DEGRADED,EDGE_DEGRADED,True,failed,available,,,not_attempted,False,,201.0,0.221477,,False,,True,edge,0.221572,Cloud Failure + Stateful Edge Failover
2026-08-22 18:10:13.494,4.1,TC02-batch-20260822T180830-a18476,TC02-20260822T181002062660-run7-8d051b,TC02,cloud_failure_with_stateful_edge_failover,7,workload,24,v41-TC02-7-24-73a892f3,0.2,EDGE_DEGRADED,EDGE_DEGRADED,True,failed,available,,,not_attempted,False,,201.0,0.188169,,False,,True,edge,0.188261,Cloud Failure + Stateful Edge Failover
2026-08-22 18:10:13.845,4.1,TC02-batch-20260822T180830-a18476,TC02-20260822T181002062660-run7-8d051b,TC02,cloud_failure_with_stateful_edge_failover,7,workload,25,v41-TC02-7-25-5adc0b6d,0.2,EDGE_DEGRADED,EDGE_DEGRADED,True,failed,available,,,not_attempted,False,,201.0,0.150465,,False,,True,edge,0.150546,Cloud Failure + Stateful Edge Failover
2026-08-22 18:10:14.213,4.1,TC02-batch-20260822T180830-a18476,TC02-20260822T181002062660-run7-8d051b,TC02,cloud_failure_with_stateful_edge_failover,7,workload,26,v41-TC02-7-26-5ff0c8b0,0.2,EDGE_DEGRADED,EDGE_DEGRADED,True,failed,available,,,not_attempted,False,,201.0,0.165806,,False,,True,edge,0.165946,Cloud Failure + Stateful Edge Failover
2026-08-22 18:10:14.568,4.1,TC02-batch-20260822T180830-a18476,TC02-20260822T181002062660-run7-8d051b,TC02,cloud_failure_with_stateful_edge_failover,7,workload,27,v41-TC02-7-27-27b376aa,0.2,EDGE_DEGRADED,EDGE_DEGRADED,True,failed,available,,,not_attempted,False,,201.0,0.153332,,False,,True,edge,0.153425,Cloud Failure + Stateful Edge Failover
2026-08-22 18:10:14.928,4.1,TC02-batch-20260822T180830-a18476,TC02-20260822T181002062660-run7-8d051b,TC02,cloud_failure_with_stateful_edge_failover,7,workload,28,v41-TC02-7-28-74c91ee0,0.2,EDGE_DEGRADED,EDGE_DEGRADED,True,failed,available,,,not_attempted,False,,201.0,0.159309,,False,,True,edge,0.159615,Cloud Failure + Stateful Edge Failover
2026-08-22 18:10:15.314,4.1,TC02-batch-20260822T180830-a18476,TC02-20260822T181002062660-run7-8d051b,TC02,cloud_failure_with_stateful_edge_failover,7,workload,29,v41-TC02-7-29-06842170,0.2,EDGE_DEGRADED,EDGE_DEGRADED,True,failed,available,,,not_attempted,False,,201.0,0.183129,,False,,True,edge,0.183274,Cloud Failure + Stateful Edge Failover
2026-08-22 18:10:15.695,4.1,TC02-batch-20260822T180830-a18476,TC02-20260822T181002062660-run7-8d051b,TC02,cloud_failure_with_stateful_edge_failover,7,workload,30,v41-TC02-7-30-8968a25e,0.2,EDGE_DEGRADED,EDGE_DEGRADED,True,failed,available,,,not_attempted,False,,201.0,0.178295,,False,,True,edge,0.178431,Cloud Failure + Stateful Edge Failover
2026-08-22 18:10:19.538,4.1,TC02-batch-20260822T180830-a18476,TC02-20260822T181017310026-run8-35d85e,TC02,cloud_failure_with_stateful_edge_failover,8,workload,1,v41-TC02-8-1-04b20d22,0.2,NORMAL,EDGE_DEGRADED,True,failed,available,,1.996788,"ConnectTimeout: HTTPConnectionPool(host='127.0.0.1', port=5000): Max retries exceeded with url: /add_order (Caused by ConnectTimeoutError(<HTTPConnection(host='127.0.0.1', port=5000) at 0x1471046b020>, 'Connection to 127.0.0.1 timed out. (connect timeout=2.0)'))",True,1.996788,201.0,0.20954,,True,2.206529,True,edge,2.206537,Cloud Failure + Stateful Edge Failover
2026-08-22 18:10:19.961,4.1,TC02-batch-20260822T180830-a18476,TC02-20260822T181017310026-run8-35d85e,TC02,cloud_failure_with_stateful_edge_failover,8,workload,2,v41-TC02-8-2-d2c602f8,0.2,EDGE_DEGRADED,EDGE_DEGRADED,True,failed,available,,,not_attempted,False,,201.0,0.219887,,False,,True,edge,0.220117,Cloud Failure + Stateful Edge Failover
2026-08-22 18:10:20.413,4.1,TC02-batch-20260822T180830-a18476,TC02-20260822T181017310026-run8-35d85e,TC02,cloud_failure_with_stateful_edge_failover,8,workload,3,v41-TC02-8-3-f44e96aa,0.2,EDGE_DEGRADED,EDGE_DEGRADED,True,failed,available,,,not_attempted,False,,201.0,0.245356,,False,,True,edge,0.245455,Cloud Failure + Stateful Edge Failover
2026-08-22 18:10:20.791,4.1,TC02-batch-20260822T180830-a18476,TC02-20260822T181017310026-run8-35d85e,TC02,cloud_failure_with_stateful_edge_failover,8,workload,4,v41-TC02-8-4-164c8cdd,0.2,EDGE_DEGRADED,EDGE_DEGRADED,True,failed,available,,,not_attempted,False,,201.0,0.176171,,False,,True,edge,0.176284,Cloud Failure + Stateful Edge Failover
2026-08-22 18:10:21.196,4.1,TC02-batch-20260822T180830-a18476,TC02-20260822T181017310026-run8-35d85e,TC02,cloud_failure_with_stateful_edge_failover,8,workload,5,v41-TC02-8-5-8cb46c1c,0.2,EDGE_DEGRADED,EDGE_DEGRADED,True,failed,available,,,not_attempted,False,,201.0,0.203655,,False,,True,edge,0.203911,Cloud Failure + Stateful Edge Failover
2026-08-22 18:10:21.592,4.1,TC02-batch-20260822T180830-a18476,TC02-20260822T181017310026-run8-35d85e,TC02,cloud_failure_with_stateful_edge_failover,8,workload,6,v41-TC02-8-6-d6b7ef60,0.2,EDGE_DEGRADED,EDGE_DEGRADED,True,failed,available,,,not_attempted,False,,201.0,0.192115,,False,,True,edge,0.192225,Cloud Failure + Stateful Edge Failover
2026-08-22 18:10:21.968,4.1,TC02-batch-20260822T180830-a18476,TC02-20260822T181017310026-run8-35d85e,TC02,cloud_failure_with_stateful_edge_failover,8,workload,7,v41-TC02-8-7-ae27b74d,0.2,EDGE_DEGRADED,EDGE_DEGRADED,True,failed,available,,,not_attempted,False,,201.0,0.174413,,False,,True,edge,0.174495,Cloud Failure + Stateful Edge Failover
2026-08-22 18:10:22.346,4.1,TC02-batch-20260822T180830-a18476,TC02-20260822T181017310026-run8-35d85e,TC02,cloud_failure_with_stateful_edge_failover,8,workload,8,v41-TC02-8-8-8c83660d,0.2,EDGE_DEGRADED,EDGE_DEGRADED,True,failed,available,,,not_attempted,False,,201.0,0.176556,,False,,True,edge,0.176641,Cloud Failure + Stateful Edge Failover
2026-08-22 18:10:22.735,4.1,TC02-batch-20260822T180830-a18476,TC02-20260822T181017310026-run8-35d85e,TC02,cloud_failure_with_stateful_edge_failover,8,workload,9,v41-TC02-8-9-13cdc8d0,0.2,EDGE_DEGRADED,EDGE_DEGRADED,True,failed,available,,,not_attempted,False,,201.0,0.187133,,False,,True,edge,0.187245,Cloud Failure + Stateful Edge Failover
2026-08-22 18:10:23.115,4.1,TC02-batch-20260822T180830-a18476,TC02-20260822T181017310026-run8-35d85e,TC02,cloud_failure_with_stateful_edge_failover,8,workload,10,v41-TC02-8-10-9897cb8f,0.2,EDGE_DEGRADED,EDGE_DEGRADED,True,failed,available,,,not_attempted,False,,201.0,0.178936,,False,,True,edge,0.179077,Cloud Failure + Stateful Edge Failover
2026-08-22 18:10:23.491,4.1,TC02-batch-20260822T180830-a18476,TC02-20260822T181017310026-run8-35d85e,TC02,cloud_failure_with_stateful_edge_failover,8,workload,11,v41-TC02-8-11-735038c5,0.2,EDGE_DEGRADED,EDGE_DEGRADED,True,failed,available,,,not_attempted,False,,201.0,0.174291,,False,,True,edge,0.174394,Cloud Failure + Stateful Edge Failover
2026-08-22 18:10:23.882,4.1,TC02-batch-20260822T180830-a18476,TC02-20260822T181017310026-run8-35d85e,TC02,cloud_failure_with_stateful_edge_failover,8,workload,12,v41-TC02-8-12-2a1699ab,0.2,EDGE_DEGRADED,EDGE_DEGRADED,True,failed,available,,,not_attempted,False,,201.0,0.189074,,False,,True,edge,0.189277,Cloud Failure + Stateful Edge Failover
2026-08-22 18:10:24.290,4.1,TC02-batch-20260822T180830-a18476,TC02-20260822T181017310026-run8-35d85e,TC02,cloud_failure_with_stateful_edge_failover,8,workload,13,v41-TC02-8-13-ccddf349,0.2,EDGE_DEGRADED,EDGE_DEGRADED,True,failed,available,,,not_attempted,False,,201.0,0.205537,,False,,True,edge,0.205642,Cloud Failure + Stateful Edge Failover
2026-08-22 18:10:24.657,4.1,TC02-batch-20260822T180830-a18476,TC02-20260822T181017310026-run8-35d85e,TC02,cloud_failure_with_stateful_edge_failover,8,workload,14,v41-TC02-8-14-c50417a6,0.2,EDGE_DEGRADED,EDGE_DEGRADED,True,failed,available,,,not_attempted,False,,201.0,0.165654,,False,,True,edge,0.165758,Cloud Failure + Stateful Edge Failover
2026-08-22 18:10:25.035,4.1,TC02-batch-20260822T180830-a18476,TC02-20260822T181017310026-run8-35d85e,TC02,cloud_failure_with_stateful_edge_failover,8,workload,15,v41-TC02-8-15-cc8aa17a,0.2,EDGE_DEGRADED,EDGE_DEGRADED,True,failed,available,,,not_attempted,False,,201.0,0.172422,,False,,True,edge,0.172543,Cloud Failure + Stateful Edge Failover
2026-08-22 18:10:25.476,4.1,TC02-batch-20260822T180830-a18476,TC02-20260822T181017310026-run8-35d85e,TC02,cloud_failure_with_stateful_edge_failover,8,workload,16,v41-TC02-8-16-812697c2,0.2,EDGE_DEGRADED,EDGE_DEGRADED,True,failed,available,,,not_attempted,False,,201.0,0.2383,,False,,True,edge,0.238426,Cloud Failure + Stateful Edge Failover
2026-08-22 18:10:25.847,4.1,TC02-batch-20260822T180830-a18476,TC02-20260822T181017310026-run8-35d85e,TC02,cloud_failure_with_stateful_edge_failover,8,workload,17,v41-TC02-8-17-af0c710c,0.2,EDGE_DEGRADED,EDGE_DEGRADED,True,failed,available,,,not_attempted,False,,201.0,0.169199,,False,,True,edge,0.16929,Cloud Failure + Stateful Edge Failover
2026-08-22 18:10:26.234,4.1,TC02-batch-20260822T180830-a18476,TC02-20260822T181017310026-run8-35d85e,TC02,cloud_failure_with_stateful_edge_failover,8,workload,18,v41-TC02-8-18-21dc031f,0.2,EDGE_DEGRADED,EDGE_DEGRADED,True,failed,available,,,not_attempted,False,,201.0,0.185771,,False,,True,edge,0.185851,Cloud Failure + Stateful Edge Failover
2026-08-22 18:10:26.635,4.1,TC02-batch-20260822T180830-a18476,TC02-20260822T181017310026-run8-35d85e,TC02,cloud_failure_with_stateful_edge_failover,8,workload,19,v41-TC02-8-19-ceba5d16,0.2,EDGE_DEGRADED,EDGE_DEGRADED,True,failed,available,,,not_attempted,False,,201.0,0.198658,,False,,True,edge,0.198729,Cloud Failure + Stateful Edge Failover
2026-08-22 18:10:27.001,4.1,TC02-batch-20260822T180830-a18476,TC02-20260822T181017310026-run8-35d85e,TC02,cloud_failure_with_stateful_edge_failover,8,workload,20,v41-TC02-8-20-f04d9c43,0.2,EDGE_DEGRADED,EDGE_DEGRADED,True,failed,available,,,not_attempted,False,,201.0,0.165368,,False,,True,edge,0.165505,Cloud Failure + Stateful Edge Failover
2026-08-22 18:10:27.382,4.1,TC02-batch-20260822T180830-a18476,TC02-20260822T181017310026-run8-35d85e,TC02,cloud_failure_with_stateful_edge_failover,8,workload,21,v41-TC02-8-21-3fc61428,0.2,EDGE_DEGRADED,EDGE_DEGRADED,True,failed,available,,,not_attempted,False,,201.0,0.179344,,False,,True,edge,0.17953,Cloud Failure + Stateful Edge Failover
2026-08-22 18:10:27.784,4.1,TC02-batch-20260822T180830-a18476,TC02-20260822T181017310026-run8-35d85e,TC02,cloud_failure_with_stateful_edge_failover,8,workload,22,v41-TC02-8-22-507cc6c5,0.2,EDGE_DEGRADED,EDGE_DEGRADED,True,failed,available,,,not_attempted,False,,201.0,0.199435,,False,,True,edge,0.199527,Cloud Failure + Stateful Edge Failover
2026-08-22 18:10:28.180,4.1,TC02-batch-20260822T180830-a18476,TC02-20260822T181017310026-run8-35d85e,TC02,cloud_failure_with_stateful_edge_failover,8,workload,23,v41-TC02-8-23-52ef8677,0.2,EDGE_DEGRADED,EDGE_DEGRADED,True,failed,available,,,not_attempted,False,,201.0,0.193592,,False,,True,edge,0.193687,Cloud Failure + Stateful Edge Failover
2026-08-22 18:10:28.559,4.1,TC02-batch-20260822T180830-a18476,TC02-20260822T181017310026-run8-35d85e,TC02,cloud_failure_with_stateful_edge_failover,8,workload,24,v41-TC02-8-24-c6e58ec4,0.2,EDGE_DEGRADED,EDGE_DEGRADED,True,failed,available,,,not_attempted,False,,201.0,0.176799,,False,,True,edge,0.176953,Cloud Failure + Stateful Edge Failover
2026-08-22 18:10:28.927,4.1,TC02-batch-20260822T180830-a18476,TC02-20260822T181017310026-run8-35d85e,TC02,cloud_failure_with_stateful_edge_failover,8,workload,25,v41-TC02-8-25-806c1f65,0.2,EDGE_DEGRADED,EDGE_DEGRADED,True,failed,available,,,not_attempted,False,,201.0,0.166713,,False,,True,edge,0.166878,Cloud Failure + Stateful Edge Failover
2026-08-22 18:10:29.290,4.1,TC02-batch-20260822T180830-a18476,TC02-20260822T181017310026-run8-35d85e,TC02,cloud_failure_with_stateful_edge_failover,8,workload,26,v41-TC02-8-26-7d08bacd,0.2,EDGE_DEGRADED,EDGE_DEGRADED,True,failed,available,,,not_attempted,False,,201.0,0.160543,,False,,True,edge,0.160626,Cloud Failure + Stateful Edge Failover
2026-08-22 18:10:29.650,4.1,TC02-batch-20260822T180830-a18476,TC02-20260822T181017310026-run8-35d85e,TC02,cloud_failure_with_stateful_edge_failover,8,workload,27,v41-TC02-8-27-37ab63c9,0.2,EDGE_DEGRADED,EDGE_DEGRADED,True,failed,available,,,not_attempted,False,,201.0,0.157023,,False,,True,edge,0.15725,Cloud Failure + Stateful Edge Failover
2026-08-22 18:10:30.034,4.1,TC02-batch-20260822T180830-a18476,TC02-20260822T181017310026-run8-35d85e,TC02,cloud_failure_with_stateful_edge_failover,8,workload,28,v41-TC02-8-28-f7713fe1,0.2,EDGE_DEGRADED,EDGE_DEGRADED,True,failed,available,,,not_attempted,False,,201.0,0.180644,,False,,True,edge,0.180741,Cloud Failure + Stateful Edge Failover
2026-08-22 18:10:30.401,4.1,TC02-batch-20260822T180830-a18476,TC02-20260822T181017310026-run8-35d85e,TC02,cloud_failure_with_stateful_edge_failover,8,workload,29,v41-TC02-8-29-46d3b264,0.2,EDGE_DEGRADED,EDGE_DEGRADED,True,failed,available,,,not_attempted,False,,201.0,0.165879,,False,,True,edge,0.165965,Cloud Failure + Stateful Edge Failover
2026-08-22 18:10:30.768,4.1,TC02-batch-20260822T180830-a18476,TC02-20260822T181017310026-run8-35d85e,TC02,cloud_failure_with_stateful_edge_failover,8,workload,30,v41-TC02-8-30-52977fff,0.2,EDGE_DEGRADED,EDGE_DEGRADED,True,failed,available,,,not_attempted,False,,201.0,0.165118,,False,,True,edge,0.165185,Cloud Failure + Stateful Edge Failover
2026-08-22 18:10:34.560,4.1,TC02-batch-20260822T180830-a18476,TC02-20260822T181032345961-run9-d687cc,TC02,cloud_failure_with_stateful_edge_failover,9,workload,1,v41-TC02-9-1-f3cf744a,0.2,NORMAL,EDGE_DEGRADED,True,failed,available,,2.007173,"ConnectTimeout: HTTPConnectionPool(host='127.0.0.1', port=5000): Max retries exceeded with url: /add_order (Caused by ConnectTimeoutError(<HTTPConnection(host='127.0.0.1', port=5000) at 0x1471046bac0>, 'Connection to 127.0.0.1 timed out. (connect timeout=2.0)'))",True,2.007173,201.0,0.185392,,True,2.192795,True,edge,2.192803,Cloud Failure + Stateful Edge Failover
2026-08-22 18:10:34.984,4.1,TC02-batch-20260822T180830-a18476,TC02-20260822T181032345961-run9-d687cc,TC02,cloud_failure_with_stateful_edge_failover,9,workload,2,v41-TC02-9-2-28417610,0.2,EDGE_DEGRADED,EDGE_DEGRADED,True,failed,available,,,not_attempted,False,,201.0,0.221144,,False,,True,edge,0.221432,Cloud Failure + Stateful Edge Failover
2026-08-22 18:10:35.395,4.1,TC02-batch-20260822T180830-a18476,TC02-20260822T181032345961-run9-d687cc,TC02,cloud_failure_with_stateful_edge_failover,9,workload,3,v41-TC02-9-3-7937c9bc,0.2,EDGE_DEGRADED,EDGE_DEGRADED,True,failed,available,,,not_attempted,False,,201.0,0.207806,,False,,True,edge,0.208059,Cloud Failure + Stateful Edge Failover
2026-08-22 18:10:35.792,4.1,TC02-batch-20260822T180830-a18476,TC02-20260822T181032345961-run9-d687cc,TC02,cloud_failure_with_stateful_edge_failover,9,workload,4,v41-TC02-9-4-c6f128d0,0.2,EDGE_DEGRADED,EDGE_DEGRADED,True,failed,available,,,not_attempted,False,,201.0,0.191235,,False,,True,edge,0.191427,Cloud Failure + Stateful Edge Failover
2026-08-22 18:10:36.219,4.1,TC02-batch-20260822T180830-a18476,TC02-20260822T181032345961-run9-d687cc,TC02,cloud_failure_with_stateful_edge_failover,9,workload,5,v41-TC02-9-5-790bfb75,0.2,EDGE_DEGRADED,EDGE_DEGRADED,True,failed,available,,,not_attempted,False,,201.0,0.224131,,False,,True,edge,0.224325,Cloud Failure + Stateful Edge Failover
2026-08-22 18:10:36.613,4.1,TC02-batch-20260822T180830-a18476,TC02-20260822T181032345961-run9-d687cc,TC02,cloud_failure_with_stateful_edge_failover,9,workload,6,v41-TC02-9-6-9069e002,0.2,EDGE_DEGRADED,EDGE_DEGRADED,True,failed,available,,,not_attempted,False,,201.0,0.191416,,False,,True,edge,0.191503,Cloud Failure + Stateful Edge Failover
2026-08-22 18:10:36.991,4.1,TC02-batch-20260822T180830-a18476,TC02-20260822T181032345961-run9-d687cc,TC02,cloud_failure_with_stateful_edge_failover,9,workload,7,v41-TC02-9-7-09d56976,0.2,EDGE_DEGRADED,EDGE_DEGRADED,True,failed,available,,,not_attempted,False,,201.0,0.177041,,False,,True,edge,0.17712,Cloud Failure + Stateful Edge Failover
2026-08-22 18:10:37.401,4.1,TC02-batch-20260822T180830-a18476,TC02-20260822T181032345961-run9-d687cc,TC02,cloud_failure_with_stateful_edge_failover,9,workload,8,v41-TC02-9-8-0bd88a0a,0.2,EDGE_DEGRADED,EDGE_DEGRADED,True,failed,available,,,not_attempted,False,,201.0,0.208897,,False,,True,edge,0.209004,Cloud Failure + Stateful Edge Failover
2026-08-22 18:10:37.791,4.1,TC02-batch-20260822T180830-a18476,TC02-20260822T181032345961-run9-d687cc,TC02,cloud_failure_with_stateful_edge_failover,9,workload,9,v41-TC02-9-9-5585714f,0.2,EDGE_DEGRADED,EDGE_DEGRADED,True,failed,available,,,not_attempted,False,,201.0,0.188022,,False,,True,edge,0.188106,Cloud Failure + Stateful Edge Failover
2026-08-22 18:10:38.168,4.1,TC02-batch-20260822T180830-a18476,TC02-20260822T181032345961-run9-d687cc,TC02,cloud_failure_with_stateful_edge_failover,9,workload,10,v41-TC02-9-10-0835a372,0.2,EDGE_DEGRADED,EDGE_DEGRADED,True,failed,available,,,not_attempted,False,,201.0,0.175485,,False,,True,edge,0.175577,Cloud Failure + Stateful Edge Failover
2026-08-22 18:10:38.560,4.1,TC02-batch-20260822T180830-a18476,TC02-20260822T181032345961-run9-d687cc,TC02,cloud_failure_with_stateful_edge_failover,9,workload,11,v41-TC02-9-11-4a4d13d1,0.2,EDGE_DEGRADED,EDGE_DEGRADED,True,failed,available,,,not_attempted,False,,201.0,0.191362,,False,,True,edge,0.191546,Cloud Failure + Stateful Edge Failover
2026-08-22 18:10:38.937,4.1,TC02-batch-20260822T180830-a18476,TC02-20260822T181032345961-run9-d687cc,TC02,cloud_failure_with_stateful_edge_failover,9,workload,12,v41-TC02-9-12-1d934b50,0.2,EDGE_DEGRADED,EDGE_DEGRADED,True,failed,available,,,not_attempted,False,,201.0,0.173586,,False,,True,edge,0.173678,Cloud Failure + Stateful Edge Failover
2026-08-22 18:10:39.347,4.1,TC02-batch-20260822T180830-a18476,TC02-20260822T181032345961-run9-d687cc,TC02,cloud_failure_with_stateful_edge_failover,9,workload,13,v41-TC02-9-13-d5c3f9ae,0.2,EDGE_DEGRADED,EDGE_DEGRADED,True,failed,available,,,not_attempted,False,,201.0,0.208749,,False,,True,edge,0.20886,Cloud Failure + Stateful Edge Failover
2026-08-22 18:10:39.735,4.1,TC02-batch-20260822T180830-a18476,TC02-20260822T181032345961-run9-d687cc,TC02,cloud_failure_with_stateful_edge_failover,9,workload,14,v41-TC02-9-14-a62d1368,0.2,EDGE_DEGRADED,EDGE_DEGRADED,True,failed,available,,,not_attempted,False,,201.0,0.186486,,False,,True,edge,0.186556,Cloud Failure + Stateful Edge Failover
2026-08-22 18:10:40.136,4.1,TC02-batch-20260822T180830-a18476,TC02-20260822T181032345961-run9-d687cc,TC02,cloud_failure_with_stateful_edge_failover,9,workload,15,v41-TC02-9-15-3072d153,0.2,EDGE_DEGRADED,EDGE_DEGRADED,True,failed,available,,,not_attempted,False,,201.0,0.199659,,False,,True,edge,0.19978,Cloud Failure + Stateful Edge Failover
2026-08-22 18:10:40.513,4.1,TC02-batch-20260822T180830-a18476,TC02-20260822T181032345961-run9-d687cc,TC02,cloud_failure_with_stateful_edge_failover,9,workload,16,v41-TC02-9-16-43417ba8,0.2,EDGE_DEGRADED,EDGE_DEGRADED,True,failed,available,,,not_attempted,False,,201.0,0.174637,,False,,True,edge,0.174747,Cloud Failure + Stateful Edge Failover
2026-08-22 18:10:40.891,4.1,TC02-batch-20260822T180830-a18476,TC02-20260822T181032345961-run9-d687cc,TC02,cloud_failure_with_stateful_edge_failover,9,workload,17,v41-TC02-9-17-7477be6c,0.2,EDGE_DEGRADED,EDGE_DEGRADED,True,failed,available,,,not_attempted,False,,201.0,0.176926,,False,,True,edge,0.177029,Cloud Failure + Stateful Edge Failover
2026-08-22 18:10:41.274,4.1,TC02-batch-20260822T180830-a18476,TC02-20260822T181032345961-run9-d687cc,TC02,cloud_failure_with_stateful_edge_failover,9,workload,18,v41-TC02-9-18-2514d011,0.2,EDGE_DEGRADED,EDGE_DEGRADED,True,failed,available,,,not_attempted,False,,201.0,0.181354,,False,,True,edge,0.181456,Cloud Failure + Stateful Edge Failover
2026-08-22 18:10:41.637,4.1,TC02-batch-20260822T180830-a18476,TC02-20260822T181032345961-run9-d687cc,TC02,cloud_failure_with_stateful_edge_failover,9,workload,19,v41-TC02-9-19-226e9745,0.2,EDGE_DEGRADED,EDGE_DEGRADED,True,failed,available,,,not_attempted,False,,201.0,0.161398,,False,,True,edge,0.161486,Cloud Failure + Stateful Edge Failover
2026-08-22 18:10:41.991,4.1,TC02-batch-20260822T180830-a18476,TC02-20260822T181032345961-run9-d687cc,TC02,cloud_failure_with_stateful_edge_failover,9,workload,20,v41-TC02-9-20-69862bcb,0.2,EDGE_DEGRADED,EDGE_DEGRADED,True,failed,available,,,not_attempted,False,,201.0,0.149042,,False,,True,edge,0.149158,Cloud Failure + Stateful Edge Failover
2026-08-22 18:10:42.391,4.1,TC02-batch-20260822T180830-a18476,TC02-20260822T181032345961-run9-d687cc,TC02,cloud_failure_with_stateful_edge_failover,9,workload,21,v41-TC02-9-21-2f797ab6,0.2,EDGE_DEGRADED,EDGE_DEGRADED,True,failed,available,,,not_attempted,False,,201.0,0.198084,,False,,True,edge,0.198202,Cloud Failure + Stateful Edge Failover
2026-08-22 18:10:42.787,4.1,TC02-batch-20260822T180830-a18476,TC02-20260822T181032345961-run9-d687cc,TC02,cloud_failure_with_stateful_edge_failover,9,workload,22,v41-TC02-9-22-a0d283be,0.2,EDGE_DEGRADED,EDGE_DEGRADED,True,failed,available,,,not_attempted,False,,201.0,0.194884,,False,,True,edge,0.195132,Cloud Failure + Stateful Edge Failover
2026-08-22 18:10:43.192,4.1,TC02-batch-20260822T180830-a18476,TC02-20260822T181032345961-run9-d687cc,TC02,cloud_failure_with_stateful_edge_failover,9,workload,23,v41-TC02-9-23-cf167d46,0.2,EDGE_DEGRADED,EDGE_DEGRADED,True,failed,available,,,not_attempted,False,,201.0,0.199292,,False,,True,edge,0.199394,Cloud Failure + Stateful Edge Failover
2026-08-22 18:10:43.581,4.1,TC02-batch-20260822T180830-a18476,TC02-20260822T181032345961-run9-d687cc,TC02,cloud_failure_with_stateful_edge_failover,9,workload,24,v41-TC02-9-24-906bdc96,0.2,EDGE_DEGRADED,EDGE_DEGRADED,True,failed,available,,,not_attempted,False,,201.0,0.188138,,False,,True,edge,0.188315,Cloud Failure + Stateful Edge Failover
2026-08-22 18:10:43.947,4.1,TC02-batch-20260822T180830-a18476,TC02-20260822T181032345961-run9-d687cc,TC02,cloud_failure_with_stateful_edge_failover,9,workload,25,v41-TC02-9-25-a0830409,0.2,EDGE_DEGRADED,EDGE_DEGRADED,True,failed,available,,,not_attempted,False,,201.0,0.163407,,False,,True,edge,0.163536,Cloud Failure + Stateful Edge Failover
2026-08-22 18:10:44.325,4.1,TC02-batch-20260822T180830-a18476,TC02-20260822T181032345961-run9-d687cc,TC02,cloud_failure_with_stateful_edge_failover,9,workload,26,v41-TC02-9-26-a37baa33,0.2,EDGE_DEGRADED,EDGE_DEGRADED,True,failed,available,,,not_attempted,False,,201.0,0.176813,,False,,True,edge,0.176898,Cloud Failure + Stateful Edge Failover
2026-08-22 18:10:44.702,4.1,TC02-batch-20260822T180830-a18476,TC02-20260822T181032345961-run9-d687cc,TC02,cloud_failure_with_stateful_edge_failover,9,workload,27,v41-TC02-9-27-16b2d8b6,0.2,EDGE_DEGRADED,EDGE_DEGRADED,True,failed,available,,,not_attempted,False,,201.0,0.175771,,False,,True,edge,0.175888,Cloud Failure + Stateful Edge Failover
2026-08-22 18:10:45.080,4.1,TC02-batch-20260822T180830-a18476,TC02-20260822T181032345961-run9-d687cc,TC02,cloud_failure_with_stateful_edge_failover,9,workload,28,v41-TC02-9-28-a1dc8bb4,0.2,EDGE_DEGRADED,EDGE_DEGRADED,True,failed,available,,,not_attempted,False,,201.0,0.175785,,False,,True,edge,0.175903,Cloud Failure + Stateful Edge Failover
2026-08-22 18:10:45.450,4.1,TC02-batch-20260822T180830-a18476,TC02-20260822T181032345961-run9-d687cc,TC02,cloud_failure_with_stateful_edge_failover,9,workload,29,v41-TC02-9-29-7d3421ba,0.2,EDGE_DEGRADED,EDGE_DEGRADED,True,failed,available,,,not_attempted,False,,201.0,0.166871,,False,,True,edge,0.166994,Cloud Failure + Stateful Edge Failover
2026-08-22 18:10:45.815,4.1,TC02-batch-20260822T180830-a18476,TC02-20260822T181032345961-run9-d687cc,TC02,cloud_failure_with_stateful_edge_failover,9,workload,30,v41-TC02-9-30-48e4d6e7,0.2,EDGE_DEGRADED,EDGE_DEGRADED,True,failed,available,,,not_attempted,False,,201.0,0.162868,,False,,True,edge,0.162962,Cloud Failure + Stateful Edge Failover
2026-08-22 18:10:49.762,4.1,TC02-batch-20260822T180830-a18476,TC02-20260822T181047451168-run10-1de0d5,TC02,cloud_failure_with_stateful_edge_failover,10,workload,1,v41-TC02-10-1-80820833,0.2,NORMAL,EDGE_DEGRADED,True,failed,available,,1.996271,"ConnectTimeout: HTTPConnectionPool(host='127.0.0.1', port=5000): Max retries exceeded with url: /add_order (Caused by ConnectTimeoutError(<HTTPConnection(host='127.0.0.1', port=5000) at 0x1471046bf00>, 'Connection to 127.0.0.1 timed out. (connect timeout=2.0)'))",True,1.996271,201.0,0.292566,,True,2.28913,True,edge,2.289143,Cloud Failure + Stateful Edge Failover
2026-08-22 18:10:50.166,4.1,TC02-batch-20260822T180830-a18476,TC02-20260822T181047451168-run10-1de0d5,TC02,cloud_failure_with_stateful_edge_failover,10,workload,2,v41-TC02-10-2-c863cfde,0.2,EDGE_DEGRADED,EDGE_DEGRADED,True,failed,available,,,not_attempted,False,,201.0,0.201001,,False,,True,edge,0.201102,Cloud Failure + Stateful Edge Failover
2026-08-22 18:10:50.582,4.1,TC02-batch-20260822T180830-a18476,TC02-20260822T181047451168-run10-1de0d5,TC02,cloud_failure_with_stateful_edge_failover,10,workload,3,v41-TC02-10-3-dc01bbba,0.2,EDGE_DEGRADED,EDGE_DEGRADED,True,failed,available,,,not_attempted,False,,201.0,0.212039,,False,,True,edge,0.212145,Cloud Failure + Stateful Edge Failover
2026-08-22 18:10:51.079,4.1,TC02-batch-20260822T180830-a18476,TC02-20260822T181047451168-run10-1de0d5,TC02,cloud_failure_with_stateful_edge_failover,10,workload,4,v41-TC02-10-4-21baaa5e,0.2,EDGE_DEGRADED,EDGE_DEGRADED,True,failed,available,,,not_attempted,False,,201.0,0.295474,,False,,True,edge,0.295546,Cloud Failure + Stateful Edge Failover
2026-08-22 18:10:51.458,4.1,TC02-batch-20260822T180830-a18476,TC02-20260822T181047451168-run10-1de0d5,TC02,cloud_failure_with_stateful_edge_failover,10,workload,5,v41-TC02-10-5-640996e8,0.2,EDGE_DEGRADED,EDGE_DEGRADED,True,failed,available,,,not_attempted,False,,201.0,0.177107,,False,,True,edge,0.177225,Cloud Failure + Stateful Edge Failover
2026-08-22 18:10:51.835,4.1,TC02-batch-20260822T180830-a18476,TC02-20260822T181047451168-run10-1de0d5,TC02,cloud_failure_with_stateful_edge_failover,10,workload,6,v41-TC02-10-6-3dbae722,0.2,EDGE_DEGRADED,EDGE_DEGRADED,True,failed,available,,,not_attempted,False,,201.0,0.175184,,False,,True,edge,0.175256,Cloud Failure + Stateful Edge Failover
2026-08-22 18:10:52.306,4.1,TC02-batch-20260822T180830-a18476,TC02-20260822T181047451168-run10-1de0d5,TC02,cloud_failure_with_stateful_edge_failover,10,workload,7,v41-TC02-10-7-dfb68697,0.2,EDGE_DEGRADED,EDGE_DEGRADED,True,failed,available,,,not_attempted,False,,201.0,0.268931,,False,,True,edge,0.269226,Cloud Failure + Stateful Edge Failover
2026-08-22 18:10:52.704,4.1,TC02-batch-20260822T180830-a18476,TC02-20260822T181047451168-run10-1de0d5,TC02,cloud_failure_with_stateful_edge_failover,10,workload,8,v41-TC02-10-8-ba9337ba,0.2,EDGE_DEGRADED,EDGE_DEGRADED,True,failed,available,,,not_attempted,False,,201.0,0.194549,,False,,True,edge,0.194695,Cloud Failure + Stateful Edge Failover
2026-08-22 18:10:53.102,4.1,TC02-batch-20260822T180830-a18476,TC02-20260822T181047451168-run10-1de0d5,TC02,cloud_failure_with_stateful_edge_failover,10,workload,9,v41-TC02-10-9-1a2e17d7,0.2,EDGE_DEGRADED,EDGE_DEGRADED,True,failed,available,,,not_attempted,False,,201.0,0.196914,,False,,True,edge,0.196984,Cloud Failure + Stateful Edge Failover
2026-08-22 18:10:53.617,4.1,TC02-batch-20260822T180830-a18476,TC02-20260822T181047451168-run10-1de0d5,TC02,cloud_failure_with_stateful_edge_failover,10,workload,10,v41-TC02-10-10-3309bbde,0.2,EDGE_DEGRADED,EDGE_DEGRADED,True,failed,available,,,not_attempted,False,,201.0,0.312864,,False,,True,edge,0.312965,Cloud Failure + Stateful Edge Failover
2026-08-22 18:10:54.025,4.1,TC02-batch-20260822T180830-a18476,TC02-20260822T181047451168-run10-1de0d5,TC02,cloud_failure_with_stateful_edge_failover,10,workload,11,v41-TC02-10-11-7f9d356d,0.2,EDGE_DEGRADED,EDGE_DEGRADED,True,failed,available,,,not_attempted,False,,201.0,0.206474,,False,,True,edge,0.206534,Cloud Failure + Stateful Edge Failover
2026-08-22 18:10:54.404,4.1,TC02-batch-20260822T180830-a18476,TC02-20260822T181047451168-run10-1de0d5,TC02,cloud_failure_with_stateful_edge_failover,10,workload,12,v41-TC02-10-12-aa42ee52,0.2,EDGE_DEGRADED,EDGE_DEGRADED,True,failed,available,,,not_attempted,False,,201.0,0.175361,,False,,True,edge,0.175477,Cloud Failure + Stateful Edge Failover
2026-08-22 18:10:54.872,4.1,TC02-batch-20260822T180830-a18476,TC02-20260822T181047451168-run10-1de0d5,TC02,cloud_failure_with_stateful_edge_failover,10,workload,13,v41-TC02-10-13-0f48b3bf,0.2,EDGE_DEGRADED,EDGE_DEGRADED,True,failed,available,,,not_attempted,False,,201.0,0.267034,,False,,True,edge,0.267221,Cloud Failure + Stateful Edge Failover
2026-08-22 18:10:55.250,4.1,TC02-batch-20260822T180830-a18476,TC02-20260822T181047451168-run10-1de0d5,TC02,cloud_failure_with_stateful_edge_failover,10,workload,14,v41-TC02-10-14-027d505e,0.2,EDGE_DEGRADED,EDGE_DEGRADED,True,failed,available,,,not_attempted,False,,201.0,0.174507,,False,,True,edge,0.174659,Cloud Failure + Stateful Edge Failover
2026-08-22 18:10:55.603,4.1,TC02-batch-20260822T180830-a18476,TC02-20260822T181047451168-run10-1de0d5,TC02,cloud_failure_with_stateful_edge_failover,10,workload,15,v41-TC02-10-15-dc4be8dc,0.2,EDGE_DEGRADED,EDGE_DEGRADED,True,failed,available,,,not_attempted,False,,201.0,0.149477,,False,,True,edge,0.14959,Cloud Failure + Stateful Edge Failover
2026-08-22 18:10:56.093,4.1,TC02-batch-20260822T180830-a18476,TC02-20260822T181047451168-run10-1de0d5,TC02,cloud_failure_with_stateful_edge_failover,10,workload,16,v41-TC02-10-16-2470d27d,0.2,EDGE_DEGRADED,EDGE_DEGRADED,True,failed,available,,,not_attempted,False,,201.0,0.287832,,False,,True,edge,0.28801,Cloud Failure + Stateful Edge Failover
2026-08-22 18:10:56.505,4.1,TC02-batch-20260822T180830-a18476,TC02-20260822T181047451168-run10-1de0d5,TC02,cloud_failure_with_stateful_edge_failover,10,workload,17,v41-TC02-10-17-2b872bfc,0.2,EDGE_DEGRADED,EDGE_DEGRADED,True,failed,available,,,not_attempted,False,,201.0,0.205997,,False,,True,edge,0.206111,Cloud Failure + Stateful Edge Failover
2026-08-22 18:10:56.849,4.1,TC02-batch-20260822T180830-a18476,TC02-20260822T181047451168-run10-1de0d5,TC02,cloud_failure_with_stateful_edge_failover,10,workload,18,v41-TC02-10-18-5218ccd7,0.2,EDGE_DEGRADED,EDGE_DEGRADED,True,failed,available,,,not_attempted,False,,201.0,0.142771,,False,,True,edge,0.14287,Cloud Failure + Stateful Edge Failover
2026-08-22 18:10:57.358,4.1,TC02-batch-20260822T180830-a18476,TC02-20260822T181047451168-run10-1de0d5,TC02,cloud_failure_with_stateful_edge_failover,10,workload,19,v41-TC02-10-19-1cee470e,0.2,EDGE_DEGRADED,EDGE_DEGRADED,True,failed,available,,,not_attempted,False,,201.0,0.307332,,False,,True,edge,0.307447,Cloud Failure + Stateful Edge Failover
2026-08-22 18:10:57.736,4.1,TC02-batch-20260822T180830-a18476,TC02-20260822T181047451168-run10-1de0d5,TC02,cloud_failure_with_stateful_edge_failover,10,workload,20,v41-TC02-10-20-e07f55cf,0.2,EDGE_DEGRADED,EDGE_DEGRADED,True,failed,available,,,not_attempted,False,,201.0,0.176026,,False,,True,edge,0.17616,Cloud Failure + Stateful Edge Failover
2026-08-22 18:10:58.116,4.1,TC02-batch-20260822T180830-a18476,TC02-20260822T181047451168-run10-1de0d5,TC02,cloud_failure_with_stateful_edge_failover,10,workload,21,v41-TC02-10-21-cf0f0971,0.2,EDGE_DEGRADED,EDGE_DEGRADED,True,failed,available,,,not_attempted,False,,201.0,0.178894,,False,,True,edge,0.179086,Cloud Failure + Stateful Edge Failover
2026-08-22 18:10:58.639,4.1,TC02-batch-20260822T180830-a18476,TC02-20260822T181047451168-run10-1de0d5,TC02,cloud_failure_with_stateful_edge_failover,10,workload,22,v41-TC02-10-22-f989816a,0.2,EDGE_DEGRADED,EDGE_DEGRADED,True,failed,available,,,not_attempted,False,,201.0,0.319424,,False,,True,edge,0.319517,Cloud Failure + Stateful Edge Failover
2026-08-22 18:10:59.026,4.1,TC02-batch-20260822T180830-a18476,TC02-20260822T181047451168-run10-1de0d5,TC02,cloud_failure_with_stateful_edge_failover,10,workload,23,v41-TC02-10-23-d8ad7d39,0.2,EDGE_DEGRADED,EDGE_DEGRADED,True,failed,available,,,not_attempted,False,,201.0,0.184551,,False,,True,edge,0.184669,Cloud Failure + Stateful Edge Failover
2026-08-22 18:10:59.415,4.1,TC02-batch-20260822T180830-a18476,TC02-20260822T181047451168-run10-1de0d5,TC02,cloud_failure_with_stateful_edge_failover,10,workload,24,v41-TC02-10-24-721690bc,0.2,EDGE_DEGRADED,EDGE_DEGRADED,True,failed,available,,,not_attempted,False,,201.0,0.186169,,False,,True,edge,0.186327,Cloud Failure + Stateful Edge Failover
2026-08-22 18:10:59.926,4.1,TC02-batch-20260822T180830-a18476,TC02-20260822T181047451168-run10-1de0d5,TC02,cloud_failure_with_stateful_edge_failover,10,workload,25,v41-TC02-10-25-67ecf3e6,0.2,EDGE_DEGRADED,EDGE_DEGRADED,True,failed,available,,,not_attempted,False,,201.0,0.308985,,False,,True,edge,0.309112,Cloud Failure + Stateful Edge Failover
2026-08-22 18:11:00.295,4.1,TC02-batch-20260822T180830-a18476,TC02-20260822T181047451168-run10-1de0d5,TC02,cloud_failure_with_stateful_edge_failover,10,workload,26,v41-TC02-10-26-fdd0d6ac,0.2,EDGE_DEGRADED,EDGE_DEGRADED,True,failed,available,,,not_attempted,False,,201.0,0.167688,,False,,True,edge,0.167803,Cloud Failure + Stateful Edge Failover
2026-08-22 18:11:00.691,4.1,TC02-batch-20260822T180830-a18476,TC02-20260822T181047451168-run10-1de0d5,TC02,cloud_failure_with_stateful_edge_failover,10,workload,27,v41-TC02-10-27-6625e925,0.2,EDGE_DEGRADED,EDGE_DEGRADED,True,failed,available,,,not_attempted,False,,201.0,0.193542,,False,,True,edge,0.193642,Cloud Failure + Stateful Edge Failover
2026-08-22 18:11:01.070,4.1,TC02-batch-20260822T180830-a18476,TC02-20260822T181047451168-run10-1de0d5,TC02,cloud_failure_with_stateful_edge_failover,10,workload,28,v41-TC02-10-28-91ab3658,0.2,EDGE_DEGRADED,EDGE_DEGRADED,True,failed,available,,,not_attempted,False,,201.0,0.17789,,False,,True,edge,0.177981,Cloud Failure + Stateful Edge Failover
2026-08-22 18:11:01.482,4.1,TC02-batch-20260822T180830-a18476,TC02-20260822T181047451168-run10-1de0d5,TC02,cloud_failure_with_stateful_edge_failover,10,workload,29,v41-TC02-10-29-92805557,0.2,EDGE_DEGRADED,EDGE_DEGRADED,True,failed,available,,,not_attempted,False,,201.0,0.206025,,False,,True,edge,0.206125,Cloud Failure + Stateful Edge Failover
2026-08-22 18:11:01.837,4.1,TC02-batch-20260822T180830-a18476,TC02-20260822T181047451168-run10-1de0d5,TC02,cloud_failure_with_stateful_edge_failover,10,workload,30,v41-TC02-10-30-afc61005,0.2,EDGE_DEGRADED,EDGE_DEGRADED,True,failed,available,,,not_attempted,False,,201.0,0.151852,,False,,True,edge,0.151969,Cloud Failure + Stateful Edge Failover
2026-08-22 18:11:25.243,4.1,TC03-batch-20260822T181123-ea0cb7,TC03-20260822T181123215561-run1-ce620d,TC03,cloud_only_failure_no_failover,1,workload,1,v41-TC03-1-1-ae8553b3,0.2,NORMAL,NORMAL,False,failed,not_used,,1.997931,"ConnectTimeout: HTTPConnectionPool(host='127.0.0.1', port=5000): Max retries exceeded with url: /add_order (Caused by ConnectTimeoutError(<HTTPConnection(host='127.0.0.1', port=5000) at 0x147103b1480>, 'Connection to 127.0.0.1 timed out. (connect timeout=2.0)'))",True,1.997931,,,not_attempted,False,,False,none,1.99798,Cloud Failure without Failover
2026-08-22 18:11:27.451,4.1,TC03-batch-20260822T181123-ea0cb7,TC03-20260822T181123215561-run1-ce620d,TC03,cloud_only_failure_no_failover,1,workload,2,v41-TC03-1-2-941ced9b,0.2,NORMAL,NORMAL,False,failed,not_used,,2.00501,"ConnectTimeout: HTTPConnectionPool(host='127.0.0.1', port=5000): Max retries exceeded with url: /add_order (Caused by ConnectTimeoutError(<HTTPConnection(host='127.0.0.1', port=5000) at 0x1471046a690>, 'Connection to 127.0.0.1 timed out. (connect timeout=2.0)'))",True,2.00501,,,not_attempted,False,,False,none,2.005053,Cloud Failure without Failover
2026-08-22 18:11:29.671,4.1,TC03-batch-20260822T181123-ea0cb7,TC03-20260822T181123215561-run1-ce620d,TC03,cloud_only_failure_no_failover,1,workload,3,v41-TC03-1-3-126f0c1b,0.2,NORMAL,NORMAL,False,failed,not_used,,2.017876,"ConnectTimeout: HTTPConnectionPool(host='127.0.0.1', port=5000): Max retries exceeded with url: /add_order (Caused by ConnectTimeoutError(<HTTPConnection(host='127.0.0.1', port=5000) at 0x1471046b570>, 'Connection to 127.0.0.1 timed out. (connect timeout=2.0)'))",True,2.017876,,,not_attempted,False,,False,none,2.01792,Cloud Failure without Failover
2026-08-22 18:11:31.890,4.1,TC03-batch-20260822T181123-ea0cb7,TC03-20260822T181123215561-run1-ce620d,TC03,cloud_only_failure_no_failover,1,workload,4,v41-TC03-1-4-bd64be12,0.2,NORMAL,NORMAL,False,failed,not_used,,2.01556,"ConnectTimeout: HTTPConnectionPool(host='127.0.0.1', port=5000): Max retries exceeded with url: /add_order (Caused by ConnectTimeoutError(<HTTPConnection(host='127.0.0.1', port=5000) at 0x147103b18c0>, 'Connection to 127.0.0.1 timed out. (connect timeout=2.0)'))",True,2.01556,,,not_attempted,False,,False,none,2.015607,Cloud Failure without Failover
2026-08-22 18:11:34.094,4.1,TC03-batch-20260822T181123-ea0cb7,TC03-20260822T181123215561-run1-ce620d,TC03,cloud_only_failure_no_failover,1,workload,5,v41-TC03-1-5-1d3367c1,0.2,NORMAL,NORMAL,False,failed,not_used,,2.001772,"ConnectTimeout: HTTPConnectionPool(host='127.0.0.1', port=5000): Max retries exceeded with url: /add_order (Caused by ConnectTimeoutError(<HTTPConnection(host='127.0.0.1', port=5000) at 0x147103b0af0>, 'Connection to 127.0.0.1 timed out. (connect timeout=2.0)'))",True,2.001772,,,not_attempted,False,,False,none,2.001814,Cloud Failure without Failover
2026-08-22 18:11:36.309,4.1,TC03-batch-20260822T181123-ea0cb7,TC03-20260822T181123215561-run1-ce620d,TC03,cloud_only_failure_no_failover,1,workload,6,v41-TC03-1-6-489e4f41,0.2,NORMAL,NORMAL,False,failed,not_used,,2.011776,"ConnectTimeout: HTTPConnectionPool(host='127.0.0.1', port=5000): Max retries exceeded with url: /add_order (Caused by ConnectTimeoutError(<HTTPConnection(host='127.0.0.1', port=5000) at 0x147103b0160>, 'Connection to 127.0.0.1 timed out. (connect timeout=2.0)'))",True,2.011776,,,not_attempted,False,,False,none,2.011856,Cloud Failure without Failover
2026-08-22 18:11:38.531,4.1,TC03-batch-20260822T181123-ea0cb7,TC03-20260822T181123215561-run1-ce620d,TC03,cloud_only_failure_no_failover,1,workload,7,v41-TC03-1-7-57d4a227,0.2,NORMAL,NORMAL,False,failed,not_used,,2.019259,"ConnectTimeout: HTTPConnectionPool(host='127.0.0.1', port=5000): Max retries exceeded with url: /add_order (Caused by ConnectTimeoutError(<HTTPConnection(host='127.0.0.1', port=5000) at 0x1471046bdf0>, 'Connection to 127.0.0.1 timed out. (connect timeout=2.0)'))",True,2.019259,,,not_attempted,False,,False,none,2.019304,Cloud Failure without Failover
2026-08-22 18:11:40.748,4.1,TC03-batch-20260822T181123-ea0cb7,TC03-20260822T181123215561-run1-ce620d,TC03,cloud_only_failure_no_failover,1,workload,8,v41-TC03-1-8-483983c0,0.2,NORMAL,NORMAL,False,failed,not_used,,2.014768,"ConnectTimeout: HTTPConnectionPool(host='127.0.0.1', port=5000): Max retries exceeded with url: /add_order (Caused by ConnectTimeoutError(<HTTPConnection(host='127.0.0.1', port=5000) at 0x1471046b240>, 'Connection to 127.0.0.1 timed out. (connect timeout=2.0)'))",True,2.014768,,,not_attempted,False,,False,none,2.01481,Cloud Failure without Failover
2026-08-22 18:11:42.953,4.1,TC03-batch-20260822T181123-ea0cb7,TC03-20260822T181123215561-run1-ce620d,TC03,cloud_only_failure_no_failover,1,workload,9,v41-TC03-1-9-ddf291e9,0.2,NORMAL,NORMAL,False,failed,not_used,,2.001824,"ConnectTimeout: HTTPConnectionPool(host='127.0.0.1', port=5000): Max retries exceeded with url: /add_order (Caused by ConnectTimeoutError(<HTTPConnection(host='127.0.0.1', port=5000) at 0x1471046bce0>, 'Connection to 127.0.0.1 timed out. (connect timeout=2.0)'))",True,2.001824,,,not_attempted,False,,False,none,2.001868,Cloud Failure without Failover
2026-08-22 18:11:45.157,4.1,TC03-batch-20260822T181123-ea0cb7,TC03-20260822T181123215561-run1-ce620d,TC03,cloud_only_failure_no_failover,1,workload,10,v41-TC03-1-10-5a68fbaf,0.2,NORMAL,NORMAL,False,failed,not_used,,2.001605,"ConnectTimeout: HTTPConnectionPool(host='127.0.0.1', port=5000): Max retries exceeded with url: /add_order (Caused by ConnectTimeoutError(<HTTPConnection(host='127.0.0.1', port=5000) at 0x147103b06b0>, 'Connection to 127.0.0.1 timed out. (connect timeout=2.0)'))",True,2.001605,,,not_attempted,False,,False,none,2.001676,Cloud Failure without Failover
2026-08-22 18:11:47.374,4.1,TC03-batch-20260822T181123-ea0cb7,TC03-20260822T181123215561-run1-ce620d,TC03,cloud_only_failure_no_failover,1,workload,11,v41-TC03-1-11-c2a4c32c,0.2,NORMAL,NORMAL,False,failed,not_used,,2.013353,"ConnectTimeout: HTTPConnectionPool(host='127.0.0.1', port=5000): Max retries exceeded with url: /add_order (Caused by ConnectTimeoutError(<HTTPConnection(host='127.0.0.1', port=5000) at 0x147103b0c00>, 'Connection to 127.0.0.1 timed out. (connect timeout=2.0)'))",True,2.013353,,,not_attempted,False,,False,none,2.013397,Cloud Failure without Failover
2026-08-22 18:11:49.578,4.1,TC03-batch-20260822T181123-ea0cb7,TC03-20260822T181123215561-run1-ce620d,TC03,cloud_only_failure_no_failover,1,workload,12,v41-TC03-1-12-e89b352a,0.2,NORMAL,NORMAL,False,failed,not_used,,2.000436,"ConnectTimeout: HTTPConnectionPool(host='127.0.0.1', port=5000): Max retries exceeded with url: /add_order (Caused by ConnectTimeoutError(<HTTPConnection(host='127.0.0.1', port=5000) at 0x1471046bce0>, 'Connection to 127.0.0.1 timed out. (connect timeout=2.0)'))",True,2.000436,,,not_attempted,False,,False,none,2.000481,Cloud Failure without Failover
2026-08-22 18:11:51.797,4.1,TC03-batch-20260822T181123-ea0cb7,TC03-20260822T181123215561-run1-ce620d,TC03,cloud_only_failure_no_failover,1,workload,13,v41-TC03-1-13-37310756,0.2,NORMAL,NORMAL,False,failed,not_used,,2.016582,"ConnectTimeout: HTTPConnectionPool(host='127.0.0.1', port=5000): Max retries exceeded with url: /add_order (Caused by ConnectTimeoutError(<HTTPConnection(host='127.0.0.1', port=5000) at 0x1471046a7a0>, 'Connection to 127.0.0.1 timed out. (connect timeout=2.0)'))",True,2.016582,,,not_attempted,False,,False,none,2.016629,Cloud Failure without Failover
2026-08-22 18:11:54.014,4.1,TC03-batch-20260822T181123-ea0cb7,TC03-20260822T181123215561-run1-ce620d,TC03,cloud_only_failure_no_failover,1,workload,14,v41-TC03-1-14-b1e81c65,0.2,NORMAL,NORMAL,False,failed,not_used,,2.014273,"ConnectTimeout: HTTPConnectionPool(host='127.0.0.1', port=5000): Max retries exceeded with url: /add_order (Caused by ConnectTimeoutError(<HTTPConnection(host='127.0.0.1', port=5000) at 0x147103b1e10>, 'Connection to 127.0.0.1 timed out. (connect timeout=2.0)'))",True,2.014273,,,not_attempted,False,,False,none,2.014299,Cloud Failure without Failover
2026-08-22 18:11:56.218,4.1,TC03-batch-20260822T181123-ea0cb7,TC03-20260822T181123215561-run1-ce620d,TC03,cloud_only_failure_no_failover,1,workload,15,v41-TC03-1-15-054a1aec,0.2,NORMAL,NORMAL,False,failed,not_used,,2.003052,"ConnectTimeout: HTTPConnectionPool(host='127.0.0.1', port=5000): Max retries exceeded with url: /add_order (Caused by ConnectTimeoutError(<HTTPConnection(host='127.0.0.1', port=5000) at 0x147103b18c0>, 'Connection to 127.0.0.1 timed out. (connect timeout=2.0)'))",True,2.003052,,,not_attempted,False,,False,none,2.0031,Cloud Failure without Failover
2026-08-22 18:11:58.437,4.1,TC03-batch-20260822T181123-ea0cb7,TC03-20260822T181123215561-run1-ce620d,TC03,cloud_only_failure_no_failover,1,workload,16,v41-TC03-1-16-fe6f58ca,0.2,NORMAL,NORMAL,False,failed,not_used,,2.015242,"ConnectTimeout: HTTPConnectionPool(host='127.0.0.1', port=5000): Max retries exceeded with url: /add_order (Caused by ConnectTimeoutError(<HTTPConnection(host='127.0.0.1', port=5000) at 0x147103b0380>, 'Connection to 127.0.0.1 timed out. (connect timeout=2.0)'))",True,2.015242,,,not_attempted,False,,False,none,2.015286,Cloud Failure without Failover
2026-08-22 18:12:00.640,4.1,TC03-batch-20260822T181123-ea0cb7,TC03-20260822T181123215561-run1-ce620d,TC03,cloud_only_failure_no_failover,1,workload,17,v41-TC03-1-17-be0a57e1,0.2,NORMAL,NORMAL,False,failed,not_used,,2.000624,"ConnectTimeout: HTTPConnectionPool(host='127.0.0.1', port=5000): Max retries exceeded with url: /add_order (Caused by ConnectTimeoutError(<HTTPConnection(host='127.0.0.1', port=5000) at 0x147103b0160>, 'Connection to 127.0.0.1 timed out. (connect timeout=2.0)'))",True,2.000624,,,not_attempted,False,,False,none,2.00067,Cloud Failure without Failover
2026-08-22 18:12:02.854,4.1,TC03-batch-20260822T181123-ea0cb7,TC03-20260822T181123215561-run1-ce620d,TC03,cloud_only_failure_no_failover,1,workload,18,v41-TC03-1-18-0c760a57,0.2,NORMAL,NORMAL,False,failed,not_used,,2.011112,"ConnectTimeout: HTTPConnectionPool(host='127.0.0.1', port=5000): Max retries exceeded with url: /add_order (Caused by ConnectTimeoutError(<HTTPConnection(host='127.0.0.1', port=5000) at 0x1471046b570>, 'Connection to 127.0.0.1 timed out. (connect timeout=2.0)'))",True,2.011112,,,not_attempted,False,,False,none,2.011131,Cloud Failure without Failover
2026-08-22 18:12:05.062,4.1,TC03-batch-20260822T181123-ea0cb7,TC03-20260822T181123215561-run1-ce620d,TC03,cloud_only_failure_no_failover,1,workload,19,v41-TC03-1-19-28a92a05,0.2,NORMAL,NORMAL,False,failed,not_used,,2.005601,"ConnectTimeout: HTTPConnectionPool(host='127.0.0.1', port=5000): Max retries exceeded with url: /add_order (Caused by ConnectTimeoutError(<HTTPConnection(host='127.0.0.1', port=5000) at 0x1471046bdf0>, 'Connection to 127.0.0.1 timed out. (connect timeout=2.0)'))",True,2.005601,,,not_attempted,False,,False,none,2.005644,Cloud Failure without Failover
2026-08-22 18:12:07.281,4.1,TC03-batch-20260822T181123-ea0cb7,TC03-20260822T181123215561-run1-ce620d,TC03,cloud_only_failure_no_failover,1,workload,20,v41-TC03-1-20-3e650f41,0.2,NORMAL,NORMAL,False,failed,not_used,,2.01689,"ConnectTimeout: HTTPConnectionPool(host='127.0.0.1', port=5000): Max retries exceeded with url: /add_order (Caused by ConnectTimeoutError(<HTTPConnection(host='127.0.0.1', port=5000) at 0x1471046b020>, 'Connection to 127.0.0.1 timed out. (connect timeout=2.0)'))",True,2.01689,,,not_attempted,False,,False,none,2.016932,Cloud Failure without Failover
2026-08-22 18:12:09.500,4.1,TC03-batch-20260822T181123-ea0cb7,TC03-20260822T181123215561-run1-ce620d,TC03,cloud_only_failure_no_failover,1,workload,21,v41-TC03-1-21-f02b6748,0.2,NORMAL,NORMAL,False,failed,not_used,,2.016289,"ConnectTimeout: HTTPConnectionPool(host='127.0.0.1', port=5000): Max retries exceeded with url: /add_order (Caused by ConnectTimeoutError(<HTTPConnection(host='127.0.0.1', port=5000) at 0x147103b1ae0>, 'Connection to 127.0.0.1 timed out. (connect timeout=2.0)'))",True,2.016289,,,not_attempted,False,,False,none,2.01632,Cloud Failure without Failover
2026-08-22 18:12:11.718,4.1,TC03-batch-20260822T181123-ea0cb7,TC03-20260822T181123215561-run1-ce620d,TC03,cloud_only_failure_no_failover,1,workload,22,v41-TC03-1-22-54acc705,0.2,NORMAL,NORMAL,False,failed,not_used,,2.014436,"ConnectTimeout: HTTPConnectionPool(host='127.0.0.1', port=5000): Max retries exceeded with url: /add_order (Caused by ConnectTimeoutError(<HTTPConnection(host='127.0.0.1', port=5000) at 0x147103b08d0>, 'Connection to 127.0.0.1 timed out. (connect timeout=2.0)'))",True,2.014436,,,not_attempted,False,,False,none,2.014479,Cloud Failure without Failover
2026-08-22 18:12:13.930,4.1,TC03-batch-20260822T181123-ea0cb7,TC03-20260822T181123215561-run1-ce620d,TC03,cloud_only_failure_no_failover,1,workload,23,v41-TC03-1-23-62f43e28,0.2,NORMAL,NORMAL,False,failed,not_used,,2.009705,"ConnectTimeout: HTTPConnectionPool(host='127.0.0.1', port=5000): Max retries exceeded with url: /add_order (Caused by ConnectTimeoutError(<HTTPConnection(host='127.0.0.1', port=5000) at 0x1471046b020>, 'Connection to 127.0.0.1 timed out. (connect timeout=2.0)'))",True,2.009705,,,not_attempted,False,,False,none,2.009748,Cloud Failure without Failover
2026-08-22 18:12:16.144,4.1,TC03-batch-20260822T181123-ea0cb7,TC03-20260822T181123215561-run1-ce620d,TC03,cloud_only_failure_no_failover,1,workload,24,v41-TC03-1-24-48e8075e,0.2,NORMAL,NORMAL,False,failed,not_used,,2.010967,"ConnectTimeout: HTTPConnectionPool(host='127.0.0.1', port=5000): Max retries exceeded with url: /add_order (Caused by ConnectTimeoutError(<HTTPConnection(host='127.0.0.1', port=5000) at 0x1471046b790>, 'Connection to 127.0.0.1 timed out. (connect timeout=2.0)'))",True,2.010967,,,not_attempted,False,,False,none,2.01101,Cloud Failure without Failover
2026-08-22 18:12:18.359,4.1,TC03-batch-20260822T181123-ea0cb7,TC03-20260822T181123215561-run1-ce620d,TC03,cloud_only_failure_no_failover,1,workload,25,v41-TC03-1-25-65c3b338,0.2,NORMAL,NORMAL,False,failed,not_used,,2.011755,"ConnectTimeout: HTTPConnectionPool(host='127.0.0.1', port=5000): Max retries exceeded with url: /add_order (Caused by ConnectTimeoutError(<HTTPConnection(host='127.0.0.1', port=5000) at 0x147103b1370>, 'Connection to 127.0.0.1 timed out. (connect timeout=2.0)'))",True,2.011755,,,not_attempted,False,,False,none,2.011812,Cloud Failure without Failover
2026-08-22 18:12:20.572,4.1,TC03-batch-20260822T181123-ea0cb7,TC03-20260822T181123215561-run1-ce620d,TC03,cloud_only_failure_no_failover,1,workload,26,v41-TC03-1-26-3cd62256,0.2,NORMAL,NORMAL,False,failed,not_used,,2.008235,"ConnectTimeout: HTTPConnectionPool(host='127.0.0.1', port=5000): Max retries exceeded with url: /add_order (Caused by ConnectTimeoutError(<HTTPConnection(host='127.0.0.1', port=5000) at 0x147103b0d10>, 'Connection to 127.0.0.1 timed out. (connect timeout=2.0)'))",True,2.008235,,,not_attempted,False,,False,none,2.008299,Cloud Failure without Failover
2026-08-22 18:12:22.819,4.1,TC03-batch-20260822T181123-ea0cb7,TC03-20260822T181123215561-run1-ce620d,TC03,cloud_only_failure_no_failover,1,workload,27,v41-TC03-1-27-06b92f5d,0.2,NORMAL,NORMAL,False,failed,not_used,,2.006352,"ConnectTimeout: HTTPConnectionPool(host='127.0.0.1', port=5000): Max retries exceeded with url: /add_order (Caused by ConnectTimeoutError(<HTTPConnection(host='127.0.0.1', port=5000) at 0x147103b1d00>, 'Connection to 127.0.0.1 timed out. (connect timeout=2.0)'))",True,2.006352,,,not_attempted,False,,False,none,2.00649,Cloud Failure without Failover
2026-08-22 18:12:25.030,4.1,TC03-batch-20260822T181123-ea0cb7,TC03-20260822T181123215561-run1-ce620d,TC03,cloud_only_failure_no_failover,1,workload,28,v41-TC03-1-28-3f81a23b,0.2,NORMAL,NORMAL,False,failed,not_used,,2.007706,"ConnectTimeout: HTTPConnectionPool(host='127.0.0.1', port=5000): Max retries exceeded with url: /add_order (Caused by ConnectTimeoutError(<HTTPConnection(host='127.0.0.1', port=5000) at 0x147103b1260>, 'Connection to 127.0.0.1 timed out. (connect timeout=2.0)'))",True,2.007706,,,not_attempted,False,,False,none,2.007751,Cloud Failure without Failover
2026-08-22 18:12:27.250,4.1,TC03-batch-20260822T181123-ea0cb7,TC03-20260822T181123215561-run1-ce620d,TC03,cloud_only_failure_no_failover,1,workload,29,v41-TC03-1-29-aadb1def,0.2,NORMAL,NORMAL,False,failed,not_used,,2.016946,"ConnectTimeout: HTTPConnectionPool(host='127.0.0.1', port=5000): Max retries exceeded with url: /add_order (Caused by ConnectTimeoutError(<HTTPConnection(host='127.0.0.1', port=5000) at 0x1471046b680>, 'Connection to 127.0.0.1 timed out. (connect timeout=2.0)'))",True,2.016946,,,not_attempted,False,,False,none,2.01699,Cloud Failure without Failover
2026-08-22 18:12:29.469,4.1,TC03-batch-20260822T181123-ea0cb7,TC03-20260822T181123215561-run1-ce620d,TC03,cloud_only_failure_no_failover,1,workload,30,v41-TC03-1-30-dc88297f,0.2,NORMAL,NORMAL,False,failed,not_used,,2.015997,"ConnectTimeout: HTTPConnectionPool(host='127.0.0.1', port=5000): Max retries exceeded with url: /add_order (Caused by ConnectTimeoutError(<HTTPConnection(host='127.0.0.1', port=5000) at 0x1471046bf00>, 'Connection to 127.0.0.1 timed out. (connect timeout=2.0)'))",True,2.015997,,,not_attempted,False,,False,none,2.016049,Cloud Failure without Failover
2026-08-22 18:12:33.124,4.1,TC03-batch-20260822T181123-ea0cb7,TC03-20260822T181231106831-run2-6ae389,TC03,cloud_only_failure_no_failover,2,workload,1,v41-TC03-2-1-ebd3d39d,0.2,NORMAL,NORMAL,False,failed,not_used,,1.996775,"ConnectTimeout: HTTPConnectionPool(host='127.0.0.1', port=5000): Max retries exceeded with url: /add_order (Caused by ConnectTimeoutError(<HTTPConnection(host='127.0.0.1', port=5000) at 0x147103b19d0>, 'Connection to 127.0.0.1 timed out. (connect timeout=2.0)'))",True,1.996775,,,not_attempted,False,,False,none,1.996817,Cloud Failure without Failover
2026-08-22 18:12:35.344,4.1,TC03-batch-20260822T181123-ea0cb7,TC03-20260822T181231106831-run2-6ae389,TC03,cloud_only_failure_no_failover,2,workload,2,v41-TC03-2-2-0d8b0b5a,0.2,NORMAL,NORMAL,False,failed,not_used,,2.016836,"ConnectTimeout: HTTPConnectionPool(host='127.0.0.1', port=5000): Max retries exceeded with url: /add_order (Caused by ConnectTimeoutError(<HTTPConnection(host='127.0.0.1', port=5000) at 0x147103b0490>, 'Connection to 127.0.0.1 timed out. (connect timeout=2.0)'))",True,2.016836,,,not_attempted,False,,False,none,2.016878,Cloud Failure without Failover
2026-08-22 18:12:37.561,4.1,TC03-batch-20260822T181123-ea0cb7,TC03-20260822T181231106831-run2-6ae389,TC03,cloud_only_failure_no_failover,2,workload,3,v41-TC03-2-3-427548b2,0.2,NORMAL,NORMAL,False,failed,not_used,,2.015469,"ConnectTimeout: HTTPConnectionPool(host='127.0.0.1', port=5000): Max retries exceeded with url: /add_order (Caused by ConnectTimeoutError(<HTTPConnection(host='127.0.0.1', port=5000) at 0x147103b06b0>, 'Connection to 127.0.0.1 timed out. (connect timeout=2.0)'))",True,2.015469,,,not_attempted,False,,False,none,2.015511,Cloud Failure without Failover
2026-08-22 18:12:39.781,4.1,TC03-batch-20260822T181123-ea0cb7,TC03-20260822T181231106831-run2-6ae389,TC03,cloud_only_failure_no_failover,2,workload,4,v41-TC03-2-4-7b463905,0.2,NORMAL,NORMAL,False,failed,not_used,,2.016711,"ConnectTimeout: HTTPConnectionPool(host='127.0.0.1', port=5000): Max retries exceeded with url: /add_order (Caused by ConnectTimeoutError(<HTTPConnection(host='127.0.0.1', port=5000) at 0x1471046bce0>, 'Connection to 127.0.0.1 timed out. (connect timeout=2.0)'))",True,2.016711,,,not_attempted,False,,False,none,2.016754,Cloud Failure without Failover
2026-08-22 18:12:42.010,4.1,TC03-batch-20260822T181123-ea0cb7,TC03-20260822T181231106831-run2-6ae389,TC03,cloud_only_failure_no_failover,2,workload,5,v41-TC03-2-5-afb953d6,0.2,NORMAL,NORMAL,False,failed,not_used,,2.026852,"ConnectTimeout: HTTPConnectionPool(host='127.0.0.1', port=5000): Max retries exceeded with url: /add_order (Caused by ConnectTimeoutError(<HTTPConnection(host='127.0.0.1', port=5000) at 0x147103b09e0>, 'Connection to 127.0.0.1 timed out. (connect timeout=2.0)'))",True,2.026852,,,not_attempted,False,,False,none,2.026895,Cloud Failure without Failover
2026-08-22 18:12:44.219,4.1,TC03-batch-20260822T181123-ea0cb7,TC03-20260822T181231106831-run2-6ae389,TC03,cloud_only_failure_no_failover,2,workload,6,v41-TC03-2-6-8b66a28e,0.2,NORMAL,NORMAL,False,failed,not_used,,2.003703,"ConnectTimeout: HTTPConnectionPool(host='127.0.0.1', port=5000): Max retries exceeded with url: /add_order (Caused by ConnectTimeoutError(<HTTPConnection(host='127.0.0.1', port=5000) at 0x147103b0050>, 'Connection to 127.0.0.1 timed out. (connect timeout=2.0)'))",True,2.003703,,,not_attempted,False,,False,none,2.003755,Cloud Failure without Failover
2026-08-22 18:12:46.437,4.1,TC03-batch-20260822T181123-ea0cb7,TC03-20260822T181231106831-run2-6ae389,TC03,cloud_only_failure_no_failover,2,workload,7,v41-TC03-2-7-fa23c12f,0.2,NORMAL,NORMAL,False,failed,not_used,,2.015314,"ConnectTimeout: HTTPConnectionPool(host='127.0.0.1', port=5000): Max retries exceeded with url: /add_order (Caused by ConnectTimeoutError(<HTTPConnection(host='127.0.0.1', port=5000) at 0x147103b2140>, 'Connection to 127.0.0.1 timed out. (connect timeout=2.0)'))",True,2.015314,,,not_attempted,False,,False,none,2.015358,Cloud Failure without Failover
2026-08-22 18:12:48.655,4.1,TC03-batch-20260822T181123-ea0cb7,TC03-20260822T181231106831-run2-6ae389,TC03,cloud_only_failure_no_failover,2,workload,8,v41-TC03-2-8-69c814a3,0.2,NORMAL,NORMAL,False,failed,not_used,,2.015111,"ConnectTimeout: HTTPConnectionPool(host='127.0.0.1', port=5000): Max retries exceeded with url: /add_order (Caused by ConnectTimeoutError(<HTTPConnection(host='127.0.0.1', port=5000) at 0x147103b1150>, 'Connection to 127.0.0.1 timed out. (connect timeout=2.0)'))",True,2.015111,,,not_attempted,False,,False,none,2.015153,Cloud Failure without Failover
2026-08-22 18:12:50.858,4.1,TC03-batch-20260822T181123-ea0cb7,TC03-20260822T181231106831-run2-6ae389,TC03,cloud_only_failure_no_failover,2,workload,9,v41-TC03-2-9-aecaa972,0.2,NORMAL,NORMAL,False,failed,not_used,,2.000494,"ConnectTimeout: HTTPConnectionPool(host='127.0.0.1', port=5000): Max retries exceeded with url: /add_order (Caused by ConnectTimeoutError(<HTTPConnection(host='127.0.0.1', port=5000) at 0x1471046aad0>, 'Connection to 127.0.0.1 timed out. (connect timeout=2.0)'))",True,2.000494,,,not_attempted,False,,False,none,2.000535,Cloud Failure without Failover
2026-08-22 18:12:53.062,4.1,TC03-batch-20260822T181123-ea0cb7,TC03-20260822T181231106831-run2-6ae389,TC03,cloud_only_failure_no_failover,2,workload,10,v41-TC03-2-10-e88273cb,0.2,NORMAL,NORMAL,False,failed,not_used,,2.001129,"ConnectTimeout: HTTPConnectionPool(host='127.0.0.1', port=5000): Max retries exceeded with url: /add_order (Caused by ConnectTimeoutError(<HTTPConnection(host='127.0.0.1', port=5000) at 0x1471046b680>, 'Connection to 127.0.0.1 timed out. (connect timeout=2.0)'))",True,2.001129,,,not_attempted,False,,False,none,2.001171,Cloud Failure without Failover
2026-08-22 18:12:55.282,4.1,TC03-batch-20260822T181123-ea0cb7,TC03-20260822T181231106831-run2-6ae389,TC03,cloud_only_failure_no_failover,2,workload,11,v41-TC03-2-11-d3a55191,0.2,NORMAL,NORMAL,False,failed,not_used,,2.01668,"ConnectTimeout: HTTPConnectionPool(host='127.0.0.1', port=5000): Max retries exceeded with url: /add_order (Caused by ConnectTimeoutError(<HTTPConnection(host='127.0.0.1', port=5000) at 0x1471046bdf0>, 'Connection to 127.0.0.1 timed out. (connect timeout=2.0)'))",True,2.01668,,,not_attempted,False,,False,none,2.016724,Cloud Failure without Failover
2026-08-22 18:12:57.500,4.1,TC03-batch-20260822T181123-ea0cb7,TC03-20260822T181231106831-run2-6ae389,TC03,cloud_only_failure_no_failover,2,workload,12,v41-TC03-2-12-4509b1c3,0.2,NORMAL,NORMAL,False,failed,not_used,,2.014946,"ConnectTimeout: HTTPConnectionPool(host='127.0.0.1', port=5000): Max retries exceeded with url: /add_order (Caused by ConnectTimeoutError(<HTTPConnection(host='127.0.0.1', port=5000) at 0x147103b17b0>, 'Connection to 127.0.0.1 timed out. (connect timeout=2.0)'))",True,2.014946,,,not_attempted,False,,False,none,2.01499,Cloud Failure without Failover
2026-08-22 18:12:59.719,4.1,TC03-batch-20260822T181123-ea0cb7,TC03-20260822T181231106831-run2-6ae389,TC03,cloud_only_failure_no_failover,2,workload,13,v41-TC03-2-13-8859214d,0.2,NORMAL,NORMAL,False,failed,not_used,,2.015406,"ConnectTimeout: HTTPConnectionPool(host='127.0.0.1', port=5000): Max retries exceeded with url: /add_order (Caused by ConnectTimeoutError(<HTTPConnection(host='127.0.0.1', port=5000) at 0x147103b05a0>, 'Connection to 127.0.0.1 timed out. (connect timeout=2.0)'))",True,2.015406,,,not_attempted,False,,False,none,2.015448,Cloud Failure without Failover
2026-08-22 18:13:01.937,4.1,TC03-batch-20260822T181123-ea0cb7,TC03-20260822T181231106831-run2-6ae389,TC03,cloud_only_failure_no_failover,2,workload,14,v41-TC03-2-14-16afbe28,0.2,NORMAL,NORMAL,False,failed,not_used,,2.015002,"ConnectTimeout: HTTPConnectionPool(host='127.0.0.1', port=5000): Max retries exceeded with url: /add_order (Caused by ConnectTimeoutError(<HTTPConnection(host='127.0.0.1', port=5000) at 0x1471046bdf0>, 'Connection to 127.0.0.1 timed out. (connect timeout=2.0)'))",True,2.015002,,,not_attempted,False,,False,none,2.015045,Cloud Failure without Failover
2026-08-22 18:13:04.156,4.1,TC03-batch-20260822T181123-ea0cb7,TC03-20260822T181231106831-run2-6ae389,TC03,cloud_only_failure_no_failover,2,workload,15,v41-TC03-2-15-6f169a2c,0.2,NORMAL,NORMAL,False,failed,not_used,,2.01573,"ConnectTimeout: HTTPConnectionPool(host='127.0.0.1', port=5000): Max retries exceeded with url: /add_order (Caused by ConnectTimeoutError(<HTTPConnection(host='127.0.0.1', port=5000) at 0x1471046b460>, 'Connection to 127.0.0.1 timed out. (connect timeout=2.0)'))",True,2.01573,,,not_attempted,False,,False,none,2.015775,Cloud Failure without Failover
2026-08-22 18:13:06.359,4.1,TC03-batch-20260822T181123-ea0cb7,TC03-20260822T181231106831-run2-6ae389,TC03,cloud_only_failure_no_failover,2,workload,16,v41-TC03-2-16-b66b0d5f,0.2,NORMAL,NORMAL,False,failed,not_used,,2.000638,"ConnectTimeout: HTTPConnectionPool(host='127.0.0.1', port=5000): Max retries exceeded with url: /add_order (Caused by ConnectTimeoutError(<HTTPConnection(host='127.0.0.1', port=5000) at 0x147103b0270>, 'Connection to 127.0.0.1 timed out. (connect timeout=2.0)'))",True,2.000638,,,not_attempted,False,,False,none,2.000682,Cloud Failure without Failover
2026-08-22 18:13:08.578,4.1,TC03-batch-20260822T181123-ea0cb7,TC03-20260822T181231106831-run2-6ae389,TC03,cloud_only_failure_no_failover,2,workload,17,v41-TC03-2-17-8220b427,0.2,NORMAL,NORMAL,False,failed,not_used,,2.015891,"ConnectTimeout: HTTPConnectionPool(host='127.0.0.1', port=5000): Max retries exceeded with url: /add_order (Caused by ConnectTimeoutError(<HTTPConnection(host='127.0.0.1', port=5000) at 0x147103b2250>, 'Connection to 127.0.0.1 timed out. (connect timeout=2.0)'))",True,2.015891,,,not_attempted,False,,False,none,2.015935,Cloud Failure without Failover
2026-08-22 18:13:10.796,4.1,TC03-batch-20260822T181123-ea0cb7,TC03-20260822T181231106831-run2-6ae389,TC03,cloud_only_failure_no_failover,2,workload,18,v41-TC03-2-18-b1e36348,0.2,NORMAL,NORMAL,False,failed,not_used,,2.015478,"ConnectTimeout: HTTPConnectionPool(host='127.0.0.1', port=5000): Max retries exceeded with url: /add_order (Caused by ConnectTimeoutError(<HTTPConnection(host='127.0.0.1', port=5000) at 0x147103b0c00>, 'Connection to 127.0.0.1 timed out. (connect timeout=2.0)'))",True,2.015478,,,not_attempted,False,,False,none,2.015522,Cloud Failure without Failover
2026-08-22 18:13:13.015,4.1,TC03-batch-20260822T181123-ea0cb7,TC03-20260822T181231106831-run2-6ae389,TC03,cloud_only_failure_no_failover,2,workload,19,v41-TC03-2-19-0f6ee951,0.2,NORMAL,NORMAL,False,failed,not_used,,2.015826,"ConnectTimeout: HTTPConnectionPool(host='127.0.0.1', port=5000): Max retries exceeded with url: /add_order (Caused by ConnectTimeoutError(<HTTPConnection(host='127.0.0.1', port=5000) at 0x147103b0e20>, 'Connection to 127.0.0.1 timed out. (connect timeout=2.0)'))",True,2.015826,,,not_attempted,False,,False,none,2.015872,Cloud Failure without Failover
2026-08-22 18:13:15.234,4.1,TC03-batch-20260822T181123-ea0cb7,TC03-20260822T181231106831-run2-6ae389,TC03,cloud_only_failure_no_failover,2,workload,20,v41-TC03-2-20-0dabb1bb,0.2,NORMAL,NORMAL,False,failed,not_used,,2.015972,"ConnectTimeout: HTTPConnectionPool(host='127.0.0.1', port=5000): Max retries exceeded with url: /add_order (Caused by ConnectTimeoutError(<HTTPConnection(host='127.0.0.1', port=5000) at 0x1471046b9b0>, 'Connection to 127.0.0.1 timed out. (connect timeout=2.0)'))",True,2.015972,,,not_attempted,False,,False,none,2.016014,Cloud Failure without Failover
2026-08-22 18:13:17.453,4.1,TC03-batch-20260822T181123-ea0cb7,TC03-20260822T181231106831-run2-6ae389,TC03,cloud_only_failure_no_failover,2,workload,21,v41-TC03-2-21-a292edab,0.2,NORMAL,NORMAL,False,failed,not_used,,2.015747,"ConnectTimeout: HTTPConnectionPool(host='127.0.0.1', port=5000): Max retries exceeded with url: /add_order (Caused by ConnectTimeoutError(<HTTPConnection(host='127.0.0.1', port=5000) at 0x1471046a690>, 'Connection to 127.0.0.1 timed out. (connect timeout=2.0)'))",True,2.015747,,,not_attempted,False,,False,none,2.015792,Cloud Failure without Failover
2026-08-22 18:13:19.670,4.1,TC03-batch-20260822T181123-ea0cb7,TC03-20260822T181231106831-run2-6ae389,TC03,cloud_only_failure_no_failover,2,workload,22,v41-TC03-2-22-a4b73d65,0.2,NORMAL,NORMAL,False,failed,not_used,,2.014992,"ConnectTimeout: HTTPConnectionPool(host='127.0.0.1', port=5000): Max retries exceeded with url: /add_order (Caused by ConnectTimeoutError(<HTTPConnection(host='127.0.0.1', port=5000) at 0x147103b06b0>, 'Connection to 127.0.0.1 timed out. (connect timeout=2.0)'))",True,2.014992,,,not_attempted,False,,False,none,2.015033,Cloud Failure without Failover
2026-08-22 18:13:21.875,4.1,TC03-batch-20260822T181123-ea0cb7,TC03-20260822T181231106831-run2-6ae389,TC03,cloud_only_failure_no_failover,2,workload,23,v41-TC03-2-23-4662ce89,0.2,NORMAL,NORMAL,False,failed,not_used,,2.001942,"ConnectTimeout: HTTPConnectionPool(host='127.0.0.1', port=5000): Max retries exceeded with url: /add_order (Caused by ConnectTimeoutError(<HTTPConnection(host='127.0.0.1', port=5000) at 0x147103b1e10>, 'Connection to 127.0.0.1 timed out. (connect timeout=2.0)'))",True,2.001942,,,not_attempted,False,,False,none,2.001988,Cloud Failure without Failover
2026-08-22 18:13:24.090,4.1,TC03-batch-20260822T181123-ea0cb7,TC03-20260822T181231106831-run2-6ae389,TC03,cloud_only_failure_no_failover,2,workload,24,v41-TC03-2-24-1994fd38,0.2,NORMAL,NORMAL,False,failed,not_used,,2.012739,"ConnectTimeout: HTTPConnectionPool(host='127.0.0.1', port=5000): Max retries exceeded with url: /add_order (Caused by ConnectTimeoutError(<HTTPConnection(host='127.0.0.1', port=5000) at 0x147103b19d0>, 'Connection to 127.0.0.1 timed out. (connect timeout=2.0)'))",True,2.012739,,,not_attempted,False,,False,none,2.012785,Cloud Failure without Failover
2026-08-22 18:13:26.295,4.1,TC03-batch-20260822T181123-ea0cb7,TC03-20260822T181231106831-run2-6ae389,TC03,cloud_only_failure_no_failover,2,workload,25,v41-TC03-2-25-f794c3ee,0.2,NORMAL,NORMAL,False,failed,not_used,,2.002516,"ConnectTimeout: HTTPConnectionPool(host='127.0.0.1', port=5000): Max retries exceeded with url: /add_order (Caused by ConnectTimeoutError(<HTTPConnection(host='127.0.0.1', port=5000) at 0x1471046b130>, 'Connection to 127.0.0.1 timed out. (connect timeout=2.0)'))",True,2.002516,,,not_attempted,False,,False,none,2.002558,Cloud Failure without Failover
2026-08-22 18:13:28.500,4.1,TC03-batch-20260822T181123-ea0cb7,TC03-20260822T181231106831-run2-6ae389,TC03,cloud_only_failure_no_failover,2,workload,26,v41-TC03-2-26-77f04c83,0.2,NORMAL,NORMAL,False,failed,not_used,,2.001694,"ConnectTimeout: HTTPConnectionPool(host='127.0.0.1', port=5000): Max retries exceeded with url: /add_order (Caused by ConnectTimeoutError(<HTTPConnection(host='127.0.0.1', port=5000) at 0x1471046b570>, 'Connection to 127.0.0.1 timed out. (connect timeout=2.0)'))",True,2.001694,,,not_attempted,False,,False,none,2.001736,Cloud Failure without Failover
2026-08-22 18:13:30.719,4.1,TC03-batch-20260822T181123-ea0cb7,TC03-20260822T181231106831-run2-6ae389,TC03,cloud_only_failure_no_failover,2,workload,27,v41-TC03-2-27-16b98fe4,0.2,NORMAL,NORMAL,False,failed,not_used,,2.01616,"ConnectTimeout: HTTPConnectionPool(host='127.0.0.1', port=5000): Max retries exceeded with url: /add_order (Caused by ConnectTimeoutError(<HTTPConnection(host='127.0.0.1', port=5000) at 0x1471046b790>, 'Connection to 127.0.0.1 timed out. (connect timeout=2.0)'))",True,2.01616,,,not_attempted,False,,False,none,2.016202,Cloud Failure without Failover
2026-08-22 18:13:32.937,4.1,TC03-batch-20260822T181123-ea0cb7,TC03-20260822T181231106831-run2-6ae389,TC03,cloud_only_failure_no_failover,2,workload,28,v41-TC03-2-28-6b0e56ed,0.2,NORMAL,NORMAL,False,failed,not_used,,2.015311,"ConnectTimeout: HTTPConnectionPool(host='127.0.0.1', port=5000): Max retries exceeded with url: /add_order (Caused by ConnectTimeoutError(<HTTPConnection(host='127.0.0.1', port=5000) at 0x147103b1bf0>, 'Connection to 127.0.0.1 timed out. (connect timeout=2.0)'))",True,2.015311,,,not_attempted,False,,False,none,2.015355,Cloud Failure without Failover
2026-08-22 18:13:35.156,4.1,TC03-batch-20260822T181123-ea0cb7,TC03-20260822T181231106831-run2-6ae389,TC03,cloud_only_failure_no_failover,2,workload,29,v41-TC03-2-29-c3848acf,0.2,NORMAL,NORMAL,False,failed,not_used,,2.016211,"ConnectTimeout: HTTPConnectionPool(host='127.0.0.1', port=5000): Max retries exceeded with url: /add_order (Caused by ConnectTimeoutError(<HTTPConnection(host='127.0.0.1', port=5000) at 0x147103b1590>, 'Connection to 127.0.0.1 timed out. (connect timeout=2.0)'))",True,2.016211,,,not_attempted,False,,False,none,2.016253,Cloud Failure without Failover
2026-08-22 18:13:37.374,4.1,TC03-batch-20260822T181123-ea0cb7,TC03-20260822T181231106831-run2-6ae389,TC03,cloud_only_failure_no_failover,2,workload,30,v41-TC03-2-30-8dfe8854,0.2,NORMAL,NORMAL,False,failed,not_used,,2.014663,"ConnectTimeout: HTTPConnectionPool(host='127.0.0.1', port=5000): Max retries exceeded with url: /add_order (Caused by ConnectTimeoutError(<HTTPConnection(host='127.0.0.1', port=5000) at 0x147103b0e20>, 'Connection to 127.0.0.1 timed out. (connect timeout=2.0)'))",True,2.014663,,,not_attempted,False,,False,none,2.014708,Cloud Failure without Failover
2026-08-22 18:13:41.031,4.1,TC03-batch-20260822T181123-ea0cb7,TC03-20260822T181339002390-run3-8451f5,TC03,cloud_only_failure_no_failover,3,workload,1,v41-TC03-3-1-4bfcd230,0.2,NORMAL,NORMAL,False,failed,not_used,,2.009575,"ConnectTimeout: HTTPConnectionPool(host='127.0.0.1', port=5000): Max retries exceeded with url: /add_order (Caused by ConnectTimeoutError(<HTTPConnection(host='127.0.0.1', port=5000) at 0x1471046a9c0>, 'Connection to 127.0.0.1 timed out. (connect timeout=2.0)'))",True,2.009575,,,not_attempted,False,,False,none,2.009618,Cloud Failure without Failover
2026-08-22 18:13:43.249,4.1,TC03-batch-20260822T181123-ea0cb7,TC03-20260822T181339002390-run3-8451f5,TC03,cloud_only_failure_no_failover,3,workload,2,v41-TC03-3-2-ad4bfdc9,0.2,NORMAL,NORMAL,False,failed,not_used,,2.015653,"ConnectTimeout: HTTPConnectionPool(host='127.0.0.1', port=5000): Max retries exceeded with url: /add_order (Caused by ConnectTimeoutError(<HTTPConnection(host='127.0.0.1', port=5000) at 0x147103b1150>, 'Connection to 127.0.0.1 timed out. (connect timeout=2.0)'))",True,2.015653,,,not_attempted,False,,False,none,2.015696,Cloud Failure without Failover
2026-08-22 18:13:45.453,4.1,TC03-batch-20260822T181123-ea0cb7,TC03-20260822T181339002390-run3-8451f5,TC03,cloud_only_failure_no_failover,3,workload,3,v41-TC03-3-3-bb505d64,0.2,NORMAL,NORMAL,False,failed,not_used,,2.001528,"ConnectTimeout: HTTPConnectionPool(host='127.0.0.1', port=5000): Max retries exceeded with url: /add_order (Caused by ConnectTimeoutError(<HTTPConnection(host='127.0.0.1', port=5000) at 0x147103b1480>, 'Connection to 127.0.0.1 timed out. (connect timeout=2.0)'))",True,2.001528,,,not_attempted,False,,False,none,2.00157,Cloud Failure without Failover
2026-08-22 18:13:47.675,4.1,TC03-batch-20260822T181123-ea0cb7,TC03-20260822T181339002390-run3-8451f5,TC03,cloud_only_failure_no_failover,3,workload,4,v41-TC03-3-4-4d502f9b,0.2,NORMAL,NORMAL,False,failed,not_used,,2.018461,"ConnectTimeout: HTTPConnectionPool(host='127.0.0.1', port=5000): Max retries exceeded with url: /add_order (Caused by ConnectTimeoutError(<HTTPConnection(host='127.0.0.1', port=5000) at 0x147103b0050>, 'Connection to 127.0.0.1 timed out. (connect timeout=2.0)'))",True,2.018461,,,not_attempted,False,,False,none,2.018503,Cloud Failure without Failover
2026-08-22 18:13:49.890,4.1,TC03-batch-20260822T181123-ea0cb7,TC03-20260822T181339002390-run3-8451f5,TC03,cloud_only_failure_no_failover,3,workload,5,v41-TC03-3-5-dcd1ef9f,0.2,NORMAL,NORMAL,False,failed,not_used,,2.012951,"ConnectTimeout: HTTPConnectionPool(host='127.0.0.1', port=5000): Max retries exceeded with url: /add_order (Caused by ConnectTimeoutError(<HTTPConnection(host='127.0.0.1', port=5000) at 0x1471046bf00>, 'Connection to 127.0.0.1 timed out. (connect timeout=2.0)'))",True,2.012951,,,not_attempted,False,,False,none,2.012994,Cloud Failure without Failover
2026-08-22 18:13:52.102,4.1,TC03-batch-20260822T181123-ea0cb7,TC03-20260822T181339002390-run3-8451f5,TC03,cloud_only_failure_no_failover,3,workload,6,v41-TC03-3-6-61a3eca5,0.2,NORMAL,NORMAL,False,failed,not_used,,2.008993,"ConnectTimeout: HTTPConnectionPool(host='127.0.0.1', port=5000): Max retries exceeded with url: /add_order (Caused by ConnectTimeoutError(<HTTPConnection(host='127.0.0.1', port=5000) at 0x1471046aad0>, 'Connection to 127.0.0.1 timed out. (connect timeout=2.0)'))",True,2.008993,,,not_attempted,False,,False,none,2.009051,Cloud Failure without Failover
2026-08-22 18:13:54.313,4.1,TC03-batch-20260822T181123-ea0cb7,TC03-20260822T181339002390-run3-8451f5,TC03,cloud_only_failure_no_failover,3,workload,7,v41-TC03-3-7-3287b46d,0.2,NORMAL,NORMAL,False,failed,not_used,,2.006968,"ConnectTimeout: HTTPConnectionPool(host='127.0.0.1', port=5000): Max retries exceeded with url: /add_order (Caused by ConnectTimeoutError(<HTTPConnection(host='127.0.0.1', port=5000) at 0x147103b19d0>, 'Connection to 127.0.0.1 timed out. (connect timeout=2.0)'))",True,2.006968,,,not_attempted,False,,False,none,2.007011,Cloud Failure without Failover
2026-08-22 18:13:56.530,4.1,TC03-batch-20260822T181123-ea0cb7,TC03-20260822T181339002390-run3-8451f5,TC03,cloud_only_failure_no_failover,3,workload,8,v41-TC03-3-8-6335777e,0.2,NORMAL,NORMAL,False,failed,not_used,,2.014958,"ConnectTimeout: HTTPConnectionPool(host='127.0.0.1', port=5000): Max retries exceeded with url: /add_order (Caused by ConnectTimeoutError(<HTTPConnection(host='127.0.0.1', port=5000) at 0x147103b1e10>, 'Connection to 127.0.0.1 timed out. (connect timeout=2.0)'))",True,2.014958,,,not_attempted,False,,False,none,2.015001,Cloud Failure without Failover
2026-08-22 18:13:58.734,4.1,TC03-batch-20260822T181123-ea0cb7,TC03-20260822T181339002390-run3-8451f5,TC03,cloud_only_failure_no_failover,3,workload,9,v41-TC03-3-9-89d2a98b,0.2,NORMAL,NORMAL,False,failed,not_used,,2.00063,"ConnectTimeout: HTTPConnectionPool(host='127.0.0.1', port=5000): Max retries exceeded with url: /add_order (Caused by ConnectTimeoutError(<HTTPConnection(host='127.0.0.1', port=5000) at 0x147103b06b0>, 'Connection to 127.0.0.1 timed out. (connect timeout=2.0)'))",True,2.00063,,,not_attempted,False,,False,none,2.000672,Cloud Failure without Failover
2026-08-22 18:14:00.937,4.1,TC03-batch-20260822T181123-ea0cb7,TC03-20260822T181339002390-run3-8451f5,TC03,cloud_only_failure_no_failover,3,workload,10,v41-TC03-3-10-2390aa4a,0.2,NORMAL,NORMAL,False,failed,not_used,,2.000755,"ConnectTimeout: HTTPConnectionPool(host='127.0.0.1', port=5000): Max retries exceeded with url: /add_order (Caused by ConnectTimeoutError(<HTTPConnection(host='127.0.0.1', port=5000) at 0x147103b09e0>, 'Connection to 127.0.0.1 timed out. (connect timeout=2.0)'))",True,2.000755,,,not_attempted,False,,False,none,2.000799,Cloud Failure without Failover
2026-08-22 18:14:03.155,4.1,TC03-batch-20260822T181123-ea0cb7,TC03-20260822T181339002390-run3-8451f5,TC03,cloud_only_failure_no_failover,3,workload,11,v41-TC03-3-11-1aaac7fa,0.2,NORMAL,NORMAL,False,failed,not_used,,2.014644,"ConnectTimeout: HTTPConnectionPool(host='127.0.0.1', port=5000): Max retries exceeded with url: /add_order (Caused by ConnectTimeoutError(<HTTPConnection(host='127.0.0.1', port=5000) at 0x1471046b130>, 'Connection to 127.0.0.1 timed out. (connect timeout=2.0)'))",True,2.014644,,,not_attempted,False,,False,none,2.014746,Cloud Failure without Failover
2026-08-22 18:14:05.359,4.1,TC03-batch-20260822T181123-ea0cb7,TC03-20260822T181339002390-run3-8451f5,TC03,cloud_only_failure_no_failover,3,workload,12,v41-TC03-3-12-0e79b409,0.2,NORMAL,NORMAL,False,failed,not_used,,2.000568,"ConnectTimeout: HTTPConnectionPool(host='127.0.0.1', port=5000): Max retries exceeded with url: /add_order (Caused by ConnectTimeoutError(<HTTPConnection(host='127.0.0.1', port=5000) at 0x1471046a690>, 'Connection to 127.0.0.1 timed out. (connect timeout=2.0)'))",True,2.000568,,,not_attempted,False,,False,none,2.000611,Cloud Failure without Failover
2026-08-22 18:14:07.578,4.1,TC03-batch-20260822T181123-ea0cb7,TC03-20260822T181339002390-run3-8451f5,TC03,cloud_only_failure_no_failover,3,workload,13,v41-TC03-3-13-528b327f,0.2,NORMAL,NORMAL,False,failed,not_used,,2.016606,"ConnectTimeout: HTTPConnectionPool(host='127.0.0.1', port=5000): Max retries exceeded with url: /add_order (Caused by ConnectTimeoutError(<HTTPConnection(host='127.0.0.1', port=5000) at 0x147103b08d0>, 'Connection to 127.0.0.1 timed out. (connect timeout=2.0)'))",True,2.016606,,,not_attempted,False,,False,none,2.016659,Cloud Failure without Failover
2026-08-22 18:14:09.797,4.1,TC03-batch-20260822T181123-ea0cb7,TC03-20260822T181339002390-run3-8451f5,TC03,cloud_only_failure_no_failover,3,workload,14,v41-TC03-3-14-4f797636,0.2,NORMAL,NORMAL,False,failed,not_used,,2.015726,"ConnectTimeout: HTTPConnectionPool(host='127.0.0.1', port=5000): Max retries exceeded with url: /add_order (Caused by ConnectTimeoutError(<HTTPConnection(host='127.0.0.1', port=5000) at 0x147103b1d00>, 'Connection to 127.0.0.1 timed out. (connect timeout=2.0)'))",True,2.015726,,,not_attempted,False,,False,none,2.015768,Cloud Failure without Failover
2026-08-22 18:14:12.007,4.1,TC03-batch-20260822T181123-ea0cb7,TC03-20260822T181339002390-run3-8451f5,TC03,cloud_only_failure_no_failover,3,workload,15,v41-TC03-3-15-7e2c1273,0.2,NORMAL,NORMAL,False,failed,not_used,,2.007659,"ConnectTimeout: HTTPConnectionPool(host='127.0.0.1', port=5000): Max retries exceeded with url: /add_order (Caused by ConnectTimeoutError(<HTTPConnection(host='127.0.0.1', port=5000) at 0x147103b05a0>, 'Connection to 127.0.0.1 timed out. (connect timeout=2.0)'))",True,2.007659,,,not_attempted,False,,False,none,2.007683,Cloud Failure without Failover
2026-08-22 18:14:14.218,4.1,TC03-batch-20260822T181123-ea0cb7,TC03-20260822T181339002390-run3-8451f5,TC03,cloud_only_failure_no_failover,3,workload,16,v41-TC03-3-16-ec31054d,0.2,NORMAL,NORMAL,False,failed,not_used,,2.009762,"ConnectTimeout: HTTPConnectionPool(host='127.0.0.1', port=5000): Max retries exceeded with url: /add_order (Caused by ConnectTimeoutError(<HTTPConnection(host='127.0.0.1', port=5000) at 0x1471046b130>, 'Connection to 127.0.0.1 timed out. (connect timeout=2.0)'))",True,2.009762,,,not_attempted,False,,False,none,2.009804,Cloud Failure without Failover
2026-08-22 18:14:16.437,4.1,TC03-batch-20260822T181123-ea0cb7,TC03-20260822T181339002390-run3-8451f5,TC03,cloud_only_failure_no_failover,3,workload,17,v41-TC03-3-17-e4cc3bce,0.2,NORMAL,NORMAL,False,failed,not_used,,2.016195,"ConnectTimeout: HTTPConnectionPool(host='127.0.0.1', port=5000): Max retries exceeded with url: /add_order (Caused by ConnectTimeoutError(<HTTPConnection(host='127.0.0.1', port=5000) at 0x1471046b8a0>, 'Connection to 127.0.0.1 timed out. (connect timeout=2.0)'))",True,2.016195,,,not_attempted,False,,False,none,2.016241,Cloud Failure without Failover
2026-08-22 18:14:18.641,4.1,TC03-batch-20260822T181123-ea0cb7,TC03-20260822T181339002390-run3-8451f5,TC03,cloud_only_failure_no_failover,3,workload,18,v41-TC03-3-18-3959c7fd,0.2,NORMAL,NORMAL,False,failed,not_used,,2.00063,"ConnectTimeout: HTTPConnectionPool(host='127.0.0.1', port=5000): Max retries exceeded with url: /add_order (Caused by ConnectTimeoutError(<HTTPConnection(host='127.0.0.1', port=5000) at 0x147103b0270>, 'Connection to 127.0.0.1 timed out. (connect timeout=2.0)'))",True,2.00063,,,not_attempted,False,,False,none,2.000675,Cloud Failure without Failover
2026-08-22 18:14:20.859,4.1,TC03-batch-20260822T181123-ea0cb7,TC03-20260822T181339002390-run3-8451f5,TC03,cloud_only_failure_no_failover,3,workload,19,v41-TC03-3-19-2a65bc2e,0.2,NORMAL,NORMAL,False,failed,not_used,,2.015704,"ConnectTimeout: HTTPConnectionPool(host='127.0.0.1', port=5000): Max retries exceeded with url: /add_order (Caused by ConnectTimeoutError(<HTTPConnection(host='127.0.0.1', port=5000) at 0x147103b19d0>, 'Connection to 127.0.0.1 timed out. (connect timeout=2.0)'))",True,2.015704,,,not_attempted,False,,False,none,2.015746,Cloud Failure without Failover
2026-08-22 18:14:23.063,4.1,TC03-batch-20260822T181123-ea0cb7,TC03-20260822T181339002390-run3-8451f5,TC03,cloud_only_failure_no_failover,3,workload,20,v41-TC03-3-20-9c14256a,0.2,NORMAL,NORMAL,False,failed,not_used,,2.000575,"ConnectTimeout: HTTPConnectionPool(host='127.0.0.1', port=5000): Max retries exceeded with url: /add_order (Caused by ConnectTimeoutError(<HTTPConnection(host='127.0.0.1', port=5000) at 0x147103b1e10>, 'Connection to 127.0.0.1 timed out. (connect timeout=2.0)'))",True,2.000575,,,not_attempted,False,,False,none,2.000619,Cloud Failure without Failover
2026-08-22 18:14:25.280,4.1,TC03-batch-20260822T181123-ea0cb7,TC03-20260822T181339002390-run3-8451f5,TC03,cloud_only_failure_no_failover,3,workload,21,v41-TC03-3-21-50dc063d,0.2,NORMAL,NORMAL,False,failed,not_used,,2.01476,"ConnectTimeout: HTTPConnectionPool(host='127.0.0.1', port=5000): Max retries exceeded with url: /add_order (Caused by ConnectTimeoutError(<HTTPConnection(host='127.0.0.1', port=5000) at 0x147103b09e0>, 'Connection to 127.0.0.1 timed out. (connect timeout=2.0)'))",True,2.01476,,,not_attempted,False,,False,none,2.014802,Cloud Failure without Failover
2026-08-22 18:14:27.500,4.1,TC03-batch-20260822T181123-ea0cb7,TC03-20260822T181339002390-run3-8451f5,TC03,cloud_only_failure_no_failover,3,workload,22,v41-TC03-3-22-c01deef1,0.2,NORMAL,NORMAL,False,failed,not_used,,2.016698,"ConnectTimeout: HTTPConnectionPool(host='127.0.0.1', port=5000): Max retries exceeded with url: /add_order (Caused by ConnectTimeoutError(<HTTPConnection(host='127.0.0.1', port=5000) at 0x1471046bce0>, 'Connection to 127.0.0.1 timed out. (connect timeout=2.0)'))",True,2.016698,,,not_attempted,False,,False,none,2.016742,Cloud Failure without Failover
2026-08-22 18:14:29.718,4.1,TC03-batch-20260822T181123-ea0cb7,TC03-20260822T181339002390-run3-8451f5,TC03,cloud_only_failure_no_failover,3,workload,23,v41-TC03-3-23-8778bfb4,0.2,NORMAL,NORMAL,False,failed,not_used,,2.013533,"ConnectTimeout: HTTPConnectionPool(host='127.0.0.1', port=5000): Max retries exceeded with url: /add_order (Caused by ConnectTimeoutError(<HTTPConnection(host='127.0.0.1', port=5000) at 0x1471046b680>, 'Connection to 127.0.0.1 timed out. (connect timeout=2.0)'))",True,2.013533,,,not_attempted,False,,False,none,2.013576,Cloud Failure without Failover
2026-08-22 18:14:31.937,4.1,TC03-batch-20260822T181123-ea0cb7,TC03-20260822T181339002390-run3-8451f5,TC03,cloud_only_failure_no_failover,3,workload,24,v41-TC03-3-24-8e3bee75,0.2,NORMAL,NORMAL,False,failed,not_used,,2.015574,"ConnectTimeout: HTTPConnectionPool(host='127.0.0.1', port=5000): Max retries exceeded with url: /add_order (Caused by ConnectTimeoutError(<HTTPConnection(host='127.0.0.1', port=5000) at 0x147103b1370>, 'Connection to 127.0.0.1 timed out. (connect timeout=2.0)'))",True,2.015574,,,not_attempted,False,,False,none,2.015618,Cloud Failure without Failover
2026-08-22 18:14:34.140,4.1,TC03-batch-20260822T181123-ea0cb7,TC03-20260822T181339002390-run3-8451f5,TC03,cloud_only_failure_no_failover,3,workload,25,v41-TC03-3-25-53b346bb,0.2,NORMAL,NORMAL,False,failed,not_used,,2.00067,"ConnectTimeout: HTTPConnectionPool(host='127.0.0.1', port=5000): Max retries exceeded with url: /add_order (Caused by ConnectTimeoutError(<HTTPConnection(host='127.0.0.1', port=5000) at 0x147103b2250>, 'Connection to 127.0.0.1 timed out. (connect timeout=2.0)'))",True,2.00067,,,not_attempted,False,,False,none,2.000712,Cloud Failure without Failover
2026-08-22 18:14:36.344,4.1,TC03-batch-20260822T181123-ea0cb7,TC03-20260822T181339002390-run3-8451f5,TC03,cloud_only_failure_no_failover,3,workload,26,v41-TC03-3-26-c0de3560,0.2,NORMAL,NORMAL,False,failed,not_used,,2.000528,"ConnectTimeout: HTTPConnectionPool(host='127.0.0.1', port=5000): Max retries exceeded with url: /add_order (Caused by ConnectTimeoutError(<HTTPConnection(host='127.0.0.1', port=5000) at 0x147103b18c0>, 'Connection to 127.0.0.1 timed out. (connect timeout=2.0)'))",True,2.000528,,,not_attempted,False,,False,none,2.000572,Cloud Failure without Failover
2026-08-22 18:14:38.563,4.1,TC03-batch-20260822T181123-ea0cb7,TC03-20260822T181339002390-run3-8451f5,TC03,cloud_only_failure_no_failover,3,workload,27,v41-TC03-3-27-45268c22,0.2,NORMAL,NORMAL,False,failed,not_used,,2.016225,"ConnectTimeout: HTTPConnectionPool(host='127.0.0.1', port=5000): Max retries exceeded with url: /add_order (Caused by ConnectTimeoutError(<HTTPConnection(host='127.0.0.1', port=5000) at 0x1471046a8b0>, 'Connection to 127.0.0.1 timed out. (connect timeout=2.0)'))",True,2.016225,,,not_attempted,False,,False,none,2.016268,Cloud Failure without Failover
2026-08-22 18:14:40.782,4.1,TC03-batch-20260822T181123-ea0cb7,TC03-20260822T181339002390-run3-8451f5,TC03,cloud_only_failure_no_failover,3,workload,28,v41-TC03-3-28-743a23f5,0.2,NORMAL,NORMAL,False,failed,not_used,,2.016221,"ConnectTimeout: HTTPConnectionPool(host='127.0.0.1', port=5000): Max retries exceeded with url: /add_order (Caused by ConnectTimeoutError(<HTTPConnection(host='127.0.0.1', port=5000) at 0x1471046b570>, 'Connection to 127.0.0.1 timed out. (connect timeout=2.0)'))",True,2.016221,,,not_attempted,False,,False,none,2.016298,Cloud Failure without Failover
2026-08-22 18:14:43.000,4.1,TC03-batch-20260822T181123-ea0cb7,TC03-20260822T181339002390-run3-8451f5,TC03,cloud_only_failure_no_failover,3,workload,29,v41-TC03-3-29-e32d39c2,0.2,NORMAL,NORMAL,False,failed,not_used,,2.014708,"ConnectTimeout: HTTPConnectionPool(host='127.0.0.1', port=5000): Max retries exceeded with url: /add_order (Caused by ConnectTimeoutError(<HTTPConnection(host='127.0.0.1', port=5000) at 0x147103b0d10>, 'Connection to 127.0.0.1 timed out. (connect timeout=2.0)'))",True,2.014708,,,not_attempted,False,,False,none,2.014752,Cloud Failure without Failover
2026-08-22 18:14:45.218,4.1,TC03-batch-20260822T181123-ea0cb7,TC03-20260822T181339002390-run3-8451f5,TC03,cloud_only_failure_no_failover,3,workload,30,v41-TC03-3-30-fd966796,0.2,NORMAL,NORMAL,False,failed,not_used,,2.01539,"ConnectTimeout: HTTPConnectionPool(host='127.0.0.1', port=5000): Max retries exceeded with url: /add_order (Caused by ConnectTimeoutError(<HTTPConnection(host='127.0.0.1', port=5000) at 0x147103b0f30>, 'Connection to 127.0.0.1 timed out. (connect timeout=2.0)'))",True,2.01539,,,not_attempted,False,,False,none,2.015433,Cloud Failure without Failover
2026-08-22 18:14:48.875,4.1,TC03-batch-20260822T181123-ea0cb7,TC03-20260822T181446854400-run4-34b7e9,TC03,cloud_only_failure_no_failover,4,workload,1,v41-TC03-4-1-c9e1528b,0.2,NORMAL,NORMAL,False,failed,not_used,,1.998137,"ConnectTimeout: HTTPConnectionPool(host='127.0.0.1', port=5000): Max retries exceeded with url: /add_order (Caused by ConnectTimeoutError(<HTTPConnection(host='127.0.0.1', port=5000) at 0x1471046af10>, 'Connection to 127.0.0.1 timed out. (connect timeout=2.0)'))",True,1.998137,,,not_attempted,False,,False,none,1.998177,Cloud Failure without Failover
2026-08-22 18:14:51.092,4.1,TC03-batch-20260822T181123-ea0cb7,TC03-20260822T181446854400-run4-34b7e9,TC03,cloud_only_failure_no_failover,4,workload,2,v41-TC03-4-2-1d6c4577,0.2,NORMAL,NORMAL,False,failed,not_used,,2.014841,"ConnectTimeout: HTTPConnectionPool(host='127.0.0.1', port=5000): Max retries exceeded with url: /add_order (Caused by ConnectTimeoutError(<HTTPConnection(host='127.0.0.1', port=5000) at 0x147103b1260>, 'Connection to 127.0.0.1 timed out. (connect timeout=2.0)'))",True,2.014841,,,not_attempted,False,,False,none,2.014885,Cloud Failure without Failover
2026-08-22 18:14:54.266,4.1,TC03-batch-20260822T181123-ea0cb7,TC03-20260822T181446854400-run4-34b7e9,TC03,cloud_only_failure_no_failover,4,workload,3,v41-TC03-4-3-99a5ee55,0.2,NORMAL,NORMAL,False,failed,not_used,,2.013001,"ConnectTimeout: HTTPConnectionPool(host='127.0.0.1', port=5000): Max retries exceeded with url: /add_order (Caused by ConnectTimeoutError(<HTTPConnection(host='127.0.0.1', port=5000) at 0x147103b1480>, 'Connection to 127.0.0.1 timed out. (connect timeout=2.0)'))",True,2.013001,,,not_attempted,False,,False,none,2.013042,Cloud Failure without Failover
2026-08-22 18:14:56.485,4.1,TC03-batch-20260822T181123-ea0cb7,TC03-20260822T181446854400-run4-34b7e9,TC03,cloud_only_failure_no_failover,4,workload,4,v41-TC03-4-4-92ef27f1,0.2,NORMAL,NORMAL,False,failed,not_used,,2.016109,"ConnectTimeout: HTTPConnectionPool(host='127.0.0.1', port=5000): Max retries exceeded with url: /add_order (Caused by ConnectTimeoutError(<HTTPConnection(host='127.0.0.1', port=5000) at 0x147103b1590>, 'Connection to 127.0.0.1 timed out. (connect timeout=2.0)'))",True,2.016109,,,not_attempted,False,,False,none,2.01617,Cloud Failure without Failover
2026-08-22 18:14:58.702,4.1,TC03-batch-20260822T181123-ea0cb7,TC03-20260822T181446854400-run4-34b7e9,TC03,cloud_only_failure_no_failover,4,workload,5,v41-TC03-4-5-4c3d09ac,0.2,NORMAL,NORMAL,False,failed,not_used,,2.015277,"ConnectTimeout: HTTPConnectionPool(host='127.0.0.1', port=5000): Max retries exceeded with url: /add_order (Caused by ConnectTimeoutError(<HTTPConnection(host='127.0.0.1', port=5000) at 0x1471046b9b0>, 'Connection to 127.0.0.1 timed out. (connect timeout=2.0)'))",True,2.015277,,,not_attempted,False,,False,none,2.01532,Cloud Failure without Failover
2026-08-22 18:15:00.906,4.1,TC03-batch-20260822T181123-ea0cb7,TC03-20260822T181446854400-run4-34b7e9,TC03,cloud_only_failure_no_failover,4,workload,6,v41-TC03-4-6-77b63078,0.2,NORMAL,NORMAL,False,failed,not_used,,2.00093,"ConnectTimeout: HTTPConnectionPool(host='127.0.0.1', port=5000): Max retries exceeded with url: /add_order (Caused by ConnectTimeoutError(<HTTPConnection(host='127.0.0.1', port=5000) at 0x1471046b8a0>, 'Connection to 127.0.0.1 timed out. (connect timeout=2.0)'))",True,2.00093,,,not_attempted,False,,False,none,2.000972,Cloud Failure without Failover
2026-08-22 18:15:03.125,4.1,TC03-batch-20260822T181123-ea0cb7,TC03-20260822T181446854400-run4-34b7e9,TC03,cloud_only_failure_no_failover,4,workload,7,v41-TC03-4-7-e149cb41,0.2,NORMAL,NORMAL,False,failed,not_used,,2.015854,"ConnectTimeout: HTTPConnectionPool(host='127.0.0.1', port=5000): Max retries exceeded with url: /add_order (Caused by ConnectTimeoutError(<HTTPConnection(host='127.0.0.1', port=5000) at 0x147103b1d00>, 'Connection to 127.0.0.1 timed out. (connect timeout=2.0)'))",True,2.015854,,,not_attempted,False,,False,none,2.015897,Cloud Failure without Failover
2026-08-22 18:15:05.343,4.1,TC03-batch-20260822T181123-ea0cb7,TC03-20260822T181446854400-run4-34b7e9,TC03,cloud_only_failure_no_failover,4,workload,8,v41-TC03-4-8-d4382f48,0.2,NORMAL,NORMAL,False,failed,not_used,,2.015961,"ConnectTimeout: HTTPConnectionPool(host='127.0.0.1', port=5000): Max retries exceeded with url: /add_order (Caused by ConnectTimeoutError(<HTTPConnection(host='127.0.0.1', port=5000) at 0x147103b1260>, 'Connection to 127.0.0.1 timed out. (connect timeout=2.0)'))",True,2.015961,,,not_attempted,False,,False,none,2.016004,Cloud Failure without Failover
2026-08-22 18:15:07.547,4.1,TC03-batch-20260822T181123-ea0cb7,TC03-20260822T181446854400-run4-34b7e9,TC03,cloud_only_failure_no_failover,4,workload,9,v41-TC03-4-9-4230dfbd,0.2,NORMAL,NORMAL,False,failed,not_used,,2.001664,"ConnectTimeout: HTTPConnectionPool(host='127.0.0.1', port=5000): Max retries exceeded with url: /add_order (Caused by ConnectTimeoutError(<HTTPConnection(host='127.0.0.1', port=5000) at 0x147103b0490>, 'Connection to 127.0.0.1 timed out. (connect timeout=2.0)'))",True,2.001664,,,not_attempted,False,,False,none,2.001709,Cloud Failure without Failover
2026-08-22 18:15:09.765,4.1,TC03-batch-20260822T181123-ea0cb7,TC03-20260822T181446854400-run4-34b7e9,TC03,cloud_only_failure_no_failover,4,workload,10,v41-TC03-4-10-a1ff2039,0.2,NORMAL,NORMAL,False,failed,not_used,,2.014258,"ConnectTimeout: HTTPConnectionPool(host='127.0.0.1', port=5000): Max retries exceeded with url: /add_order (Caused by ConnectTimeoutError(<HTTPConnection(host='127.0.0.1', port=5000) at 0x1471046b9b0>, 'Connection to 127.0.0.1 timed out. (connect timeout=2.0)'))",True,2.014258,,,not_attempted,False,,False,none,2.014301,Cloud Failure without Failover
2026-08-22 18:15:11.984,4.1,TC03-batch-20260822T181123-ea0cb7,TC03-20260822T181446854400-run4-34b7e9,TC03,cloud_only_failure_no_failover,4,workload,11,v41-TC03-4-11-b70aa8c4,0.2,NORMAL,NORMAL,False,failed,not_used,,2.016463,"ConnectTimeout: HTTPConnectionPool(host='127.0.0.1', port=5000): Max retries exceeded with url: /add_order (Caused by ConnectTimeoutError(<HTTPConnection(host='127.0.0.1', port=5000) at 0x1471046b680>, 'Connection to 127.0.0.1 timed out. (connect timeout=2.0)'))",True,2.016463,,,not_attempted,False,,False,none,2.016517,Cloud Failure without Failover
2026-08-22 18:15:14.202,4.1,TC03-batch-20260822T181123-ea0cb7,TC03-20260822T181446854400-run4-34b7e9,TC03,cloud_only_failure_no_failover,4,workload,12,v41-TC03-4-12-1308a89a,0.2,NORMAL,NORMAL,False,failed,not_used,,2.00884,"ConnectTimeout: HTTPConnectionPool(host='127.0.0.1', port=5000): Max retries exceeded with url: /add_order (Caused by ConnectTimeoutError(<HTTPConnection(host='127.0.0.1', port=5000) at 0x147103b1260>, 'Connection to 127.0.0.1 timed out. (connect timeout=2.0)'))",True,2.00884,,,not_attempted,False,,False,none,2.008881,Cloud Failure without Failover
2026-08-22 18:15:16.407,4.1,TC03-batch-20260822T181123-ea0cb7,TC03-20260822T181446854400-run4-34b7e9,TC03,cloud_only_failure_no_failover,4,workload,13,v41-TC03-4-13-73eaa958,0.2,NORMAL,NORMAL,False,failed,not_used,,2.001874,"ConnectTimeout: HTTPConnectionPool(host='127.0.0.1', port=5000): Max retries exceeded with url: /add_order (Caused by ConnectTimeoutError(<HTTPConnection(host='127.0.0.1', port=5000) at 0x147103b1d00>, 'Connection to 127.0.0.1 timed out. (connect timeout=2.0)'))",True,2.001874,,,not_attempted,False,,False,none,2.001915,Cloud Failure without Failover
2026-08-22 18:15:18.610,4.1,TC03-batch-20260822T181123-ea0cb7,TC03-20260822T181446854400-run4-34b7e9,TC03,cloud_only_failure_no_failover,4,workload,14,v41-TC03-4-14-051efdbf,0.2,NORMAL,NORMAL,False,failed,not_used,,2.00033,"ConnectTimeout: HTTPConnectionPool(host='127.0.0.1', port=5000): Max retries exceeded with url: /add_order (Caused by ConnectTimeoutError(<HTTPConnection(host='127.0.0.1', port=5000) at 0x147103b0380>, 'Connection to 127.0.0.1 timed out. (connect timeout=2.0)'))",True,2.00033,,,not_attempted,False,,False,none,2.000367,Cloud Failure without Failover
2026-08-22 18:15:20.828,4.1,TC03-batch-20260822T181123-ea0cb7,TC03-20260822T181446854400-run4-34b7e9,TC03,cloud_only_failure_no_failover,4,workload,15,v41-TC03-4-15-6b54e1ab,0.2,NORMAL,NORMAL,False,failed,not_used,,2.014796,"ConnectTimeout: HTTPConnectionPool(host='127.0.0.1', port=5000): Max retries exceeded with url: /add_order (Caused by ConnectTimeoutError(<HTTPConnection(host='127.0.0.1', port=5000) at 0x1471046bf00>, 'Connection to 127.0.0.1 timed out. (connect timeout=2.0)'))",True,2.014796,,,not_attempted,False,,False,none,2.014862,Cloud Failure without Failover
2026-08-22 18:15:23.048,4.1,TC03-batch-20260822T181123-ea0cb7,TC03-20260822T181446854400-run4-34b7e9,TC03,cloud_only_failure_no_failover,4,workload,16,v41-TC03-4-16-e0fed422,0.2,NORMAL,NORMAL,False,failed,not_used,,2.015854,"ConnectTimeout: HTTPConnectionPool(host='127.0.0.1', port=5000): Max retries exceeded with url: /add_order (Caused by ConnectTimeoutError(<HTTPConnection(host='127.0.0.1', port=5000) at 0x1471046b570>, 'Connection to 127.0.0.1 timed out. (connect timeout=2.0)'))",True,2.015854,,,not_attempted,False,,False,none,2.015889,Cloud Failure without Failover
2026-08-22 18:15:25.265,4.1,TC03-batch-20260822T181123-ea0cb7,TC03-20260822T181446854400-run4-34b7e9,TC03,cloud_only_failure_no_failover,4,workload,17,v41-TC03-4-17-072892bf,0.2,NORMAL,NORMAL,False,failed,not_used,,2.014726,"ConnectTimeout: HTTPConnectionPool(host='127.0.0.1', port=5000): Max retries exceeded with url: /add_order (Caused by ConnectTimeoutError(<HTTPConnection(host='127.0.0.1', port=5000) at 0x147103b2250>, 'Connection to 127.0.0.1 timed out. (connect timeout=2.0)'))",True,2.014726,,,not_attempted,False,,False,none,2.014768,Cloud Failure without Failover
2026-08-22 18:15:27.483,4.1,TC03-batch-20260822T181123-ea0cb7,TC03-20260822T181446854400-run4-34b7e9,TC03,cloud_only_failure_no_failover,4,workload,18,v41-TC03-4-18-ae6991c9,0.2,NORMAL,NORMAL,False,failed,not_used,,2.013992,"ConnectTimeout: HTTPConnectionPool(host='127.0.0.1', port=5000): Max retries exceeded with url: /add_order (Caused by ConnectTimeoutError(<HTTPConnection(host='127.0.0.1', port=5000) at 0x147103b0c00>, 'Connection to 127.0.0.1 timed out. (connect timeout=2.0)'))",True,2.013992,,,not_attempted,False,,False,none,2.014036,Cloud Failure without Failover
2026-08-22 18:15:29.687,4.1,TC03-batch-20260822T181123-ea0cb7,TC03-20260822T181446854400-run4-34b7e9,TC03,cloud_only_failure_no_failover,4,workload,19,v41-TC03-4-19-f30e1aad,0.2,NORMAL,NORMAL,False,failed,not_used,,2.000866,"ConnectTimeout: HTTPConnectionPool(host='127.0.0.1', port=5000): Max retries exceeded with url: /add_order (Caused by ConnectTimeoutError(<HTTPConnection(host='127.0.0.1', port=5000) at 0x147103b1150>, 'Connection to 127.0.0.1 timed out. (connect timeout=2.0)'))",True,2.000866,,,not_attempted,False,,False,none,2.00091,Cloud Failure without Failover
2026-08-22 18:15:31.905,4.1,TC03-batch-20260822T181123-ea0cb7,TC03-20260822T181446854400-run4-34b7e9,TC03,cloud_only_failure_no_failover,4,workload,20,v41-TC03-4-20-6756767c,0.2,NORMAL,NORMAL,False,failed,not_used,,2.015957,"ConnectTimeout: HTTPConnectionPool(host='127.0.0.1', port=5000): Max retries exceeded with url: /add_order (Caused by ConnectTimeoutError(<HTTPConnection(host='127.0.0.1', port=5000) at 0x1471046b570>, 'Connection to 127.0.0.1 timed out. (connect timeout=2.0)'))",True,2.015957,,,not_attempted,False,,False,none,2.015999,Cloud Failure without Failover
2026-08-22 18:15:34.125,4.1,TC03-batch-20260822T181123-ea0cb7,TC03-20260822T181446854400-run4-34b7e9,TC03,cloud_only_failure_no_failover,4,workload,21,v41-TC03-4-21-7f8a6361,0.2,NORMAL,NORMAL,False,failed,not_used,,2.016925,"ConnectTimeout: HTTPConnectionPool(host='127.0.0.1', port=5000): Max retries exceeded with url: /add_order (Caused by ConnectTimeoutError(<HTTPConnection(host='127.0.0.1', port=5000) at 0x1471046b020>, 'Connection to 127.0.0.1 timed out. (connect timeout=2.0)'))",True,2.016925,,,not_attempted,False,,False,none,2.016962,Cloud Failure without Failover
2026-08-22 18:15:36.343,4.1,TC03-batch-20260822T181123-ea0cb7,TC03-20260822T181446854400-run4-34b7e9,TC03,cloud_only_failure_no_failover,4,workload,22,v41-TC03-4-22-c690f792,0.2,NORMAL,NORMAL,False,failed,not_used,,2.015932,"ConnectTimeout: HTTPConnectionPool(host='127.0.0.1', port=5000): Max retries exceeded with url: /add_order (Caused by ConnectTimeoutError(<HTTPConnection(host='127.0.0.1', port=5000) at 0x147103b06b0>, 'Connection to 127.0.0.1 timed out. (connect timeout=2.0)'))",True,2.015932,,,not_attempted,False,,False,none,2.015974,Cloud Failure without Failover
2026-08-22 18:15:38.546,4.1,TC03-batch-20260822T181123-ea0cb7,TC03-20260822T181446854400-run4-34b7e9,TC03,cloud_only_failure_no_failover,4,workload,23,v41-TC03-4-23-7b45f6c6,0.2,NORMAL,NORMAL,False,failed,not_used,,2.000451,"ConnectTimeout: HTTPConnectionPool(host='127.0.0.1', port=5000): Max retries exceeded with url: /add_order (Caused by ConnectTimeoutError(<HTTPConnection(host='127.0.0.1', port=5000) at 0x147103b1bf0>, 'Connection to 127.0.0.1 timed out. (connect timeout=2.0)'))",True,2.000451,,,not_attempted,False,,False,none,2.000493,Cloud Failure without Failover
2026-08-22 18:15:40.750,4.1,TC03-batch-20260822T181123-ea0cb7,TC03-20260822T181446854400-run4-34b7e9,TC03,cloud_only_failure_no_failover,4,workload,24,v41-TC03-4-24-fe9522e7,0.2,NORMAL,NORMAL,False,failed,not_used,,2.001002,"ConnectTimeout: HTTPConnectionPool(host='127.0.0.1', port=5000): Max retries exceeded with url: /add_order (Caused by ConnectTimeoutError(<HTTPConnection(host='127.0.0.1', port=5000) at 0x147103b1f20>, 'Connection to 127.0.0.1 timed out. (connect timeout=2.0)'))",True,2.001002,,,not_attempted,False,,False,none,2.001064,Cloud Failure without Failover
2026-08-22 18:15:42.968,4.1,TC03-batch-20260822T181123-ea0cb7,TC03-20260822T181446854400-run4-34b7e9,TC03,cloud_only_failure_no_failover,4,workload,25,v41-TC03-4-25-22ccf836,0.2,NORMAL,NORMAL,False,failed,not_used,,2.015356,"ConnectTimeout: HTTPConnectionPool(host='127.0.0.1', port=5000): Max retries exceeded with url: /add_order (Caused by ConnectTimeoutError(<HTTPConnection(host='127.0.0.1', port=5000) at 0x147103b1590>, 'Connection to 127.0.0.1 timed out. (connect timeout=2.0)'))",True,2.015356,,,not_attempted,False,,False,none,2.015403,Cloud Failure without Failover
2026-08-22 18:15:45.186,4.1,TC03-batch-20260822T181123-ea0cb7,TC03-20260822T181446854400-run4-34b7e9,TC03,cloud_only_failure_no_failover,4,workload,26,v41-TC03-4-26-e4cb267a,0.2,NORMAL,NORMAL,False,failed,not_used,,2.01568,"ConnectTimeout: HTTPConnectionPool(host='127.0.0.1', port=5000): Max retries exceeded with url: /add_order (Caused by ConnectTimeoutError(<HTTPConnection(host='127.0.0.1', port=5000) at 0x1471046bdf0>, 'Connection to 127.0.0.1 timed out. (connect timeout=2.0)'))",True,2.01568,,,not_attempted,False,,False,none,2.015722,Cloud Failure without Failover
2026-08-22 18:15:47.406,4.1,TC03-batch-20260822T181123-ea0cb7,TC03-20260822T181446854400-run4-34b7e9,TC03,cloud_only_failure_no_failover,4,workload,27,v41-TC03-4-27-3df9a3cd,0.2,NORMAL,NORMAL,False,failed,not_used,,2.015819,"ConnectTimeout: HTTPConnectionPool(host='127.0.0.1', port=5000): Max retries exceeded with url: /add_order (Caused by ConnectTimeoutError(<HTTPConnection(host='127.0.0.1', port=5000) at 0x1471046bac0>, 'Connection to 127.0.0.1 timed out. (connect timeout=2.0)'))",True,2.015819,,,not_attempted,False,,False,none,2.015862,Cloud Failure without Failover
2026-08-22 18:15:49.609,4.1,TC03-batch-20260822T181123-ea0cb7,TC03-20260822T181446854400-run4-34b7e9,TC03,cloud_only_failure_no_failover,4,workload,28,v41-TC03-4-28-b2bff905,0.2,NORMAL,NORMAL,False,failed,not_used,,2.000758,"ConnectTimeout: HTTPConnectionPool(host='127.0.0.1', port=5000): Max retries exceeded with url: /add_order (Caused by ConnectTimeoutError(<HTTPConnection(host='127.0.0.1', port=5000) at 0x147103b2690>, 'Connection to 127.0.0.1 timed out. (connect timeout=2.0)'))",True,2.000758,,,not_attempted,False,,False,none,2.000813,Cloud Failure without Failover
2026-08-22 18:15:51.828,4.1,TC03-batch-20260822T181123-ea0cb7,TC03-20260822T181446854400-run4-34b7e9,TC03,cloud_only_failure_no_failover,4,workload,29,v41-TC03-4-29-b3a9d003,0.2,NORMAL,NORMAL,False,failed,not_used,,2.014693,"ConnectTimeout: HTTPConnectionPool(host='127.0.0.1', port=5000): Max retries exceeded with url: /add_order (Caused by ConnectTimeoutError(<HTTPConnection(host='127.0.0.1', port=5000) at 0x147103b17b0>, 'Connection to 127.0.0.1 timed out. (connect timeout=2.0)'))",True,2.014693,,,not_attempted,False,,False,none,2.014735,Cloud Failure without Failover
2026-08-22 18:15:54.043,4.1,TC03-batch-20260822T181123-ea0cb7,TC03-20260822T181446854400-run4-34b7e9,TC03,cloud_only_failure_no_failover,4,workload,30,v41-TC03-4-30-9f010700,0.2,NORMAL,NORMAL,False,failed,not_used,,2.012569,"ConnectTimeout: HTTPConnectionPool(host='127.0.0.1', port=5000): Max retries exceeded with url: /add_order (Caused by ConnectTimeoutError(<HTTPConnection(host='127.0.0.1', port=5000) at 0x147103b2140>, 'Connection to 127.0.0.1 timed out. (connect timeout=2.0)'))",True,2.012569,,,not_attempted,False,,False,none,2.012587,Cloud Failure without Failover
2026-08-22 18:15:57.704,4.1,TC03-batch-20260822T181123-ea0cb7,TC03-20260822T181555673638-run5-7216a2,TC03,cloud_only_failure_no_failover,5,workload,1,v41-TC03-5-1-889527b4,0.2,NORMAL,NORMAL,False,failed,not_used,,2.009232,"ConnectTimeout: HTTPConnectionPool(host='127.0.0.1', port=5000): Max retries exceeded with url: /add_order (Caused by ConnectTimeoutError(<HTTPConnection(host='127.0.0.1', port=5000) at 0x1471046bf00>, 'Connection to 127.0.0.1 timed out. (connect timeout=2.0)'))",True,2.009232,,,not_attempted,False,,False,none,2.009288,Cloud Failure without Failover
2026-08-22 18:15:59.923,4.1,TC03-batch-20260822T181123-ea0cb7,TC03-20260822T181555673638-run5-7216a2,TC03,cloud_only_failure_no_failover,5,workload,2,v41-TC03-5-2-7f19dce3,0.2,NORMAL,NORMAL,False,failed,not_used,,2.016202,"ConnectTimeout: HTTPConnectionPool(host='127.0.0.1', port=5000): Max retries exceeded with url: /add_order (Caused by ConnectTimeoutError(<HTTPConnection(host='127.0.0.1', port=5000) at 0x1471046af10>, 'Connection to 127.0.0.1 timed out. (connect timeout=2.0)'))",True,2.016202,,,not_attempted,False,,False,none,2.016274,Cloud Failure without Failover
2026-08-22 18:16:02.137,4.1,TC03-batch-20260822T181123-ea0cb7,TC03-20260822T181555673638-run5-7216a2,TC03,cloud_only_failure_no_failover,5,workload,3,v41-TC03-5-3-0ad77c3d,0.2,NORMAL,NORMAL,False,failed,not_used,,2.010777,"ConnectTimeout: HTTPConnectionPool(host='127.0.0.1', port=5000): Max retries exceeded with url: /add_order (Caused by ConnectTimeoutError(<HTTPConnection(host='127.0.0.1', port=5000) at 0x147103b17b0>, 'Connection to 127.0.0.1 timed out. (connect timeout=2.0)'))",True,2.010777,,,not_attempted,False,,False,none,2.010819,Cloud Failure without Failover
2026-08-22 18:16:04.344,4.1,TC03-batch-20260822T181123-ea0cb7,TC03-20260822T181555673638-run5-7216a2,TC03,cloud_only_failure_no_failover,5,workload,4,v41-TC03-5-4-f48e8a1d,0.2,NORMAL,NORMAL,False,failed,not_used,,2.003038,"ConnectTimeout: HTTPConnectionPool(host='127.0.0.1', port=5000): Max retries exceeded with url: /add_order (Caused by ConnectTimeoutError(<HTTPConnection(host='127.0.0.1', port=5000) at 0x147103b2690>, 'Connection to 127.0.0.1 timed out. (connect timeout=2.0)'))",True,2.003038,,,not_attempted,False,,False,none,2.003079,Cloud Failure without Failover
2026-08-22 18:16:06.563,4.1,TC03-batch-20260822T181123-ea0cb7,TC03-20260822T181555673638-run5-7216a2,TC03,cloud_only_failure_no_failover,5,workload,5,v41-TC03-5-5-b1eb6e21,0.2,NORMAL,NORMAL,False,failed,not_used,,2.016268,"ConnectTimeout: HTTPConnectionPool(host='127.0.0.1', port=5000): Max retries exceeded with url: /add_order (Caused by ConnectTimeoutError(<HTTPConnection(host='127.0.0.1', port=5000) at 0x147103b1590>, 'Connection to 127.0.0.1 timed out. (connect timeout=2.0)'))",True,2.016268,,,not_attempted,False,,False,none,2.016311,Cloud Failure without Failover
2026-08-22 18:16:08.780,4.1,TC03-batch-20260822T181123-ea0cb7,TC03-20260822T181555673638-run5-7216a2,TC03,cloud_only_failure_no_failover,5,workload,6,v41-TC03-5-6-e5dc1cb6,0.2,NORMAL,NORMAL,False,failed,not_used,,2.014953,"ConnectTimeout: HTTPConnectionPool(host='127.0.0.1', port=5000): Max retries exceeded with url: /add_order (Caused by ConnectTimeoutError(<HTTPConnection(host='127.0.0.1', port=5000) at 0x1471046b790>, 'Connection to 127.0.0.1 timed out. (connect timeout=2.0)'))",True,2.014953,,,not_attempted,False,,False,none,2.014995,Cloud Failure without Failover
2026-08-22 18:16:10.999,4.1,TC03-batch-20260822T181123-ea0cb7,TC03-20260822T181555673638-run5-7216a2,TC03,cloud_only_failure_no_failover,5,workload,7,v41-TC03-5-7-ea10d6d7,0.2,NORMAL,NORMAL,False,failed,not_used,,2.016002,"ConnectTimeout: HTTPConnectionPool(host='127.0.0.1', port=5000): Max retries exceeded with url: /add_order (Caused by ConnectTimeoutError(<HTTPConnection(host='127.0.0.1', port=5000) at 0x1471046a9c0>, 'Connection to 127.0.0.1 timed out. (connect timeout=2.0)'))",True,2.016002,,,not_attempted,False,,False,none,2.01608,Cloud Failure without Failover
2026-08-22 18:16:13.206,4.1,TC03-batch-20260822T181123-ea0cb7,TC03-20260822T181555673638-run5-7216a2,TC03,cloud_only_failure_no_failover,5,workload,8,v41-TC03-5-8-261d3340,0.2,NORMAL,NORMAL,False,failed,not_used,,2.00239,"ConnectTimeout: HTTPConnectionPool(host='127.0.0.1', port=5000): Max retries exceeded with url: /add_order (Caused by ConnectTimeoutError(<HTTPConnection(host='127.0.0.1', port=5000) at 0x147103b05a0>, 'Connection to 127.0.0.1 timed out. (connect timeout=2.0)'))",True,2.00239,,,not_attempted,False,,False,none,2.002432,Cloud Failure without Failover
2026-08-22 18:16:15.422,4.1,TC03-batch-20260822T181123-ea0cb7,TC03-20260822T181555673638-run5-7216a2,TC03,cloud_only_failure_no_failover,5,workload,9,v41-TC03-5-9-d3c4a56b,0.2,NORMAL,NORMAL,False,failed,not_used,,2.013048,"ConnectTimeout: HTTPConnectionPool(host='127.0.0.1', port=5000): Max retries exceeded with url: /add_order (Caused by ConnectTimeoutError(<HTTPConnection(host='127.0.0.1', port=5000) at 0x147103b0d10>, 'Connection to 127.0.0.1 timed out. (connect timeout=2.0)'))",True,2.013048,,,not_attempted,False,,False,none,2.013107,Cloud Failure without Failover
2026-08-22 18:16:17.629,4.1,TC03-batch-20260822T181123-ea0cb7,TC03-20260822T181555673638-run5-7216a2,TC03,cloud_only_failure_no_failover,5,workload,10,v41-TC03-5-10-c9094061,0.2,NORMAL,NORMAL,False,failed,not_used,,2.004789,"ConnectTimeout: HTTPConnectionPool(host='127.0.0.1', port=5000): Max retries exceeded with url: /add_order (Caused by ConnectTimeoutError(<HTTPConnection(host='127.0.0.1', port=5000) at 0x147103b0f30>, 'Connection to 127.0.0.1 timed out. (connect timeout=2.0)'))",True,2.004789,,,not_attempted,False,,False,none,2.004851,Cloud Failure without Failover
2026-08-22 18:16:19.843,4.1,TC03-batch-20260822T181123-ea0cb7,TC03-20260822T181555673638-run5-7216a2,TC03,cloud_only_failure_no_failover,5,workload,11,v41-TC03-5-11-4306a7ad,0.2,NORMAL,NORMAL,False,failed,not_used,,2.011615,"ConnectTimeout: HTTPConnectionPool(host='127.0.0.1', port=5000): Max retries exceeded with url: /add_order (Caused by ConnectTimeoutError(<HTTPConnection(host='127.0.0.1', port=5000) at 0x1471046b460>, 'Connection to 127.0.0.1 timed out. (connect timeout=2.0)'))",True,2.011615,,,not_attempted,False,,False,none,2.011658,Cloud Failure without Failover
2026-08-22 18:16:22.056,4.1,TC03-batch-20260822T181123-ea0cb7,TC03-20260822T181555673638-run5-7216a2,TC03,cloud_only_failure_no_failover,5,workload,12,v41-TC03-5-12-796fd8dd,0.2,NORMAL,NORMAL,False,failed,not_used,,2.009486,"ConnectTimeout: HTTPConnectionPool(host='127.0.0.1', port=5000): Max retries exceeded with url: /add_order (Caused by ConnectTimeoutError(<HTTPConnection(host='127.0.0.1', port=5000) at 0x1471046bf00>, 'Connection to 127.0.0.1 timed out. (connect timeout=2.0)'))",True,2.009486,,,not_attempted,False,,False,none,2.009563,Cloud Failure without Failover
2026-08-22 18:16:24.266,4.1,TC03-batch-20260822T181123-ea0cb7,TC03-20260822T181555673638-run5-7216a2,TC03,cloud_only_failure_no_failover,5,workload,13,v41-TC03-5-13-4bb916c3,0.2,NORMAL,NORMAL,False,failed,not_used,,2.007786,"ConnectTimeout: HTTPConnectionPool(host='127.0.0.1', port=5000): Max retries exceeded with url: /add_order (Caused by ConnectTimeoutError(<HTTPConnection(host='127.0.0.1', port=5000) at 0x147103b19d0>, 'Connection to 127.0.0.1 timed out. (connect timeout=2.0)'))",True,2.007786,,,not_attempted,False,,False,none,2.00783,Cloud Failure without Failover
2026-08-22 18:16:26.484,4.1,TC03-batch-20260822T181123-ea0cb7,TC03-20260822T181555673638-run5-7216a2,TC03,cloud_only_failure_no_failover,5,workload,14,v41-TC03-5-14-01a4ad46,0.2,NORMAL,NORMAL,False,failed,not_used,,2.014559,"ConnectTimeout: HTTPConnectionPool(host='127.0.0.1', port=5000): Max retries exceeded with url: /add_order (Caused by ConnectTimeoutError(<HTTPConnection(host='127.0.0.1', port=5000) at 0x147103b08d0>, 'Connection to 127.0.0.1 timed out. (connect timeout=2.0)'))",True,2.014559,,,not_attempted,False,,False,none,2.014602,Cloud Failure without Failover
2026-08-22 18:16:28.703,4.1,TC03-batch-20260822T181123-ea0cb7,TC03-20260822T181555673638-run5-7216a2,TC03,cloud_only_failure_no_failover,5,workload,15,v41-TC03-5-15-53932156,0.2,NORMAL,NORMAL,False,failed,not_used,,2.015689,"ConnectTimeout: HTTPConnectionPool(host='127.0.0.1', port=5000): Max retries exceeded with url: /add_order (Caused by ConnectTimeoutError(<HTTPConnection(host='127.0.0.1', port=5000) at 0x147103b0270>, 'Connection to 127.0.0.1 timed out. (connect timeout=2.0)'))",True,2.015689,,,not_attempted,False,,False,none,2.015708,Cloud Failure without Failover
2026-08-22 18:16:30.906,4.1,TC03-batch-20260822T181123-ea0cb7,TC03-20260822T181555673638-run5-7216a2,TC03,cloud_only_failure_no_failover,5,workload,16,v41-TC03-5-16-e7682f2a,0.2,NORMAL,NORMAL,False,failed,not_used,,2.001863,"ConnectTimeout: HTTPConnectionPool(host='127.0.0.1', port=5000): Max retries exceeded with url: /add_order (Caused by ConnectTimeoutError(<HTTPConnection(host='127.0.0.1', port=5000) at 0x147103b0e20>, 'Connection to 127.0.0.1 timed out. (connect timeout=2.0)'))",True,2.001863,,,not_attempted,False,,False,none,2.001907,Cloud Failure without Failover
2026-08-22 18:16:33.123,4.1,TC03-batch-20260822T181123-ea0cb7,TC03-20260822T181555673638-run5-7216a2,TC03,cloud_only_failure_no_failover,5,workload,17,v41-TC03-5-17-f5137211,0.2,NORMAL,NORMAL,False,failed,not_used,,2.01456,"ConnectTimeout: HTTPConnectionPool(host='127.0.0.1', port=5000): Max retries exceeded with url: /add_order (Caused by ConnectTimeoutError(<HTTPConnection(host='127.0.0.1', port=5000) at 0x1471046aad0>, 'Connection to 127.0.0.1 timed out. (connect timeout=2.0)'))",True,2.01456,,,not_attempted,False,,False,none,2.014601,Cloud Failure without Failover
2026-08-22 18:16:35.328,4.1,TC03-batch-20260822T181123-ea0cb7,TC03-20260822T181555673638-run5-7216a2,TC03,cloud_only_failure_no_failover,5,workload,18,v41-TC03-5-18-e5b14520,0.2,NORMAL,NORMAL,False,failed,not_used,,2.001545,"ConnectTimeout: HTTPConnectionPool(host='127.0.0.1', port=5000): Max retries exceeded with url: /add_order (Caused by ConnectTimeoutError(<HTTPConnection(host='127.0.0.1', port=5000) at 0x1471046a8b0>, 'Connection to 127.0.0.1 timed out. (connect timeout=2.0)'))",True,2.001545,,,not_attempted,False,,False,none,2.001587,Cloud Failure without Failover
2026-08-22 18:16:37.547,4.1,TC03-batch-20260822T181123-ea0cb7,TC03-20260822T181555673638-run5-7216a2,TC03,cloud_only_failure_no_failover,5,workload,19,v41-TC03-5-19-ccc388b4,0.2,NORMAL,NORMAL,False,failed,not_used,,2.016253,"ConnectTimeout: HTTPConnectionPool(host='127.0.0.1', port=5000): Max retries exceeded with url: /add_order (Caused by ConnectTimeoutError(<HTTPConnection(host='127.0.0.1', port=5000) at 0x147103b07c0>, 'Connection to 127.0.0.1 timed out. (connect timeout=2.0)'))",True,2.016253,,,not_attempted,False,,False,none,2.016296,Cloud Failure without Failover
2026-08-22 18:16:39.751,4.1,TC03-batch-20260822T181123-ea0cb7,TC03-20260822T181555673638-run5-7216a2,TC03,cloud_only_failure_no_failover,5,workload,20,v41-TC03-5-20-bdad36a6,0.2,NORMAL,NORMAL,False,failed,not_used,,2.000511,"ConnectTimeout: HTTPConnectionPool(host='127.0.0.1', port=5000): Max retries exceeded with url: /add_order (Caused by ConnectTimeoutError(<HTTPConnection(host='127.0.0.1', port=5000) at 0x147103b05a0>, 'Connection to 127.0.0.1 timed out. (connect timeout=2.0)'))",True,2.000511,,,not_attempted,False,,False,none,2.000553,Cloud Failure without Failover
2026-08-22 18:16:41.968,4.1,TC03-batch-20260822T181123-ea0cb7,TC03-20260822T181555673638-run5-7216a2,TC03,cloud_only_failure_no_failover,5,workload,21,v41-TC03-5-21-0730bb23,0.2,NORMAL,NORMAL,False,failed,not_used,,2.015127,"ConnectTimeout: HTTPConnectionPool(host='127.0.0.1', port=5000): Max retries exceeded with url: /add_order (Caused by ConnectTimeoutError(<HTTPConnection(host='127.0.0.1', port=5000) at 0x147103b1e10>, 'Connection to 127.0.0.1 timed out. (connect timeout=2.0)'))",True,2.015127,,,not_attempted,False,,False,none,2.015183,Cloud Failure without Failover
2026-08-22 18:16:44.186,4.1,TC03-batch-20260822T181123-ea0cb7,TC03-20260822T181555673638-run5-7216a2,TC03,cloud_only_failure_no_failover,5,workload,22,v41-TC03-5-22-4bd3c200,0.2,NORMAL,NORMAL,False,failed,not_used,,2.013243,"ConnectTimeout: HTTPConnectionPool(host='127.0.0.1', port=5000): Max retries exceeded with url: /add_order (Caused by ConnectTimeoutError(<HTTPConnection(host='127.0.0.1', port=5000) at 0x1471046b460>, 'Connection to 127.0.0.1 timed out. (connect timeout=2.0)'))",True,2.013243,,,not_attempted,False,,False,none,2.013287,Cloud Failure without Failover
2026-08-22 18:16:46.390,4.1,TC03-batch-20260822T181123-ea0cb7,TC03-20260822T181555673638-run5-7216a2,TC03,cloud_only_failure_no_failover,5,workload,23,v41-TC03-5-23-39061076,0.2,NORMAL,NORMAL,False,failed,not_used,,2.000425,"ConnectTimeout: HTTPConnectionPool(host='127.0.0.1', port=5000): Max retries exceeded with url: /add_order (Caused by ConnectTimeoutError(<HTTPConnection(host='127.0.0.1', port=5000) at 0x1471046af10>, 'Connection to 127.0.0.1 timed out. (connect timeout=2.0)'))",True,2.000425,,,not_attempted,False,,False,none,2.000467,Cloud Failure without Failover
2026-08-22 18:16:48.609,4.1,TC03-batch-20260822T181123-ea0cb7,TC03-20260822T181555673638-run5-7216a2,TC03,cloud_only_failure_no_failover,5,workload,24,v41-TC03-5-24-5aedcd74,0.2,NORMAL,NORMAL,False,failed,not_used,,2.016322,"ConnectTimeout: HTTPConnectionPool(host='127.0.0.1', port=5000): Max retries exceeded with url: /add_order (Caused by ConnectTimeoutError(<HTTPConnection(host='127.0.0.1', port=5000) at 0x147103b16a0>, 'Connection to 127.0.0.1 timed out. (connect timeout=2.0)'))",True,2.016322,,,not_attempted,False,,False,none,2.016366,Cloud Failure without Failover
2026-08-22 18:16:50.827,4.1,TC03-batch-20260822T181123-ea0cb7,TC03-20260822T181555673638-run5-7216a2,TC03,cloud_only_failure_no_failover,5,workload,25,v41-TC03-5-25-091f9c48,0.2,NORMAL,NORMAL,False,failed,not_used,,2.014868,"ConnectTimeout: HTTPConnectionPool(host='127.0.0.1', port=5000): Max retries exceeded with url: /add_order (Caused by ConnectTimeoutError(<HTTPConnection(host='127.0.0.1', port=5000) at 0x147103b2030>, 'Connection to 127.0.0.1 timed out. (connect timeout=2.0)'))",True,2.014868,,,not_attempted,False,,False,none,2.014909,Cloud Failure without Failover
2026-08-22 18:16:53.031,4.1,TC03-batch-20260822T181123-ea0cb7,TC03-20260822T181555673638-run5-7216a2,TC03,cloud_only_failure_no_failover,5,workload,26,v41-TC03-5-26-e125abe0,0.2,NORMAL,NORMAL,False,failed,not_used,,2.001305,"ConnectTimeout: HTTPConnectionPool(host='127.0.0.1', port=5000): Max retries exceeded with url: /add_order (Caused by ConnectTimeoutError(<HTTPConnection(host='127.0.0.1', port=5000) at 0x147103b2690>, 'Connection to 127.0.0.1 timed out. (connect timeout=2.0)'))",True,2.001305,,,not_attempted,False,,False,none,2.001349,Cloud Failure without Failover
2026-08-22 18:16:55.249,4.1,TC03-batch-20260822T181123-ea0cb7,TC03-20260822T181555673638-run5-7216a2,TC03,cloud_only_failure_no_failover,5,workload,27,v41-TC03-5-27-6b711166,0.2,NORMAL,NORMAL,False,failed,not_used,,2.014992,"ConnectTimeout: HTTPConnectionPool(host='127.0.0.1', port=5000): Max retries exceeded with url: /add_order (Caused by ConnectTimeoutError(<HTTPConnection(host='127.0.0.1', port=5000) at 0x147103b0f30>, 'Connection to 127.0.0.1 timed out. (connect timeout=2.0)'))",True,2.014992,,,not_attempted,False,,False,none,2.015036,Cloud Failure without Failover
2026-08-22 18:16:57.452,4.1,TC03-batch-20260822T181123-ea0cb7,TC03-20260822T181555673638-run5-7216a2,TC03,cloud_only_failure_no_failover,5,workload,28,v41-TC03-5-28-57c186ae,0.2,NORMAL,NORMAL,False,failed,not_used,,2.000479,"ConnectTimeout: HTTPConnectionPool(host='127.0.0.1', port=5000): Max retries exceeded with url: /add_order (Caused by ConnectTimeoutError(<HTTPConnection(host='127.0.0.1', port=5000) at 0x1471046bbd0>, 'Connection to 127.0.0.1 timed out. (connect timeout=2.0)'))",True,2.000479,,,not_attempted,False,,False,none,2.000524,Cloud Failure without Failover
2026-08-22 18:16:59.671,4.1,TC03-batch-20260822T181123-ea0cb7,TC03-20260822T181555673638-run5-7216a2,TC03,cloud_only_failure_no_failover,5,workload,29,v41-TC03-5-29-b2b09cc6,0.2,NORMAL,NORMAL,False,failed,not_used,,2.015994,"ConnectTimeout: HTTPConnectionPool(host='127.0.0.1', port=5000): Max retries exceeded with url: /add_order (Caused by ConnectTimeoutError(<HTTPConnection(host='127.0.0.1', port=5000) at 0x1471046bac0>, 'Connection to 127.0.0.1 timed out. (connect timeout=2.0)'))",True,2.015994,,,not_attempted,False,,False,none,2.016036,Cloud Failure without Failover
2026-08-22 18:17:01.890,4.1,TC03-batch-20260822T181123-ea0cb7,TC03-20260822T181555673638-run5-7216a2,TC03,cloud_only_failure_no_failover,5,workload,30,v41-TC03-5-30-795aaeb1,0.2,NORMAL,NORMAL,False,failed,not_used,,2.015869,"ConnectTimeout: HTTPConnectionPool(host='127.0.0.1', port=5000): Max retries exceeded with url: /add_order (Caused by ConnectTimeoutError(<HTTPConnection(host='127.0.0.1', port=5000) at 0x147103b0270>, 'Connection to 127.0.0.1 timed out. (connect timeout=2.0)'))",True,2.015869,,,not_attempted,False,,False,none,2.015912,Cloud Failure without Failover
2026-08-22 18:17:05.531,4.1,TC03-batch-20260822T181123-ea0cb7,TC03-20260822T181703527516-run6-d0f76a,TC03,cloud_only_failure_no_failover,6,workload,1,v41-TC03-6-1-a8b38bf8,0.2,NORMAL,NORMAL,False,failed,not_used,,1.992453,"ConnectTimeout: HTTPConnectionPool(host='127.0.0.1', port=5000): Max retries exceeded with url: /add_order (Caused by ConnectTimeoutError(<HTTPConnection(host='127.0.0.1', port=5000) at 0x1471046aad0>, 'Connection to 127.0.0.1 timed out. (connect timeout=2.0)'))",True,1.992453,,,not_attempted,False,,False,none,1.992473,Cloud Failure without Failover
2026-08-22 18:17:07.734,4.1,TC03-batch-20260822T181123-ea0cb7,TC03-20260822T181703527516-run6-d0f76a,TC03,cloud_only_failure_no_failover,6,workload,2,v41-TC03-6-2-478cca42,0.2,NORMAL,NORMAL,False,failed,not_used,,2.002092,"ConnectTimeout: HTTPConnectionPool(host='127.0.0.1', port=5000): Max retries exceeded with url: /add_order (Caused by ConnectTimeoutError(<HTTPConnection(host='127.0.0.1', port=5000) at 0x1471046b460>, 'Connection to 127.0.0.1 timed out. (connect timeout=2.0)'))",True,2.002092,,,not_attempted,False,,False,none,2.002135,Cloud Failure without Failover
2026-08-22 18:17:09.953,4.1,TC03-batch-20260822T181123-ea0cb7,TC03-20260822T181703527516-run6-d0f76a,TC03,cloud_only_failure_no_failover,6,workload,3,v41-TC03-6-3-edae90db,0.2,NORMAL,NORMAL,False,failed,not_used,,2.015898,"ConnectTimeout: HTTPConnectionPool(host='127.0.0.1', port=5000): Max retries exceeded with url: /add_order (Caused by ConnectTimeoutError(<HTTPConnection(host='127.0.0.1', port=5000) at 0x147103b2250>, 'Connection to 127.0.0.1 timed out. (connect timeout=2.0)'))",True,2.015898,,,not_attempted,False,,False,none,2.015941,Cloud Failure without Failover
2026-08-22 18:17:12.171,4.1,TC03-batch-20260822T181123-ea0cb7,TC03-20260822T181703527516-run6-d0f76a,TC03,cloud_only_failure_no_failover,6,workload,4,v41-TC03-6-4-84612e34,0.2,NORMAL,NORMAL,False,failed,not_used,,2.013307,"ConnectTimeout: HTTPConnectionPool(host='127.0.0.1', port=5000): Max retries exceeded with url: /add_order (Caused by ConnectTimeoutError(<HTTPConnection(host='127.0.0.1', port=5000) at 0x147103b27a0>, 'Connection to 127.0.0.1 timed out. (connect timeout=2.0)'))",True,2.013307,,,not_attempted,False,,False,none,2.013349,Cloud Failure without Failover
2026-08-22 18:17:14.391,4.1,TC03-batch-20260822T181123-ea0cb7,TC03-20260822T181703527516-run6-d0f76a,TC03,cloud_only_failure_no_failover,6,workload,5,v41-TC03-6-5-b19dc9c6,0.2,NORMAL,NORMAL,False,failed,not_used,,2.017311,"ConnectTimeout: HTTPConnectionPool(host='127.0.0.1', port=5000): Max retries exceeded with url: /add_order (Caused by ConnectTimeoutError(<HTTPConnection(host='127.0.0.1', port=5000) at 0x147103b05a0>, 'Connection to 127.0.0.1 timed out. (connect timeout=2.0)'))",True,2.017311,,,not_attempted,False,,False,none,2.017356,Cloud Failure without Failover
2026-08-22 18:17:16.609,4.1,TC03-batch-20260822T181123-ea0cb7,TC03-20260822T181703527516-run6-d0f76a,TC03,cloud_only_failure_no_failover,6,workload,6,v41-TC03-6-6-ba3906a9,0.2,NORMAL,NORMAL,False,failed,not_used,,2.015125,"ConnectTimeout: HTTPConnectionPool(host='127.0.0.1', port=5000): Max retries exceeded with url: /add_order (Caused by ConnectTimeoutError(<HTTPConnection(host='127.0.0.1', port=5000) at 0x1471046b130>, 'Connection to 127.0.0.1 timed out. (connect timeout=2.0)'))",True,2.015125,,,not_attempted,False,,False,none,2.01517,Cloud Failure without Failover
2026-08-22 18:17:18.828,4.1,TC03-batch-20260822T181123-ea0cb7,TC03-20260822T181703527516-run6-d0f76a,TC03,cloud_only_failure_no_failover,6,workload,7,v41-TC03-6-7-fbd11b99,0.2,NORMAL,NORMAL,False,failed,not_used,,2.015774,"ConnectTimeout: HTTPConnectionPool(host='127.0.0.1', port=5000): Max retries exceeded with url: /add_order (Caused by ConnectTimeoutError(<HTTPConnection(host='127.0.0.1', port=5000) at 0x1471046a9c0>, 'Connection to 127.0.0.1 timed out. (connect timeout=2.0)'))",True,2.015774,,,not_attempted,False,,False,none,2.015816,Cloud Failure without Failover
2026-08-22 18:17:21.046,4.1,TC03-batch-20260822T181123-ea0cb7,TC03-20260822T181703527516-run6-d0f76a,TC03,cloud_only_failure_no_failover,6,workload,8,v41-TC03-6-8-da23299e,0.2,NORMAL,NORMAL,False,failed,not_used,,2.015654,"ConnectTimeout: HTTPConnectionPool(host='127.0.0.1', port=5000): Max retries exceeded with url: /add_order (Caused by ConnectTimeoutError(<HTTPConnection(host='127.0.0.1', port=5000) at 0x147103b1bf0>, 'Connection to 127.0.0.1 timed out. (connect timeout=2.0)'))",True,2.015654,,,not_attempted,False,,False,none,2.015674,Cloud Failure without Failover
2026-08-22 18:17:23.250,4.1,TC03-batch-20260822T181123-ea0cb7,TC03-20260822T181703527516-run6-d0f76a,TC03,cloud_only_failure_no_failover,6,workload,9,v41-TC03-6-9-fa65310a,0.2,NORMAL,NORMAL,False,failed,not_used,,2.002327,"ConnectTimeout: HTTPConnectionPool(host='127.0.0.1', port=5000): Max retries exceeded with url: /add_order (Caused by ConnectTimeoutError(<HTTPConnection(host='127.0.0.1', port=5000) at 0x147103b0e20>, 'Connection to 127.0.0.1 timed out. (connect timeout=2.0)'))",True,2.002327,,,not_attempted,False,,False,none,2.002369,Cloud Failure without Failover
2026-08-22 18:17:25.468,4.1,TC03-batch-20260822T181123-ea0cb7,TC03-20260822T181703527516-run6-d0f76a,TC03,cloud_only_failure_no_failover,6,workload,10,v41-TC03-6-10-659f3288,0.2,NORMAL,NORMAL,False,failed,not_used,,2.015689,"ConnectTimeout: HTTPConnectionPool(host='127.0.0.1', port=5000): Max retries exceeded with url: /add_order (Caused by ConnectTimeoutError(<HTTPConnection(host='127.0.0.1', port=5000) at 0x147103b16a0>, 'Connection to 127.0.0.1 timed out. (connect timeout=2.0)'))",True,2.015689,,,not_attempted,False,,False,none,2.015767,Cloud Failure without Failover
2026-08-22 18:17:27.672,4.1,TC03-batch-20260822T181123-ea0cb7,TC03-20260822T181703527516-run6-d0f76a,TC03,cloud_only_failure_no_failover,6,workload,11,v41-TC03-6-11-3cfdea3e,0.2,NORMAL,NORMAL,False,failed,not_used,,2.000694,"ConnectTimeout: HTTPConnectionPool(host='127.0.0.1', port=5000): Max retries exceeded with url: /add_order (Caused by ConnectTimeoutError(<HTTPConnection(host='127.0.0.1', port=5000) at 0x1471046a9c0>, 'Connection to 127.0.0.1 timed out. (connect timeout=2.0)'))",True,2.000694,,,not_attempted,False,,False,none,2.000753,Cloud Failure without Failover
2026-08-22 18:17:29.891,4.1,TC03-batch-20260822T181123-ea0cb7,TC03-20260822T181703527516-run6-d0f76a,TC03,cloud_only_failure_no_failover,6,workload,12,v41-TC03-6-12-26af4061,0.2,NORMAL,NORMAL,False,failed,not_used,,2.014466,"ConnectTimeout: HTTPConnectionPool(host='127.0.0.1', port=5000): Max retries exceeded with url: /add_order (Caused by ConnectTimeoutError(<HTTPConnection(host='127.0.0.1', port=5000) at 0x1471046b350>, 'Connection to 127.0.0.1 timed out. (connect timeout=2.0)'))",True,2.014466,,,not_attempted,False,,False,none,2.014508,Cloud Failure without Failover
2026-08-22 18:17:32.125,4.1,TC03-batch-20260822T181123-ea0cb7,TC03-20260822T181703527516-run6-d0f76a,TC03,cloud_only_failure_no_failover,6,workload,13,v41-TC03-6-13-6f548900,0.2,NORMAL,NORMAL,False,failed,not_used,,2.031853,"ConnectTimeout: HTTPConnectionPool(host='127.0.0.1', port=5000): Max retries exceeded with url: /add_order (Caused by ConnectTimeoutError(<HTTPConnection(host='127.0.0.1', port=5000) at 0x147103b2140>, 'Connection to 127.0.0.1 timed out. (connect timeout=2.0)'))",True,2.031853,,,not_attempted,False,,False,none,2.031896,Cloud Failure without Failover
2026-08-22 18:17:34.344,4.1,TC03-batch-20260822T181123-ea0cb7,TC03-20260822T181703527516-run6-d0f76a,TC03,cloud_only_failure_no_failover,6,workload,14,v41-TC03-6-14-b87fa6c1,0.2,NORMAL,NORMAL,False,failed,not_used,,2.015716,"ConnectTimeout: HTTPConnectionPool(host='127.0.0.1', port=5000): Max retries exceeded with url: /add_order (Caused by ConnectTimeoutError(<HTTPConnection(host='127.0.0.1', port=5000) at 0x147103b0af0>, 'Connection to 127.0.0.1 timed out. (connect timeout=2.0)'))",True,2.015716,,,not_attempted,False,,False,none,2.015757,Cloud Failure without Failover
2026-08-22 18:17:36.562,4.1,TC03-batch-20260822T181123-ea0cb7,TC03-20260822T181703527516-run6-d0f76a,TC03,cloud_only_failure_no_failover,6,workload,15,v41-TC03-6-15-5b1d2e64,0.2,NORMAL,NORMAL,False,failed,not_used,,2.015393,"ConnectTimeout: HTTPConnectionPool(host='127.0.0.1', port=5000): Max retries exceeded with url: /add_order (Caused by ConnectTimeoutError(<HTTPConnection(host='127.0.0.1', port=5000) at 0x147103b0050>, 'Connection to 127.0.0.1 timed out. (connect timeout=2.0)'))",True,2.015393,,,not_attempted,False,,False,none,2.015435,Cloud Failure without Failover
2026-08-22 18:17:38.766,4.1,TC03-batch-20260822T181123-ea0cb7,TC03-20260822T181703527516-run6-d0f76a,TC03,cloud_only_failure_no_failover,6,workload,16,v41-TC03-6-16-5d9c66a6,0.2,NORMAL,NORMAL,False,failed,not_used,,2.0008,"ConnectTimeout: HTTPConnectionPool(host='127.0.0.1', port=5000): Max retries exceeded with url: /add_order (Caused by ConnectTimeoutError(<HTTPConnection(host='127.0.0.1', port=5000) at 0x147103b19d0>, 'Connection to 127.0.0.1 timed out. (connect timeout=2.0)'))",True,2.0008,,,not_attempted,False,,False,none,2.000844,Cloud Failure without Failover
2026-08-22 18:17:40.984,4.1,TC03-batch-20260822T181123-ea0cb7,TC03-20260822T181703527516-run6-d0f76a,TC03,cloud_only_failure_no_failover,6,workload,17,v41-TC03-6-17-4e1502c2,0.2,NORMAL,NORMAL,False,failed,not_used,,2.015814,"ConnectTimeout: HTTPConnectionPool(host='127.0.0.1', port=5000): Max retries exceeded with url: /add_order (Caused by ConnectTimeoutError(<HTTPConnection(host='127.0.0.1', port=5000) at 0x1471046bce0>, 'Connection to 127.0.0.1 timed out. (connect timeout=2.0)'))",True,2.015814,,,not_attempted,False,,False,none,2.015859,Cloud Failure without Failover
2026-08-22 18:17:43.203,4.1,TC03-batch-20260822T181123-ea0cb7,TC03-20260822T181703527516-run6-d0f76a,TC03,cloud_only_failure_no_failover,6,workload,18,v41-TC03-6-18-779d38de,0.2,NORMAL,NORMAL,False,failed,not_used,,2.016199,"ConnectTimeout: HTTPConnectionPool(host='127.0.0.1', port=5000): Max retries exceeded with url: /add_order (Caused by ConnectTimeoutError(<HTTPConnection(host='127.0.0.1', port=5000) at 0x1471046a8b0>, 'Connection to 127.0.0.1 timed out. (connect timeout=2.0)'))",True,2.016199,,,not_attempted,False,,False,none,2.016241,Cloud Failure without Failover
2026-08-22 18:17:45.421,4.1,TC03-batch-20260822T181123-ea0cb7,TC03-20260822T181703527516-run6-d0f76a,TC03,cloud_only_failure_no_failover,6,workload,19,v41-TC03-6-19-fc55ba7f,0.2,NORMAL,NORMAL,False,failed,not_used,,2.015163,"ConnectTimeout: HTTPConnectionPool(host='127.0.0.1', port=5000): Max retries exceeded with url: /add_order (Caused by ConnectTimeoutError(<HTTPConnection(host='127.0.0.1', port=5000) at 0x147103b1150>, 'Connection to 127.0.0.1 timed out. (connect timeout=2.0)'))",True,2.015163,,,not_attempted,False,,False,none,2.015222,Cloud Failure without Failover
2026-08-22 18:17:47.639,4.1,TC03-batch-20260822T181123-ea0cb7,TC03-20260822T181703527516-run6-d0f76a,TC03,cloud_only_failure_no_failover,6,workload,20,v41-TC03-6-20-30aba9de,0.2,NORMAL,NORMAL,False,failed,not_used,,2.015251,"ConnectTimeout: HTTPConnectionPool(host='127.0.0.1', port=5000): Max retries exceeded with url: /add_order (Caused by ConnectTimeoutError(<HTTPConnection(host='127.0.0.1', port=5000) at 0x147103b07c0>, 'Connection to 127.0.0.1 timed out. (connect timeout=2.0)'))",True,2.015251,,,not_attempted,False,,False,none,2.015293,Cloud Failure without Failover
2026-08-22 18:17:49.843,4.1,TC03-batch-20260822T181123-ea0cb7,TC03-20260822T181703527516-run6-d0f76a,TC03,cloud_only_failure_no_failover,6,workload,21,v41-TC03-6-21-edc828b1,0.2,NORMAL,NORMAL,False,failed,not_used,,2.00139,"ConnectTimeout: HTTPConnectionPool(host='127.0.0.1', port=5000): Max retries exceeded with url: /add_order (Caused by ConnectTimeoutError(<HTTPConnection(host='127.0.0.1', port=5000) at 0x147103b0c00>, 'Connection to 127.0.0.1 timed out. (connect timeout=2.0)'))",True,2.00139,,,not_attempted,False,,False,none,2.001431,Cloud Failure without Failover
2026-08-22 18:17:52.056,4.1,TC03-batch-20260822T181123-ea0cb7,TC03-20260822T181703527516-run6-d0f76a,TC03,cloud_only_failure_no_failover,6,workload,22,v41-TC03-6-22-73b30f54,0.2,NORMAL,NORMAL,False,failed,not_used,,2.009334,"ConnectTimeout: HTTPConnectionPool(host='127.0.0.1', port=5000): Max retries exceeded with url: /add_order (Caused by ConnectTimeoutError(<HTTPConnection(host='127.0.0.1', port=5000) at 0x1471046bac0>, 'Connection to 127.0.0.1 timed out. (connect timeout=2.0)'))",True,2.009334,,,not_attempted,False,,False,none,2.009362,Cloud Failure without Failover
2026-08-22 18:17:54.265,4.1,TC03-batch-20260822T181123-ea0cb7,TC03-20260822T181703527516-run6-d0f76a,TC03,cloud_only_failure_no_failover,6,workload,23,v41-TC03-6-23-3478741c,0.2,NORMAL,NORMAL,False,failed,not_used,,2.007505,"ConnectTimeout: HTTPConnectionPool(host='127.0.0.1', port=5000): Max retries exceeded with url: /add_order (Caused by ConnectTimeoutError(<HTTPConnection(host='127.0.0.1', port=5000) at 0x1471046a7a0>, 'Connection to 127.0.0.1 timed out. (connect timeout=2.0)'))",True,2.007505,,,not_attempted,False,,False,none,2.007548,Cloud Failure without Failover
2026-08-22 18:17:56.483,4.1,TC03-batch-20260822T181123-ea0cb7,TC03-20260822T181703527516-run6-d0f76a,TC03,cloud_only_failure_no_failover,6,workload,24,v41-TC03-6-24-0d8ec1f5,0.2,NORMAL,NORMAL,False,failed,not_used,,2.015367,"ConnectTimeout: HTTPConnectionPool(host='127.0.0.1', port=5000): Max retries exceeded with url: /add_order (Caused by ConnectTimeoutError(<HTTPConnection(host='127.0.0.1', port=5000) at 0x147103b0160>, 'Connection to 127.0.0.1 timed out. (connect timeout=2.0)'))",True,2.015367,,,not_attempted,False,,False,none,2.015409,Cloud Failure without Failover
2026-08-22 18:17:58.703,4.1,TC03-batch-20260822T181123-ea0cb7,TC03-20260822T181703527516-run6-d0f76a,TC03,cloud_only_failure_no_failover,6,workload,25,v41-TC03-6-25-2bcaa695,0.2,NORMAL,NORMAL,False,failed,not_used,,2.017098,"ConnectTimeout: HTTPConnectionPool(host='127.0.0.1', port=5000): Max retries exceeded with url: /add_order (Caused by ConnectTimeoutError(<HTTPConnection(host='127.0.0.1', port=5000) at 0x147103b0d10>, 'Connection to 127.0.0.1 timed out. (connect timeout=2.0)'))",True,2.017098,,,not_attempted,False,,False,none,2.017141,Cloud Failure without Failover
2026-08-22 18:18:00.922,4.1,TC03-batch-20260822T181123-ea0cb7,TC03-20260822T181703527516-run6-d0f76a,TC03,cloud_only_failure_no_failover,6,workload,26,v41-TC03-6-26-0b882c59,0.2,NORMAL,NORMAL,False,failed,not_used,,2.015765,"ConnectTimeout: HTTPConnectionPool(host='127.0.0.1', port=5000): Max retries exceeded with url: /add_order (Caused by ConnectTimeoutError(<HTTPConnection(host='127.0.0.1', port=5000) at 0x147103b2250>, 'Connection to 127.0.0.1 timed out. (connect timeout=2.0)'))",True,2.015765,,,not_attempted,False,,False,none,2.015807,Cloud Failure without Failover
2026-08-22 18:18:03.139,4.1,TC03-batch-20260822T181123-ea0cb7,TC03-20260822T181703527516-run6-d0f76a,TC03,cloud_only_failure_no_failover,6,workload,27,v41-TC03-6-27-fbaa9ca5,0.2,NORMAL,NORMAL,False,failed,not_used,,2.01438,"ConnectTimeout: HTTPConnectionPool(host='127.0.0.1', port=5000): Max retries exceeded with url: /add_order (Caused by ConnectTimeoutError(<HTTPConnection(host='127.0.0.1', port=5000) at 0x147103b2690>, 'Connection to 127.0.0.1 timed out. (connect timeout=2.0)'))",True,2.01438,,,not_attempted,False,,False,none,2.014423,Cloud Failure without Failover
2026-08-22 18:18:05.358,4.1,TC03-batch-20260822T181123-ea0cb7,TC03-20260822T181703527516-run6-d0f76a,TC03,cloud_only_failure_no_failover,6,workload,28,v41-TC03-6-28-1d090efc,0.2,NORMAL,NORMAL,False,failed,not_used,,2.016805,"ConnectTimeout: HTTPConnectionPool(host='127.0.0.1', port=5000): Max retries exceeded with url: /add_order (Caused by ConnectTimeoutError(<HTTPConnection(host='127.0.0.1', port=5000) at 0x1471046b9b0>, 'Connection to 127.0.0.1 timed out. (connect timeout=2.0)'))",True,2.016805,,,not_attempted,False,,False,none,2.016847,Cloud Failure without Failover
2026-08-22 18:18:07.562,4.1,TC03-batch-20260822T181123-ea0cb7,TC03-20260822T181703527516-run6-d0f76a,TC03,cloud_only_failure_no_failover,6,workload,29,v41-TC03-6-29-87cd9fd4,0.2,NORMAL,NORMAL,False,failed,not_used,,2.000311,"ConnectTimeout: HTTPConnectionPool(host='127.0.0.1', port=5000): Max retries exceeded with url: /add_order (Caused by ConnectTimeoutError(<HTTPConnection(host='127.0.0.1', port=5000) at 0x147103b1590>, 'Connection to 127.0.0.1 timed out. (connect timeout=2.0)'))",True,2.000311,,,not_attempted,False,,False,none,2.00033,Cloud Failure without Failover
2026-08-22 18:18:09.765,4.1,TC03-batch-20260822T181123-ea0cb7,TC03-20260822T181703527516-run6-d0f76a,TC03,cloud_only_failure_no_failover,6,workload,30,v41-TC03-6-30-8d85e33f,0.2,NORMAL,NORMAL,False,failed,not_used,,2.00186,"ConnectTimeout: HTTPConnectionPool(host='127.0.0.1', port=5000): Max retries exceeded with url: /add_order (Caused by ConnectTimeoutError(<HTTPConnection(host='127.0.0.1', port=5000) at 0x147103b1d00>, 'Connection to 127.0.0.1 timed out. (connect timeout=2.0)'))",True,2.00186,,,not_attempted,False,,False,none,2.001901,Cloud Failure without Failover
2026-08-22 18:18:13.437,4.1,TC03-batch-20260822T181123-ea0cb7,TC03-20260822T181811404711-run7-453cb8,TC03,cloud_only_failure_no_failover,7,workload,1,v41-TC03-7-1-9232bf2e,0.2,NORMAL,NORMAL,False,failed,not_used,,2.011398,"ConnectTimeout: HTTPConnectionPool(host='127.0.0.1', port=5000): Max retries exceeded with url: /add_order (Caused by ConnectTimeoutError(<HTTPConnection(host='127.0.0.1', port=5000) at 0x1471046a9c0>, 'Connection to 127.0.0.1 timed out. (connect timeout=2.0)'))",True,2.011398,,,not_attempted,False,,False,none,2.011423,Cloud Failure without Failover
2026-08-22 18:18:15.655,4.1,TC03-batch-20260822T181123-ea0cb7,TC03-20260822T181811404711-run7-453cb8,TC03,cloud_only_failure_no_failover,7,workload,2,v41-TC03-7-2-a7823fcc,0.2,NORMAL,NORMAL,False,failed,not_used,,2.016649,"ConnectTimeout: HTTPConnectionPool(host='127.0.0.1', port=5000): Max retries exceeded with url: /add_order (Caused by ConnectTimeoutError(<HTTPConnection(host='127.0.0.1', port=5000) at 0x1471046b350>, 'Connection to 127.0.0.1 timed out. (connect timeout=2.0)'))",True,2.016649,,,not_attempted,False,,False,none,2.016687,Cloud Failure without Failover
2026-08-22 18:18:17.859,4.1,TC03-batch-20260822T181123-ea0cb7,TC03-20260822T181811404711-run7-453cb8,TC03,cloud_only_failure_no_failover,7,workload,3,v41-TC03-7-3-f3a59812,0.2,NORMAL,NORMAL,False,failed,not_used,,2.001045,"ConnectTimeout: HTTPConnectionPool(host='127.0.0.1', port=5000): Max retries exceeded with url: /add_order (Caused by ConnectTimeoutError(<HTTPConnection(host='127.0.0.1', port=5000) at 0x147103b1480>, 'Connection to 127.0.0.1 timed out. (connect timeout=2.0)'))",True,2.001045,,,not_attempted,False,,False,none,2.001097,Cloud Failure without Failover
2026-08-22 18:18:20.067,4.1,TC03-batch-20260822T181123-ea0cb7,TC03-20260822T181811404711-run7-453cb8,TC03,cloud_only_failure_no_failover,7,workload,4,v41-TC03-7-4-0649055f,0.2,NORMAL,NORMAL,False,failed,not_used,,2.00459,"ConnectTimeout: HTTPConnectionPool(host='127.0.0.1', port=5000): Max retries exceeded with url: /add_order (Caused by ConnectTimeoutError(<HTTPConnection(host='127.0.0.1', port=5000) at 0x147103b08d0>, 'Connection to 127.0.0.1 timed out. (connect timeout=2.0)'))",True,2.00459,,,not_attempted,False,,False,none,2.004634,Cloud Failure without Failover
2026-08-22 18:18:22.279,4.1,TC03-batch-20260822T181123-ea0cb7,TC03-20260822T181811404711-run7-453cb8,TC03,cloud_only_failure_no_failover,7,workload,5,v41-TC03-7-5-4091ad5a,0.2,NORMAL,NORMAL,False,failed,not_used,,2.009669,"ConnectTimeout: HTTPConnectionPool(host='127.0.0.1', port=5000): Max retries exceeded with url: /add_order (Caused by ConnectTimeoutError(<HTTPConnection(host='127.0.0.1', port=5000) at 0x147103b05a0>, 'Connection to 127.0.0.1 timed out. (connect timeout=2.0)'))",True,2.009669,,,not_attempted,False,,False,none,2.009713,Cloud Failure without Failover
2026-08-22 18:18:24.484,4.1,TC03-batch-20260822T181123-ea0cb7,TC03-20260822T181811404711-run7-453cb8,TC03,cloud_only_failure_no_failover,7,workload,6,v41-TC03-7-6-b4c50519,0.2,NORMAL,NORMAL,False,failed,not_used,,2.001644,"ConnectTimeout: HTTPConnectionPool(host='127.0.0.1', port=5000): Max retries exceeded with url: /add_order (Caused by ConnectTimeoutError(<HTTPConnection(host='127.0.0.1', port=5000) at 0x1471046b130>, 'Connection to 127.0.0.1 timed out. (connect timeout=2.0)'))",True,2.001644,,,not_attempted,False,,False,none,2.001687,Cloud Failure without Failover
2026-08-22 18:18:26.703,4.1,TC03-batch-20260822T181123-ea0cb7,TC03-20260822T181811404711-run7-453cb8,TC03,cloud_only_failure_no_failover,7,workload,7,v41-TC03-7-7-a45b254b,0.2,NORMAL,NORMAL,False,failed,not_used,,2.015836,"ConnectTimeout: HTTPConnectionPool(host='127.0.0.1', port=5000): Max retries exceeded with url: /add_order (Caused by ConnectTimeoutError(<HTTPConnection(host='127.0.0.1', port=5000) at 0x1471046b9b0>, 'Connection to 127.0.0.1 timed out. (connect timeout=2.0)'))",True,2.015836,,,not_attempted,False,,False,none,2.015879,Cloud Failure without Failover
2026-08-22 18:18:28.907,4.1,TC03-batch-20260822T181123-ea0cb7,TC03-20260822T181811404711-run7-453cb8,TC03,cloud_only_failure_no_failover,7,workload,8,v41-TC03-7-8-3383db8f,0.2,NORMAL,NORMAL,False,failed,not_used,,2.00102,"ConnectTimeout: HTTPConnectionPool(host='127.0.0.1', port=5000): Max retries exceeded with url: /add_order (Caused by ConnectTimeoutError(<HTTPConnection(host='127.0.0.1', port=5000) at 0x147103b2250>, 'Connection to 127.0.0.1 timed out. (connect timeout=2.0)'))",True,2.00102,,,not_attempted,False,,False,none,2.001062,Cloud Failure without Failover
2026-08-22 18:18:31.124,4.1,TC03-batch-20260822T181123-ea0cb7,TC03-20260822T181811404711-run7-453cb8,TC03,cloud_only_failure_no_failover,7,workload,9,v41-TC03-7-9-48c389c4,0.2,NORMAL,NORMAL,False,failed,not_used,,2.01519,"ConnectTimeout: HTTPConnectionPool(host='127.0.0.1', port=5000): Max retries exceeded with url: /add_order (Caused by ConnectTimeoutError(<HTTPConnection(host='127.0.0.1', port=5000) at 0x147103b0270>, 'Connection to 127.0.0.1 timed out. (connect timeout=2.0)'))",True,2.01519,,,not_attempted,False,,False,none,2.015233,Cloud Failure without Failover
2026-08-22 18:18:33.329,4.1,TC03-batch-20260822T181123-ea0cb7,TC03-20260822T181811404711-run7-453cb8,TC03,cloud_only_failure_no_failover,7,workload,10,v41-TC03-7-10-c291b81f,0.2,NORMAL,NORMAL,False,failed,not_used,,2.001703,"ConnectTimeout: HTTPConnectionPool(host='127.0.0.1', port=5000): Max retries exceeded with url: /add_order (Caused by ConnectTimeoutError(<HTTPConnection(host='127.0.0.1', port=5000) at 0x147103b2140>, 'Connection to 127.0.0.1 timed out. (connect timeout=2.0)'))",True,2.001703,,,not_attempted,False,,False,none,2.001746,Cloud Failure without Failover
2026-08-22 18:18:35.547,4.1,TC03-batch-20260822T181123-ea0cb7,TC03-20260822T181811404711-run7-453cb8,TC03,cloud_only_failure_no_failover,7,workload,11,v41-TC03-7-11-28e9a42a,0.2,NORMAL,NORMAL,False,failed,not_used,,2.015176,"ConnectTimeout: HTTPConnectionPool(host='127.0.0.1', port=5000): Max retries exceeded with url: /add_order (Caused by ConnectTimeoutError(<HTTPConnection(host='127.0.0.1', port=5000) at 0x1471046bce0>, 'Connection to 127.0.0.1 timed out. (connect timeout=2.0)'))",True,2.015176,,,not_attempted,False,,False,none,2.015218,Cloud Failure without Failover
2026-08-22 18:18:37.750,4.1,TC03-batch-20260822T181123-ea0cb7,TC03-20260822T181811404711-run7-453cb8,TC03,cloud_only_failure_no_failover,7,workload,12,v41-TC03-7-12-b231b72d,0.2,NORMAL,NORMAL,False,failed,not_used,,2.000284,"ConnectTimeout: HTTPConnectionPool(host='127.0.0.1', port=5000): Max retries exceeded with url: /add_order (Caused by ConnectTimeoutError(<HTTPConnection(host='127.0.0.1', port=5000) at 0x1471046bdf0>, 'Connection to 127.0.0.1 timed out. (connect timeout=2.0)'))",True,2.000284,,,not_attempted,False,,False,none,2.00034,Cloud Failure without Failover
2026-08-22 18:18:39.954,4.1,TC03-batch-20260822T181123-ea0cb7,TC03-20260822T181811404711-run7-453cb8,TC03,cloud_only_failure_no_failover,7,workload,13,v41-TC03-7-13-3278bbf1,0.2,NORMAL,NORMAL,False,failed,not_used,,2.000951,"ConnectTimeout: HTTPConnectionPool(host='127.0.0.1', port=5000): Max retries exceeded with url: /add_order (Caused by ConnectTimeoutError(<HTTPConnection(host='127.0.0.1', port=5000) at 0x147103b0050>, 'Connection to 127.0.0.1 timed out. (connect timeout=2.0)'))",True,2.000951,,,not_attempted,False,,False,none,2.000991,Cloud Failure without Failover
2026-08-22 18:18:42.167,4.1,TC03-batch-20260822T181123-ea0cb7,TC03-20260822T181811404711-run7-453cb8,TC03,cloud_only_failure_no_failover,7,workload,14,v41-TC03-7-14-879f0baa,0.2,NORMAL,NORMAL,False,failed,not_used,,2.006523,"ConnectTimeout: HTTPConnectionPool(host='127.0.0.1', port=5000): Max retries exceeded with url: /add_order (Caused by ConnectTimeoutError(<HTTPConnection(host='127.0.0.1', port=5000) at 0x147103b1260>, 'Connection to 127.0.0.1 timed out. (connect timeout=2.0)'))",True,2.006523,,,not_attempted,False,,False,none,2.006565,Cloud Failure without Failover
2026-08-22 18:18:44.390,4.1,TC03-batch-20260822T181123-ea0cb7,TC03-20260822T181811404711-run7-453cb8,TC03,cloud_only_failure_no_failover,7,workload,15,v41-TC03-7-15-982ce87b,0.2,NORMAL,NORMAL,False,failed,not_used,,2.02048,"ConnectTimeout: HTTPConnectionPool(host='127.0.0.1', port=5000): Max retries exceeded with url: /add_order (Caused by ConnectTimeoutError(<HTTPConnection(host='127.0.0.1', port=5000) at 0x147103b1590>, 'Connection to 127.0.0.1 timed out. (connect timeout=2.0)'))",True,2.02048,,,not_attempted,False,,False,none,2.020533,Cloud Failure without Failover
2026-08-22 18:18:46.610,4.1,TC03-batch-20260822T181123-ea0cb7,TC03-20260822T181811404711-run7-453cb8,TC03,cloud_only_failure_no_failover,7,workload,16,v41-TC03-7-16-b1ff58a3,0.2,NORMAL,NORMAL,False,failed,not_used,,2.016935,"ConnectTimeout: HTTPConnectionPool(host='127.0.0.1', port=5000): Max retries exceeded with url: /add_order (Caused by ConnectTimeoutError(<HTTPConnection(host='127.0.0.1', port=5000) at 0x147103b08d0>, 'Connection to 127.0.0.1 timed out. (connect timeout=2.0)'))",True,2.016935,,,not_attempted,False,,False,none,2.016983,Cloud Failure without Failover
2026-08-22 18:18:48.827,4.1,TC03-batch-20260822T181123-ea0cb7,TC03-20260822T181811404711-run7-453cb8,TC03,cloud_only_failure_no_failover,7,workload,17,v41-TC03-7-17-c43e9e78,0.2,NORMAL,NORMAL,False,failed,not_used,,2.013562,"ConnectTimeout: HTTPConnectionPool(host='127.0.0.1', port=5000): Max retries exceeded with url: /add_order (Caused by ConnectTimeoutError(<HTTPConnection(host='127.0.0.1', port=5000) at 0x1471046a9c0>, 'Connection to 127.0.0.1 timed out. (connect timeout=2.0)'))",True,2.013562,,,not_attempted,False,,False,none,2.013606,Cloud Failure without Failover
2026-08-22 18:18:51.045,4.1,TC03-batch-20260822T181123-ea0cb7,TC03-20260822T181811404711-run7-453cb8,TC03,cloud_only_failure_no_failover,7,workload,18,v41-TC03-7-18-9a2f3688,0.2,NORMAL,NORMAL,False,failed,not_used,,2.0151,"ConnectTimeout: HTTPConnectionPool(host='127.0.0.1', port=5000): Max retries exceeded with url: /add_order (Caused by ConnectTimeoutError(<HTTPConnection(host='127.0.0.1', port=5000) at 0x1471046b8a0>, 'Connection to 127.0.0.1 timed out. (connect timeout=2.0)'))",True,2.0151,,,not_attempted,False,,False,none,2.015149,Cloud Failure without Failover
2026-08-22 18:18:53.250,4.1,TC03-batch-20260822T181123-ea0cb7,TC03-20260822T181811404711-run7-453cb8,TC03,cloud_only_failure_no_failover,7,workload,19,v41-TC03-7-19-80650189,0.2,NORMAL,NORMAL,False,failed,not_used,,2.002802,"ConnectTimeout: HTTPConnectionPool(host='127.0.0.1', port=5000): Max retries exceeded with url: /add_order (Caused by ConnectTimeoutError(<HTTPConnection(host='127.0.0.1', port=5000) at 0x147103b0380>, 'Connection to 127.0.0.1 timed out. (connect timeout=2.0)'))",True,2.002802,,,not_attempted,False,,False,none,2.002848,Cloud Failure without Failover
2026-08-22 18:18:55.468,4.1,TC03-batch-20260822T181123-ea0cb7,TC03-20260822T181811404711-run7-453cb8,TC03,cloud_only_failure_no_failover,7,workload,20,v41-TC03-7-20-e5b28d58,0.2,NORMAL,NORMAL,False,failed,not_used,,2.015531,"ConnectTimeout: HTTPConnectionPool(host='127.0.0.1', port=5000): Max retries exceeded with url: /add_order (Caused by ConnectTimeoutError(<HTTPConnection(host='127.0.0.1', port=5000) at 0x147103b0af0>, 'Connection to 127.0.0.1 timed out. (connect timeout=2.0)'))",True,2.015531,,,not_attempted,False,,False,none,2.015575,Cloud Failure without Failover
2026-08-22 18:18:57.687,4.1,TC03-batch-20260822T181123-ea0cb7,TC03-20260822T181811404711-run7-453cb8,TC03,cloud_only_failure_no_failover,7,workload,21,v41-TC03-7-21-14f9e199,0.2,NORMAL,NORMAL,False,failed,not_used,,2.016038,"ConnectTimeout: HTTPConnectionPool(host='127.0.0.1', port=5000): Max retries exceeded with url: /add_order (Caused by ConnectTimeoutError(<HTTPConnection(host='127.0.0.1', port=5000) at 0x147103b0f30>, 'Connection to 127.0.0.1 timed out. (connect timeout=2.0)'))",True,2.016038,,,not_attempted,False,,False,none,2.01608,Cloud Failure without Failover
2026-08-22 18:18:59.891,4.1,TC03-batch-20260822T181123-ea0cb7,TC03-20260822T181811404711-run7-453cb8,TC03,cloud_only_failure_no_failover,7,workload,22,v41-TC03-7-22-87437c08,0.2,NORMAL,NORMAL,False,failed,not_used,,2.000546,"ConnectTimeout: HTTPConnectionPool(host='127.0.0.1', port=5000): Max retries exceeded with url: /add_order (Caused by ConnectTimeoutError(<HTTPConnection(host='127.0.0.1', port=5000) at 0x1471046b130>, 'Connection to 127.0.0.1 timed out. (connect timeout=2.0)'))",True,2.000546,,,not_attempted,False,,False,none,2.000602,Cloud Failure without Failover
2026-08-22 18:19:02.098,4.1,TC03-batch-20260822T181123-ea0cb7,TC03-20260822T181811404711-run7-453cb8,TC03,cloud_only_failure_no_failover,7,workload,23,v41-TC03-7-23-0e18ff7b,0.2,NORMAL,NORMAL,False,failed,not_used,,2.00432,"ConnectTimeout: HTTPConnectionPool(host='127.0.0.1', port=5000): Max retries exceeded with url: /add_order (Caused by ConnectTimeoutError(<HTTPConnection(host='127.0.0.1', port=5000) at 0x1471046b680>, 'Connection to 127.0.0.1 timed out. (connect timeout=2.0)'))",True,2.00432,,,not_attempted,False,,False,none,2.004363,Cloud Failure without Failover
2026-08-22 18:19:04.312,4.1,TC03-batch-20260822T181123-ea0cb7,TC03-20260822T181811404711-run7-453cb8,TC03,cloud_only_failure_no_failover,7,workload,24,v41-TC03-7-24-928d7f4c,0.2,NORMAL,NORMAL,False,failed,not_used,,2.01162,"ConnectTimeout: HTTPConnectionPool(host='127.0.0.1', port=5000): Max retries exceeded with url: /add_order (Caused by ConnectTimeoutError(<HTTPConnection(host='127.0.0.1', port=5000) at 0x147103b18c0>, 'Connection to 127.0.0.1 timed out. (connect timeout=2.0)'))",True,2.01162,,,not_attempted,False,,False,none,2.011663,Cloud Failure without Failover
2026-08-22 18:19:06.531,4.1,TC03-batch-20260822T181123-ea0cb7,TC03-20260822T181811404711-run7-453cb8,TC03,cloud_only_failure_no_failover,7,workload,25,v41-TC03-7-25-61ea5873,0.2,NORMAL,NORMAL,False,failed,not_used,,2.016495,"ConnectTimeout: HTTPConnectionPool(host='127.0.0.1', port=5000): Max retries exceeded with url: /add_order (Caused by ConnectTimeoutError(<HTTPConnection(host='127.0.0.1', port=5000) at 0x147103b2250>, 'Connection to 127.0.0.1 timed out. (connect timeout=2.0)'))",True,2.016495,,,not_attempted,False,,False,none,2.016537,Cloud Failure without Failover
2026-08-22 18:19:08.750,4.1,TC03-batch-20260822T181123-ea0cb7,TC03-20260822T181811404711-run7-453cb8,TC03,cloud_only_failure_no_failover,7,workload,26,v41-TC03-7-26-ba699586,0.2,NORMAL,NORMAL,False,failed,not_used,,2.01575,"ConnectTimeout: HTTPConnectionPool(host='127.0.0.1', port=5000): Max retries exceeded with url: /add_order (Caused by ConnectTimeoutError(<HTTPConnection(host='127.0.0.1', port=5000) at 0x147103b1e10>, 'Connection to 127.0.0.1 timed out. (connect timeout=2.0)'))",True,2.01575,,,not_attempted,False,,False,none,2.015792,Cloud Failure without Failover
2026-08-22 18:19:10.967,4.1,TC03-batch-20260822T181123-ea0cb7,TC03-20260822T181811404711-run7-453cb8,TC03,cloud_only_failure_no_failover,7,workload,27,v41-TC03-7-27-fc71b66b,0.2,NORMAL,NORMAL,False,failed,not_used,,2.014478,"ConnectTimeout: HTTPConnectionPool(host='127.0.0.1', port=5000): Max retries exceeded with url: /add_order (Caused by ConnectTimeoutError(<HTTPConnection(host='127.0.0.1', port=5000) at 0x147103b29c0>, 'Connection to 127.0.0.1 timed out. (connect timeout=2.0)'))",True,2.014478,,,not_attempted,False,,False,none,2.014524,Cloud Failure without Failover
2026-08-22 18:19:13.171,4.1,TC03-batch-20260822T181123-ea0cb7,TC03-20260822T181811404711-run7-453cb8,TC03,cloud_only_failure_no_failover,7,workload,28,v41-TC03-7-28-8b2ea591,0.2,NORMAL,NORMAL,False,failed,not_used,,2.001309,"ConnectTimeout: HTTPConnectionPool(host='127.0.0.1', port=5000): Max retries exceeded with url: /add_order (Caused by ConnectTimeoutError(<HTTPConnection(host='127.0.0.1', port=5000) at 0x1471046b460>, 'Connection to 127.0.0.1 timed out. (connect timeout=2.0)'))",True,2.001309,,,not_attempted,False,,False,none,2.001351,Cloud Failure without Failover
2026-08-22 18:19:15.390,4.1,TC03-batch-20260822T181123-ea0cb7,TC03-20260822T181811404711-run7-453cb8,TC03,cloud_only_failure_no_failover,7,workload,29,v41-TC03-7-29-5e8baf8a,0.2,NORMAL,NORMAL,False,failed,not_used,,2.015824,"ConnectTimeout: HTTPConnectionPool(host='127.0.0.1', port=5000): Max retries exceeded with url: /add_order (Caused by ConnectTimeoutError(<HTTPConnection(host='127.0.0.1', port=5000) at 0x1471046b790>, 'Connection to 127.0.0.1 timed out. (connect timeout=2.0)'))",True,2.015824,,,not_attempted,False,,False,none,2.015867,Cloud Failure without Failover
2026-08-22 18:19:17.594,4.1,TC03-batch-20260822T181123-ea0cb7,TC03-20260822T181811404711-run7-453cb8,TC03,cloud_only_failure_no_failover,7,workload,30,v41-TC03-7-30-15c2628c,0.2,NORMAL,NORMAL,False,failed,not_used,,2.000682,"ConnectTimeout: HTTPConnectionPool(host='127.0.0.1', port=5000): Max retries exceeded with url: /add_order (Caused by ConnectTimeoutError(<HTTPConnection(host='127.0.0.1', port=5000) at 0x147103b1590>, 'Connection to 127.0.0.1 timed out. (connect timeout=2.0)'))",True,2.000682,,,not_attempted,False,,False,none,2.000731,Cloud Failure without Failover
2026-08-22 18:19:21.250,4.1,TC03-batch-20260822T181123-ea0cb7,TC03-20260822T181919232291-run8-b61a20,TC03,cloud_only_failure_no_failover,8,workload,1,v41-TC03-8-1-3362fe4e,0.2,NORMAL,NORMAL,False,failed,not_used,,1.996633,"ConnectTimeout: HTTPConnectionPool(host='127.0.0.1', port=5000): Max retries exceeded with url: /add_order (Caused by ConnectTimeoutError(<HTTPConnection(host='127.0.0.1', port=5000) at 0x1471046bbd0>, 'Connection to 127.0.0.1 timed out. (connect timeout=2.0)'))",True,1.996633,,,not_attempted,False,,False,none,1.996665,Cloud Failure without Failover
2026-08-22 18:19:23.468,4.1,TC03-batch-20260822T181123-ea0cb7,TC03-20260822T181919232291-run8-b61a20,TC03,cloud_only_failure_no_failover,8,workload,2,v41-TC03-8-2-872d24e5,0.2,NORMAL,NORMAL,False,failed,not_used,,2.01554,"ConnectTimeout: HTTPConnectionPool(host='127.0.0.1', port=5000): Max retries exceeded with url: /add_order (Caused by ConnectTimeoutError(<HTTPConnection(host='127.0.0.1', port=5000) at 0x1471046b680>, 'Connection to 127.0.0.1 timed out. (connect timeout=2.0)'))",True,2.01554,,,not_attempted,False,,False,none,2.015582,Cloud Failure without Failover
2026-08-22 18:19:25.687,4.1,TC03-batch-20260822T181123-ea0cb7,TC03-20260822T181919232291-run8-b61a20,TC03,cloud_only_failure_no_failover,8,workload,3,v41-TC03-8-3-bf6bbc9b,0.2,NORMAL,NORMAL,False,failed,not_used,,2.015667,"ConnectTimeout: HTTPConnectionPool(host='127.0.0.1', port=5000): Max retries exceeded with url: /add_order (Caused by ConnectTimeoutError(<HTTPConnection(host='127.0.0.1', port=5000) at 0x147103b1150>, 'Connection to 127.0.0.1 timed out. (connect timeout=2.0)'))",True,2.015667,,,not_attempted,False,,False,none,2.015724,Cloud Failure without Failover
2026-08-22 18:19:27.891,4.1,TC03-batch-20260822T181123-ea0cb7,TC03-20260822T181919232291-run8-b61a20,TC03,cloud_only_failure_no_failover,8,workload,4,v41-TC03-8-4-969dd532,0.2,NORMAL,NORMAL,False,failed,not_used,,2.001101,"ConnectTimeout: HTTPConnectionPool(host='127.0.0.1', port=5000): Max retries exceeded with url: /add_order (Caused by ConnectTimeoutError(<HTTPConnection(host='127.0.0.1', port=5000) at 0x147103b0d10>, 'Connection to 127.0.0.1 timed out. (connect timeout=2.0)'))",True,2.001101,,,not_attempted,False,,False,none,2.001145,Cloud Failure without Failover
2026-08-22 18:19:30.106,4.1,TC03-batch-20260822T181123-ea0cb7,TC03-20260822T181919232291-run8-b61a20,TC03,cloud_only_failure_no_failover,8,workload,5,v41-TC03-8-5-7fbfa56d,0.2,NORMAL,NORMAL,False,failed,not_used,,2.012498,"ConnectTimeout: HTTPConnectionPool(host='127.0.0.1', port=5000): Max retries exceeded with url: /add_order (Caused by ConnectTimeoutError(<HTTPConnection(host='127.0.0.1', port=5000) at 0x147103b06b0>, 'Connection to 127.0.0.1 timed out. (connect timeout=2.0)'))",True,2.012498,,,not_attempted,False,,False,none,2.012542,Cloud Failure without Failover
2026-08-22 18:19:32.312,4.1,TC03-batch-20260822T181123-ea0cb7,TC03-20260822T181919232291-run8-b61a20,TC03,cloud_only_failure_no_failover,8,workload,6,v41-TC03-8-6-ef14be78,0.2,NORMAL,NORMAL,False,failed,not_used,,2.003038,"ConnectTimeout: HTTPConnectionPool(host='127.0.0.1', port=5000): Max retries exceeded with url: /add_order (Caused by ConnectTimeoutError(<HTTPConnection(host='127.0.0.1', port=5000) at 0x1471046b570>, 'Connection to 127.0.0.1 timed out. (connect timeout=2.0)'))",True,2.003038,,,not_attempted,False,,False,none,2.003082,Cloud Failure without Failover
2026-08-22 18:19:34.515,4.1,TC03-batch-20260822T181123-ea0cb7,TC03-20260822T181919232291-run8-b61a20,TC03,cloud_only_failure_no_failover,8,workload,7,v41-TC03-8-7-220f6cfe,0.2,NORMAL,NORMAL,False,failed,not_used,,2.000906,"ConnectTimeout: HTTPConnectionPool(host='127.0.0.1', port=5000): Max retries exceeded with url: /add_order (Caused by ConnectTimeoutError(<HTTPConnection(host='127.0.0.1', port=5000) at 0x1471046b460>, 'Connection to 127.0.0.1 timed out. (connect timeout=2.0)'))",True,2.000906,,,not_attempted,False,,False,none,2.000948,Cloud Failure without Failover
2026-08-22 18:19:36.735,4.1,TC03-batch-20260822T181123-ea0cb7,TC03-20260822T181919232291-run8-b61a20,TC03,cloud_only_failure_no_failover,8,workload,8,v41-TC03-8-8-e37b7955,0.2,NORMAL,NORMAL,False,failed,not_used,,2.016658,"ConnectTimeout: HTTPConnectionPool(host='127.0.0.1', port=5000): Max retries exceeded with url: /add_order (Caused by ConnectTimeoutError(<HTTPConnection(host='127.0.0.1', port=5000) at 0x147103b0d10>, 'Connection to 127.0.0.1 timed out. (connect timeout=2.0)'))",True,2.016658,,,not_attempted,False,,False,none,2.0167,Cloud Failure without Failover
2026-08-22 18:19:38.938,4.1,TC03-batch-20260822T181123-ea0cb7,TC03-20260822T181919232291-run8-b61a20,TC03,cloud_only_failure_no_failover,8,workload,9,v41-TC03-8-9-08355991,0.2,NORMAL,NORMAL,False,failed,not_used,,2.000576,"ConnectTimeout: HTTPConnectionPool(host='127.0.0.1', port=5000): Max retries exceeded with url: /add_order (Caused by ConnectTimeoutError(<HTTPConnection(host='127.0.0.1', port=5000) at 0x147103b1150>, 'Connection to 127.0.0.1 timed out. (connect timeout=2.0)'))",True,2.000576,,,not_attempted,False,,False,none,2.000602,Cloud Failure without Failover
2026-08-22 18:19:41.140,4.1,TC03-batch-20260822T181123-ea0cb7,TC03-20260822T181919232291-run8-b61a20,TC03,cloud_only_failure_no_failover,8,workload,10,v41-TC03-8-10-d795e336,0.2,NORMAL,NORMAL,False,failed,not_used,,2.00062,"ConnectTimeout: HTTPConnectionPool(host='127.0.0.1', port=5000): Max retries exceeded with url: /add_order (Caused by ConnectTimeoutError(<HTTPConnection(host='127.0.0.1', port=5000) at 0x147103b2250>, 'Connection to 127.0.0.1 timed out. (connect timeout=2.0)'))",True,2.00062,,,not_attempted,False,,False,none,2.000662,Cloud Failure without Failover
2026-08-22 18:19:43.344,4.1,TC03-batch-20260822T181123-ea0cb7,TC03-20260822T181919232291-run8-b61a20,TC03,cloud_only_failure_no_failover,8,workload,11,v41-TC03-8-11-48896fbc,0.2,NORMAL,NORMAL,False,failed,not_used,,2.001151,"ConnectTimeout: HTTPConnectionPool(host='127.0.0.1', port=5000): Max retries exceeded with url: /add_order (Caused by ConnectTimeoutError(<HTTPConnection(host='127.0.0.1', port=5000) at 0x147103b0f30>, 'Connection to 127.0.0.1 timed out. (connect timeout=2.0)'))",True,2.001151,,,not_attempted,False,,False,none,2.001193,Cloud Failure without Failover
2026-08-22 18:19:45.562,4.1,TC03-batch-20260822T181123-ea0cb7,TC03-20260822T181919232291-run8-b61a20,TC03,cloud_only_failure_no_failover,8,workload,12,v41-TC03-8-12-195f8ed8,0.2,NORMAL,NORMAL,False,failed,not_used,,2.015018,"ConnectTimeout: HTTPConnectionPool(host='127.0.0.1', port=5000): Max retries exceeded with url: /add_order (Caused by ConnectTimeoutError(<HTTPConnection(host='127.0.0.1', port=5000) at 0x1471046bce0>, 'Connection to 127.0.0.1 timed out. (connect timeout=2.0)'))",True,2.015018,,,not_attempted,False,,False,none,2.015096,Cloud Failure without Failover
2026-08-22 18:19:47.780,4.1,TC03-batch-20260822T181123-ea0cb7,TC03-20260822T181919232291-run8-b61a20,TC03,cloud_only_failure_no_failover,8,workload,13,v41-TC03-8-13-cd89c338,0.2,NORMAL,NORMAL,False,failed,not_used,,2.014747,"ConnectTimeout: HTTPConnectionPool(host='127.0.0.1', port=5000): Max retries exceeded with url: /add_order (Caused by ConnectTimeoutError(<HTTPConnection(host='127.0.0.1', port=5000) at 0x1471046bf00>, 'Connection to 127.0.0.1 timed out. (connect timeout=2.0)'))",True,2.014747,,,not_attempted,False,,False,none,2.01479,Cloud Failure without Failover
2026-08-22 18:19:49.997,4.1,TC03-batch-20260822T181123-ea0cb7,TC03-20260822T181919232291-run8-b61a20,TC03,cloud_only_failure_no_failover,8,workload,14,v41-TC03-8-14-d7615518,0.2,NORMAL,NORMAL,False,failed,not_used,,2.01484,"ConnectTimeout: HTTPConnectionPool(host='127.0.0.1', port=5000): Max retries exceeded with url: /add_order (Caused by ConnectTimeoutError(<HTTPConnection(host='127.0.0.1', port=5000) at 0x147103b2690>, 'Connection to 127.0.0.1 timed out. (connect timeout=2.0)'))",True,2.01484,,,not_attempted,False,,False,none,2.014871,Cloud Failure without Failover
2026-08-22 18:19:52.203,4.1,TC03-batch-20260822T181123-ea0cb7,TC03-20260822T181919232291-run8-b61a20,TC03,cloud_only_failure_no_failover,8,workload,15,v41-TC03-8-15-e0c32385,0.2,NORMAL,NORMAL,False,failed,not_used,,2.003763,"ConnectTimeout: HTTPConnectionPool(host='127.0.0.1', port=5000): Max retries exceeded with url: /add_order (Caused by ConnectTimeoutError(<HTTPConnection(host='127.0.0.1', port=5000) at 0x147103b1480>, 'Connection to 127.0.0.1 timed out. (connect timeout=2.0)'))",True,2.003763,,,not_attempted,False,,False,none,2.003806,Cloud Failure without Failover
2026-08-22 18:19:54.406,4.1,TC03-batch-20260822T181123-ea0cb7,TC03-20260822T181919232291-run8-b61a20,TC03,cloud_only_failure_no_failover,8,workload,16,v41-TC03-8-16-37280ac7,0.2,NORMAL,NORMAL,False,failed,not_used,,2.000541,"ConnectTimeout: HTTPConnectionPool(host='127.0.0.1', port=5000): Max retries exceeded with url: /add_order (Caused by ConnectTimeoutError(<HTTPConnection(host='127.0.0.1', port=5000) at 0x147103b0160>, 'Connection to 127.0.0.1 timed out. (connect timeout=2.0)'))",True,2.000541,,,not_attempted,False,,False,none,2.000583,Cloud Failure without Failover
2026-08-22 18:19:56.609,4.1,TC03-batch-20260822T181123-ea0cb7,TC03-20260822T181919232291-run8-b61a20,TC03,cloud_only_failure_no_failover,8,workload,17,v41-TC03-8-17-4a710aa1,0.2,NORMAL,NORMAL,False,failed,not_used,,2.00057,"ConnectTimeout: HTTPConnectionPool(host='127.0.0.1', port=5000): Max retries exceeded with url: /add_order (Caused by ConnectTimeoutError(<HTTPConnection(host='127.0.0.1', port=5000) at 0x1471046a7a0>, 'Connection to 127.0.0.1 timed out. (connect timeout=2.0)'))",True,2.00057,,,not_attempted,False,,False,none,2.000627,Cloud Failure without Failover
2026-08-22 18:19:58.829,4.1,TC03-batch-20260822T181123-ea0cb7,TC03-20260822T181919232291-run8-b61a20,TC03,cloud_only_failure_no_failover,8,workload,18,v41-TC03-8-18-8b2534a0,0.2,NORMAL,NORMAL,False,failed,not_used,,2.015418,"ConnectTimeout: HTTPConnectionPool(host='127.0.0.1', port=5000): Max retries exceeded with url: /add_order (Caused by ConnectTimeoutError(<HTTPConnection(host='127.0.0.1', port=5000) at 0x1471046b460>, 'Connection to 127.0.0.1 timed out. (connect timeout=2.0)'))",True,2.015418,,,not_attempted,False,,False,none,2.01546,Cloud Failure without Failover
2026-08-22 18:20:01.047,4.1,TC03-batch-20260822T181123-ea0cb7,TC03-20260822T181919232291-run8-b61a20,TC03,cloud_only_failure_no_failover,8,workload,19,v41-TC03-8-19-e818ab83,0.2,NORMAL,NORMAL,False,failed,not_used,,2.015524,"ConnectTimeout: HTTPConnectionPool(host='127.0.0.1', port=5000): Max retries exceeded with url: /add_order (Caused by ConnectTimeoutError(<HTTPConnection(host='127.0.0.1', port=5000) at 0x147103b2030>, 'Connection to 127.0.0.1 timed out. (connect timeout=2.0)'))",True,2.015524,,,not_attempted,False,,False,none,2.015567,Cloud Failure without Failover
2026-08-22 18:20:03.265,4.1,TC03-batch-20260822T181123-ea0cb7,TC03-20260822T181919232291-run8-b61a20,TC03,cloud_only_failure_no_failover,8,workload,20,v41-TC03-8-20-69bd4e78,0.2,NORMAL,NORMAL,False,failed,not_used,,2.015871,"ConnectTimeout: HTTPConnectionPool(host='127.0.0.1', port=5000): Max retries exceeded with url: /add_order (Caused by ConnectTimeoutError(<HTTPConnection(host='127.0.0.1', port=5000) at 0x147103b16a0>, 'Connection to 127.0.0.1 timed out. (connect timeout=2.0)'))",True,2.015871,,,not_attempted,False,,False,none,2.015914,Cloud Failure without Failover
2026-08-22 18:20:05.483,4.1,TC03-batch-20260822T181123-ea0cb7,TC03-20260822T181919232291-run8-b61a20,TC03,cloud_only_failure_no_failover,8,workload,21,v41-TC03-8-21-f923d59f,0.2,NORMAL,NORMAL,False,failed,not_used,,2.015072,"ConnectTimeout: HTTPConnectionPool(host='127.0.0.1', port=5000): Max retries exceeded with url: /add_order (Caused by ConnectTimeoutError(<HTTPConnection(host='127.0.0.1', port=5000) at 0x147103b09e0>, 'Connection to 127.0.0.1 timed out. (connect timeout=2.0)'))",True,2.015072,,,not_attempted,False,,False,none,2.015113,Cloud Failure without Failover
2026-08-22 18:20:07.702,4.1,TC03-batch-20260822T181123-ea0cb7,TC03-20260822T181919232291-run8-b61a20,TC03,cloud_only_failure_no_failover,8,workload,22,v41-TC03-8-22-1182fc28,0.2,NORMAL,NORMAL,False,failed,not_used,,2.015055,"ConnectTimeout: HTTPConnectionPool(host='127.0.0.1', port=5000): Max retries exceeded with url: /add_order (Caused by ConnectTimeoutError(<HTTPConnection(host='127.0.0.1', port=5000) at 0x1471046a8b0>, 'Connection to 127.0.0.1 timed out. (connect timeout=2.0)'))",True,2.015055,,,not_attempted,False,,False,none,2.015084,Cloud Failure without Failover
2026-08-22 18:20:09.906,4.1,TC03-batch-20260822T181123-ea0cb7,TC03-20260822T181919232291-run8-b61a20,TC03,cloud_only_failure_no_failover,8,workload,23,v41-TC03-8-23-63780a03,0.2,NORMAL,NORMAL,False,failed,not_used,,2.001442,"ConnectTimeout: HTTPConnectionPool(host='127.0.0.1', port=5000): Max retries exceeded with url: /add_order (Caused by ConnectTimeoutError(<HTTPConnection(host='127.0.0.1', port=5000) at 0x1471046af10>, 'Connection to 127.0.0.1 timed out. (connect timeout=2.0)'))",True,2.001442,,,not_attempted,False,,False,none,2.001487,Cloud Failure without Failover
2026-08-22 18:20:12.122,4.1,TC03-batch-20260822T181123-ea0cb7,TC03-20260822T181919232291-run8-b61a20,TC03,cloud_only_failure_no_failover,8,workload,24,v41-TC03-8-24-eb23b5a9,0.2,NORMAL,NORMAL,False,failed,not_used,,2.01274,"ConnectTimeout: HTTPConnectionPool(host='127.0.0.1', port=5000): Max retries exceeded with url: /add_order (Caused by ConnectTimeoutError(<HTTPConnection(host='127.0.0.1', port=5000) at 0x147103b1ae0>, 'Connection to 127.0.0.1 timed out. (connect timeout=2.0)'))",True,2.01274,,,not_attempted,False,,False,none,2.012759,Cloud Failure without Failover
2026-08-22 18:20:14.328,4.1,TC03-batch-20260822T181123-ea0cb7,TC03-20260822T181919232291-run8-b61a20,TC03,cloud_only_failure_no_failover,8,workload,25,v41-TC03-8-25-9bb9f9b3,0.2,NORMAL,NORMAL,False,failed,not_used,,2.004764,"ConnectTimeout: HTTPConnectionPool(host='127.0.0.1', port=5000): Max retries exceeded with url: /add_order (Caused by ConnectTimeoutError(<HTTPConnection(host='127.0.0.1', port=5000) at 0x147103b1590>, 'Connection to 127.0.0.1 timed out. (connect timeout=2.0)'))",True,2.004764,,,not_attempted,False,,False,none,2.004788,Cloud Failure without Failover
2026-08-22 18:20:16.538,4.1,TC03-batch-20260822T181123-ea0cb7,TC03-20260822T181919232291-run8-b61a20,TC03,cloud_only_failure_no_failover,8,workload,26,v41-TC03-8-26-8d2cf226,0.2,NORMAL,NORMAL,False,failed,not_used,,2.008791,"ConnectTimeout: HTTPConnectionPool(host='127.0.0.1', port=5000): Max retries exceeded with url: /add_order (Caused by ConnectTimeoutError(<HTTPConnection(host='127.0.0.1', port=5000) at 0x147103b2be0>, 'Connection to 127.0.0.1 timed out. (connect timeout=2.0)'))",True,2.008791,,,not_attempted,False,,False,none,2.008818,Cloud Failure without Failover
2026-08-22 18:20:18.751,4.1,TC03-batch-20260822T181123-ea0cb7,TC03-20260822T181919232291-run8-b61a20,TC03,cloud_only_failure_no_failover,8,workload,27,v41-TC03-8-27-95de54c5,0.2,NORMAL,NORMAL,False,failed,not_used,,2.00897,"ConnectTimeout: HTTPConnectionPool(host='127.0.0.1', port=5000): Max retries exceeded with url: /add_order (Caused by ConnectTimeoutError(<HTTPConnection(host='127.0.0.1', port=5000) at 0x147103b1480>, 'Connection to 127.0.0.1 timed out. (connect timeout=2.0)'))",True,2.00897,,,not_attempted,False,,False,none,2.008993,Cloud Failure without Failover
2026-08-22 18:20:20.969,4.1,TC03-batch-20260822T181123-ea0cb7,TC03-20260822T181919232291-run8-b61a20,TC03,cloud_only_failure_no_failover,8,workload,28,v41-TC03-8-28-750133c4,0.2,NORMAL,NORMAL,False,failed,not_used,,2.016275,"ConnectTimeout: HTTPConnectionPool(host='127.0.0.1', port=5000): Max retries exceeded with url: /add_order (Caused by ConnectTimeoutError(<HTTPConnection(host='127.0.0.1', port=5000) at 0x1471046b9b0>, 'Connection to 127.0.0.1 timed out. (connect timeout=2.0)'))",True,2.016275,,,not_attempted,False,,False,none,2.016306,Cloud Failure without Failover
2026-08-22 18:20:23.177,4.1,TC03-batch-20260822T181123-ea0cb7,TC03-20260822T181919232291-run8-b61a20,TC03,cloud_only_failure_no_failover,8,workload,29,v41-TC03-8-29-0974a2fb,0.2,NORMAL,NORMAL,False,failed,not_used,,2.006124,"ConnectTimeout: HTTPConnectionPool(host='127.0.0.1', port=5000): Max retries exceeded with url: /add_order (Caused by ConnectTimeoutError(<HTTPConnection(host='127.0.0.1', port=5000) at 0x1471046b460>, 'Connection to 127.0.0.1 timed out. (connect timeout=2.0)'))",True,2.006124,,,not_attempted,False,,False,none,2.006206,Cloud Failure without Failover
2026-08-22 18:20:25.380,4.1,TC03-batch-20260822T181123-ea0cb7,TC03-20260822T181919232291-run8-b61a20,TC03,cloud_only_failure_no_failover,8,workload,30,v41-TC03-8-30-f4f2fc53,0.2,NORMAL,NORMAL,False,failed,not_used,,2.000269,"ConnectTimeout: HTTPConnectionPool(host='127.0.0.1', port=5000): Max retries exceeded with url: /add_order (Caused by ConnectTimeoutError(<HTTPConnection(host='127.0.0.1', port=5000) at 0x147103b2690>, 'Connection to 127.0.0.1 timed out. (connect timeout=2.0)'))",True,2.000269,,,not_attempted,False,,False,none,2.000299,Cloud Failure without Failover
2026-08-22 18:20:28.985,4.1,TC03-batch-20260822T181123-ea0cb7,TC03-20260822T182026983002-run9-9e1b81,TC03,cloud_only_failure_no_failover,9,workload,1,v41-TC03-9-1-cd8817dc,0.2,NORMAL,NORMAL,False,failed,not_used,,1.990782,"ConnectTimeout: HTTPConnectionPool(host='127.0.0.1', port=5000): Max retries exceeded with url: /add_order (Caused by ConnectTimeoutError(<HTTPConnection(host='127.0.0.1', port=5000) at 0x1471046abe0>, 'Connection to 127.0.0.1 timed out. (connect timeout=2.0)'))",True,1.990782,,,not_attempted,False,,False,none,1.990811,Cloud Failure without Failover
2026-08-22 18:20:31.187,4.1,TC03-batch-20260822T181123-ea0cb7,TC03-20260822T182026983002-run9-9e1b81,TC03,cloud_only_failure_no_failover,9,workload,2,v41-TC03-9-2-d2ce7d88,0.2,NORMAL,NORMAL,False,failed,not_used,,2.000847,"ConnectTimeout: HTTPConnectionPool(host='127.0.0.1', port=5000): Max retries exceeded with url: /add_order (Caused by ConnectTimeoutError(<HTTPConnection(host='127.0.0.1', port=5000) at 0x1471046b680>, 'Connection to 127.0.0.1 timed out. (connect timeout=2.0)'))",True,2.000847,,,not_attempted,False,,False,none,2.00089,Cloud Failure without Failover
2026-08-22 18:20:33.406,4.1,TC03-batch-20260822T181123-ea0cb7,TC03-20260822T182026983002-run9-9e1b81,TC03,cloud_only_failure_no_failover,9,workload,3,v41-TC03-9-3-7c73924c,0.2,NORMAL,NORMAL,False,failed,not_used,,2.015595,"ConnectTimeout: HTTPConnectionPool(host='127.0.0.1', port=5000): Max retries exceeded with url: /add_order (Caused by ConnectTimeoutError(<HTTPConnection(host='127.0.0.1', port=5000) at 0x147103b1e10>, 'Connection to 127.0.0.1 timed out. (connect timeout=2.0)'))",True,2.015595,,,not_attempted,False,,False,none,2.015617,Cloud Failure without Failover
2026-08-22 18:20:35.608,4.1,TC03-batch-20260822T181123-ea0cb7,TC03-20260822T182026983002-run9-9e1b81,TC03,cloud_only_failure_no_failover,9,workload,4,v41-TC03-9-4-3c745b63,0.2,NORMAL,NORMAL,False,failed,not_used,,2.00058,"ConnectTimeout: HTTPConnectionPool(host='127.0.0.1', port=5000): Max retries exceeded with url: /add_order (Caused by ConnectTimeoutError(<HTTPConnection(host='127.0.0.1', port=5000) at 0x147103b1bf0>, 'Connection to 127.0.0.1 timed out. (connect timeout=2.0)'))",True,2.00058,,,not_attempted,False,,False,none,2.000608,Cloud Failure without Failover
2026-08-22 18:20:37.812,4.1,TC03-batch-20260822T181123-ea0cb7,TC03-20260822T182026983002-run9-9e1b81,TC03,cloud_only_failure_no_failover,9,workload,5,v41-TC03-9-5-bd23bd49,0.2,NORMAL,NORMAL,False,failed,not_used,,2.002205,"ConnectTimeout: HTTPConnectionPool(host='127.0.0.1', port=5000): Max retries exceeded with url: /add_order (Caused by ConnectTimeoutError(<HTTPConnection(host='127.0.0.1', port=5000) at 0x147103b0380>, 'Connection to 127.0.0.1 timed out. (connect timeout=2.0)'))",True,2.002205,,,not_attempted,False,,False,none,2.002226,Cloud Failure without Failover
2026-08-22 18:20:40.020,4.1,TC03-batch-20260822T181123-ea0cb7,TC03-20260822T182026983002-run9-9e1b81,TC03,cloud_only_failure_no_failover,9,workload,6,v41-TC03-9-6-100a2d63,0.2,NORMAL,NORMAL,False,failed,not_used,,2.007358,"ConnectTimeout: HTTPConnectionPool(host='127.0.0.1', port=5000): Max retries exceeded with url: /add_order (Caused by ConnectTimeoutError(<HTTPConnection(host='127.0.0.1', port=5000) at 0x1471046b020>, 'Connection to 127.0.0.1 timed out. (connect timeout=2.0)'))",True,2.007358,,,not_attempted,False,,False,none,2.007376,Cloud Failure without Failover
2026-08-22 18:20:42.234,4.1,TC03-batch-20260822T181123-ea0cb7,TC03-20260822T182026983002-run9-9e1b81,TC03,cloud_only_failure_no_failover,9,workload,7,v41-TC03-9-7-da057f47,0.2,NORMAL,NORMAL,False,failed,not_used,,2.012238,"ConnectTimeout: HTTPConnectionPool(host='127.0.0.1', port=5000): Max retries exceeded with url: /add_order (Caused by ConnectTimeoutError(<HTTPConnection(host='127.0.0.1', port=5000) at 0x1471046b9b0>, 'Connection to 127.0.0.1 timed out. (connect timeout=2.0)'))",True,2.012238,,,not_attempted,False,,False,none,2.012262,Cloud Failure without Failover
2026-08-22 18:20:44.436,4.1,TC03-batch-20260822T181123-ea0cb7,TC03-20260822T182026983002-run9-9e1b81,TC03,cloud_only_failure_no_failover,9,workload,8,v41-TC03-9-8-b20d8ac2,0.2,NORMAL,NORMAL,False,failed,not_used,,2.000444,"ConnectTimeout: HTTPConnectionPool(host='127.0.0.1', port=5000): Max retries exceeded with url: /add_order (Caused by ConnectTimeoutError(<HTTPConnection(host='127.0.0.1', port=5000) at 0x147103b1bf0>, 'Connection to 127.0.0.1 timed out. (connect timeout=2.0)'))",True,2.000444,,,not_attempted,False,,False,none,2.000462,Cloud Failure without Failover
2026-08-22 18:20:46.641,4.1,TC03-batch-20260822T181123-ea0cb7,TC03-20260822T182026983002-run9-9e1b81,TC03,cloud_only_failure_no_failover,9,workload,9,v41-TC03-9-9-0af8327d,0.2,NORMAL,NORMAL,False,failed,not_used,,2.002862,"ConnectTimeout: HTTPConnectionPool(host='127.0.0.1', port=5000): Max retries exceeded with url: /add_order (Caused by ConnectTimeoutError(<HTTPConnection(host='127.0.0.1', port=5000) at 0x147103b1e10>, 'Connection to 127.0.0.1 timed out. (connect timeout=2.0)'))",True,2.002862,,,not_attempted,False,,False,none,2.002884,Cloud Failure without Failover
2026-08-22 18:20:48.843,4.1,TC03-batch-20260822T181123-ea0cb7,TC03-20260822T182026983002-run9-9e1b81,TC03,cloud_only_failure_no_failover,9,workload,10,v41-TC03-9-10-23580a00,0.2,NORMAL,NORMAL,False,failed,not_used,,2.000498,"ConnectTimeout: HTTPConnectionPool(host='127.0.0.1', port=5000): Max retries exceeded with url: /add_order (Caused by ConnectTimeoutError(<HTTPConnection(host='127.0.0.1', port=5000) at 0x147103b1590>, 'Connection to 127.0.0.1 timed out. (connect timeout=2.0)'))",True,2.000498,,,not_attempted,False,,False,none,2.000539,Cloud Failure without Failover
2026-08-22 18:20:51.047,4.1,TC03-batch-20260822T181123-ea0cb7,TC03-20260822T182026983002-run9-9e1b81,TC03,cloud_only_failure_no_failover,9,workload,11,v41-TC03-9-11-4ba11edf,0.2,NORMAL,NORMAL,False,failed,not_used,,2.001198,"ConnectTimeout: HTTPConnectionPool(host='127.0.0.1', port=5000): Max retries exceeded with url: /add_order (Caused by ConnectTimeoutError(<HTTPConnection(host='127.0.0.1', port=5000) at 0x1471046b9b0>, 'Connection to 127.0.0.1 timed out. (connect timeout=2.0)'))",True,2.001198,,,not_attempted,False,,False,none,2.001259,Cloud Failure without Failover
2026-08-22 18:20:53.264,4.1,TC03-batch-20260822T181123-ea0cb7,TC03-20260822T182026983002-run9-9e1b81,TC03,cloud_only_failure_no_failover,9,workload,12,v41-TC03-9-12-fcc50f19,0.2,NORMAL,NORMAL,False,failed,not_used,,2.004013,"ConnectTimeout: HTTPConnectionPool(host='127.0.0.1', port=5000): Max retries exceeded with url: /add_order (Caused by ConnectTimeoutError(<HTTPConnection(host='127.0.0.1', port=5000) at 0x1471046aad0>, 'Connection to 127.0.0.1 timed out. (connect timeout=2.0)'))",True,2.004013,,,not_attempted,False,,False,none,2.004056,Cloud Failure without Failover
2026-08-22 18:20:55.469,4.1,TC03-batch-20260822T181123-ea0cb7,TC03-20260822T182026983002-run9-9e1b81,TC03,cloud_only_failure_no_failover,9,workload,13,v41-TC03-9-13-0216f5f2,0.2,NORMAL,NORMAL,False,failed,not_used,,2.002149,"ConnectTimeout: HTTPConnectionPool(host='127.0.0.1', port=5000): Max retries exceeded with url: /add_order (Caused by ConnectTimeoutError(<HTTPConnection(host='127.0.0.1', port=5000) at 0x1471046b350>, 'Connection to 127.0.0.1 timed out. (connect timeout=2.0)'))",True,2.002149,,,not_attempted,False,,False,none,2.002191,Cloud Failure without Failover
2026-08-22 18:20:57.672,4.1,TC03-batch-20260822T181123-ea0cb7,TC03-20260822T182026983002-run9-9e1b81,TC03,cloud_only_failure_no_failover,9,workload,14,v41-TC03-9-14-03d4e5aa,0.2,NORMAL,NORMAL,False,failed,not_used,,2.000712,"ConnectTimeout: HTTPConnectionPool(host='127.0.0.1', port=5000): Max retries exceeded with url: /add_order (Caused by ConnectTimeoutError(<HTTPConnection(host='127.0.0.1', port=5000) at 0x147103b2690>, 'Connection to 127.0.0.1 timed out. (connect timeout=2.0)'))",True,2.000712,,,not_attempted,False,,False,none,2.000732,Cloud Failure without Failover
2026-08-22 18:20:59.889,4.1,TC03-batch-20260822T181123-ea0cb7,TC03-20260822T182026983002-run9-9e1b81,TC03,cloud_only_failure_no_failover,9,workload,15,v41-TC03-9-15-ca6889ae,0.2,NORMAL,NORMAL,False,failed,not_used,,2.015731,"ConnectTimeout: HTTPConnectionPool(host='127.0.0.1', port=5000): Max retries exceeded with url: /add_order (Caused by ConnectTimeoutError(<HTTPConnection(host='127.0.0.1', port=5000) at 0x147103b2be0>, 'Connection to 127.0.0.1 timed out. (connect timeout=2.0)'))",True,2.015731,,,not_attempted,False,,False,none,2.015775,Cloud Failure without Failover
2026-08-22 18:21:02.093,4.1,TC03-batch-20260822T181123-ea0cb7,TC03-20260822T182026983002-run9-9e1b81,TC03,cloud_only_failure_no_failover,9,workload,16,v41-TC03-9-16-f465b5cd,0.2,NORMAL,NORMAL,False,failed,not_used,,2.000664,"ConnectTimeout: HTTPConnectionPool(host='127.0.0.1', port=5000): Max retries exceeded with url: /add_order (Caused by ConnectTimeoutError(<HTTPConnection(host='127.0.0.1', port=5000) at 0x1471046b350>, 'Connection to 127.0.0.1 timed out. (connect timeout=2.0)'))",True,2.000664,,,not_attempted,False,,False,none,2.000705,Cloud Failure without Failover
2026-08-22 18:21:04.312,4.1,TC03-batch-20260822T181123-ea0cb7,TC03-20260822T182026983002-run9-9e1b81,TC03,cloud_only_failure_no_failover,9,workload,17,v41-TC03-9-17-955b8c8b,0.2,NORMAL,NORMAL,False,failed,not_used,,2.016072,"ConnectTimeout: HTTPConnectionPool(host='127.0.0.1', port=5000): Max retries exceeded with url: /add_order (Caused by ConnectTimeoutError(<HTTPConnection(host='127.0.0.1', port=5000) at 0x1471046bce0>, 'Connection to 127.0.0.1 timed out. (connect timeout=2.0)'))",True,2.016072,,,not_attempted,False,,False,none,2.01612,Cloud Failure without Failover
2026-08-22 18:21:06.516,4.1,TC03-batch-20260822T181123-ea0cb7,TC03-20260822T182026983002-run9-9e1b81,TC03,cloud_only_failure_no_failover,9,workload,18,v41-TC03-9-18-0eb95a6b,0.2,NORMAL,NORMAL,False,failed,not_used,,2.001118,"ConnectTimeout: HTTPConnectionPool(host='127.0.0.1', port=5000): Max retries exceeded with url: /add_order (Caused by ConnectTimeoutError(<HTTPConnection(host='127.0.0.1', port=5000) at 0x1471046a9c0>, 'Connection to 127.0.0.1 timed out. (connect timeout=2.0)'))",True,2.001118,,,not_attempted,False,,False,none,2.001166,Cloud Failure without Failover
2026-08-22 18:21:08.734,4.1,TC03-batch-20260822T181123-ea0cb7,TC03-20260822T182026983002-run9-9e1b81,TC03,cloud_only_failure_no_failover,9,workload,19,v41-TC03-9-19-86be62d3,0.2,NORMAL,NORMAL,False,failed,not_used,,2.015335,"ConnectTimeout: HTTPConnectionPool(host='127.0.0.1', port=5000): Max retries exceeded with url: /add_order (Caused by ConnectTimeoutError(<HTTPConnection(host='127.0.0.1', port=5000) at 0x147103b2be0>, 'Connection to 127.0.0.1 timed out. (connect timeout=2.0)'))",True,2.015335,,,not_attempted,False,,False,none,2.015378,Cloud Failure without Failover
2026-08-22 18:21:10.952,4.1,TC03-batch-20260822T181123-ea0cb7,TC03-20260822T182026983002-run9-9e1b81,TC03,cloud_only_failure_no_failover,9,workload,20,v41-TC03-9-20-5bb26af7,0.2,NORMAL,NORMAL,False,failed,not_used,,2.015403,"ConnectTimeout: HTTPConnectionPool(host='127.0.0.1', port=5000): Max retries exceeded with url: /add_order (Caused by ConnectTimeoutError(<HTTPConnection(host='127.0.0.1', port=5000) at 0x147103b2690>, 'Connection to 127.0.0.1 timed out. (connect timeout=2.0)'))",True,2.015403,,,not_attempted,False,,False,none,2.015447,Cloud Failure without Failover
2026-08-22 18:21:13.157,4.1,TC03-batch-20260822T181123-ea0cb7,TC03-20260822T182026983002-run9-9e1b81,TC03,cloud_only_failure_no_failover,9,workload,21,v41-TC03-9-21-b340199b,0.2,NORMAL,NORMAL,False,failed,not_used,,2.001316,"ConnectTimeout: HTTPConnectionPool(host='127.0.0.1', port=5000): Max retries exceeded with url: /add_order (Caused by ConnectTimeoutError(<HTTPConnection(host='127.0.0.1', port=5000) at 0x147103b1150>, 'Connection to 127.0.0.1 timed out. (connect timeout=2.0)'))",True,2.001316,,,not_attempted,False,,False,none,2.001359,Cloud Failure without Failover
2026-08-22 18:21:15.374,4.1,TC03-batch-20260822T181123-ea0cb7,TC03-20260822T182026983002-run9-9e1b81,TC03,cloud_only_failure_no_failover,9,workload,22,v41-TC03-9-22-bd14dcfa,0.2,NORMAL,NORMAL,False,failed,not_used,,2.014924,"ConnectTimeout: HTTPConnectionPool(host='127.0.0.1', port=5000): Max retries exceeded with url: /add_order (Caused by ConnectTimeoutError(<HTTPConnection(host='127.0.0.1', port=5000) at 0x1471046bce0>, 'Connection to 127.0.0.1 timed out. (connect timeout=2.0)'))",True,2.014924,,,not_attempted,False,,False,none,2.014966,Cloud Failure without Failover
2026-08-22 18:21:17.593,4.1,TC03-batch-20260822T181123-ea0cb7,TC03-20260822T182026983002-run9-9e1b81,TC03,cloud_only_failure_no_failover,9,workload,23,v41-TC03-9-23-9cbeb732,0.2,NORMAL,NORMAL,False,failed,not_used,,2.016076,"ConnectTimeout: HTTPConnectionPool(host='127.0.0.1', port=5000): Max retries exceeded with url: /add_order (Caused by ConnectTimeoutError(<HTTPConnection(host='127.0.0.1', port=5000) at 0x1471046b680>, 'Connection to 127.0.0.1 timed out. (connect timeout=2.0)'))",True,2.016076,,,not_attempted,False,,False,none,2.016119,Cloud Failure without Failover
2026-08-22 18:21:19.797,4.1,TC03-batch-20260822T181123-ea0cb7,TC03-20260822T182026983002-run9-9e1b81,TC03,cloud_only_failure_no_failover,9,workload,24,v41-TC03-9-24-e99aec07,0.2,NORMAL,NORMAL,False,failed,not_used,,2.001202,"ConnectTimeout: HTTPConnectionPool(host='127.0.0.1', port=5000): Max retries exceeded with url: /add_order (Caused by ConnectTimeoutError(<HTTPConnection(host='127.0.0.1', port=5000) at 0x147103b0af0>, 'Connection to 127.0.0.1 timed out. (connect timeout=2.0)'))",True,2.001202,,,not_attempted,False,,False,none,2.001244,Cloud Failure without Failover
2026-08-22 18:21:22.005,4.1,TC03-batch-20260822T181123-ea0cb7,TC03-20260822T182026983002-run9-9e1b81,TC03,cloud_only_failure_no_failover,9,workload,25,v41-TC03-9-25-abebcc40,0.2,NORMAL,NORMAL,False,failed,not_used,,2.005606,"ConnectTimeout: HTTPConnectionPool(host='127.0.0.1', port=5000): Max retries exceeded with url: /add_order (Caused by ConnectTimeoutError(<HTTPConnection(host='127.0.0.1', port=5000) at 0x147103b0050>, 'Connection to 127.0.0.1 timed out. (connect timeout=2.0)'))",True,2.005606,,,not_attempted,False,,False,none,2.005645,Cloud Failure without Failover
2026-08-22 18:21:24.218,4.1,TC03-batch-20260822T181123-ea0cb7,TC03-20260822T182026983002-run9-9e1b81,TC03,cloud_only_failure_no_failover,9,workload,26,v41-TC03-9-26-2cb11b87,0.2,NORMAL,NORMAL,False,failed,not_used,,2.010579,"ConnectTimeout: HTTPConnectionPool(host='127.0.0.1', port=5000): Max retries exceeded with url: /add_order (Caused by ConnectTimeoutError(<HTTPConnection(host='127.0.0.1', port=5000) at 0x147103b2140>, 'Connection to 127.0.0.1 timed out. (connect timeout=2.0)'))",True,2.010579,,,not_attempted,False,,False,none,2.010622,Cloud Failure without Failover
2026-08-22 18:21:26.422,4.1,TC03-batch-20260822T181123-ea0cb7,TC03-20260822T182026983002-run9-9e1b81,TC03,cloud_only_failure_no_failover,9,workload,27,v41-TC03-9-27-bd480c84,0.2,NORMAL,NORMAL,False,failed,not_used,,2.000662,"ConnectTimeout: HTTPConnectionPool(host='127.0.0.1', port=5000): Max retries exceeded with url: /add_order (Caused by ConnectTimeoutError(<HTTPConnection(host='127.0.0.1', port=5000) at 0x1471046af10>, 'Connection to 127.0.0.1 timed out. (connect timeout=2.0)'))",True,2.000662,,,not_attempted,False,,False,none,2.000704,Cloud Failure without Failover
2026-08-22 18:21:28.641,4.1,TC03-batch-20260822T181123-ea0cb7,TC03-20260822T182026983002-run9-9e1b81,TC03,cloud_only_failure_no_failover,9,workload,28,v41-TC03-9-28-cbdd2974,0.2,NORMAL,NORMAL,False,failed,not_used,,2.01571,"ConnectTimeout: HTTPConnectionPool(host='127.0.0.1', port=5000): Max retries exceeded with url: /add_order (Caused by ConnectTimeoutError(<HTTPConnection(host='127.0.0.1', port=5000) at 0x1471046bac0>, 'Connection to 127.0.0.1 timed out. (connect timeout=2.0)'))",True,2.01571,,,not_attempted,False,,False,none,2.015755,Cloud Failure without Failover
2026-08-22 18:21:30.859,4.1,TC03-batch-20260822T181123-ea0cb7,TC03-20260822T182026983002-run9-9e1b81,TC03,cloud_only_failure_no_failover,9,workload,29,v41-TC03-9-29-9c0da123,0.2,NORMAL,NORMAL,False,failed,not_used,,2.014851,"ConnectTimeout: HTTPConnectionPool(host='127.0.0.1', port=5000): Max retries exceeded with url: /add_order (Caused by ConnectTimeoutError(<HTTPConnection(host='127.0.0.1', port=5000) at 0x147103b09e0>, 'Connection to 127.0.0.1 timed out. (connect timeout=2.0)'))",True,2.014851,,,not_attempted,False,,False,none,2.014893,Cloud Failure without Failover
2026-08-22 18:21:33.078,4.1,TC03-batch-20260822T181123-ea0cb7,TC03-20260822T182026983002-run9-9e1b81,TC03,cloud_only_failure_no_failover,9,workload,30,v41-TC03-9-30-e4bc6d33,0.2,NORMAL,NORMAL,False,failed,not_used,,2.016773,"ConnectTimeout: HTTPConnectionPool(host='127.0.0.1', port=5000): Max retries exceeded with url: /add_order (Caused by ConnectTimeoutError(<HTTPConnection(host='127.0.0.1', port=5000) at 0x147103b1bf0>, 'Connection to 127.0.0.1 timed out. (connect timeout=2.0)'))",True,2.016773,,,not_attempted,False,,False,none,2.016815,Cloud Failure without Failover
2026-08-22 18:21:36.733,4.1,TC03-batch-20260822T181123-ea0cb7,TC03-20260822T182134704523-run10-a63cd1,TC03,cloud_only_failure_no_failover,10,workload,1,v41-TC03-10-1-8588a310,0.2,NORMAL,NORMAL,False,failed,not_used,,2.007016,"ConnectTimeout: HTTPConnectionPool(host='127.0.0.1', port=5000): Max retries exceeded with url: /add_order (Caused by ConnectTimeoutError(<HTTPConnection(host='127.0.0.1', port=5000) at 0x1471046af10>, 'Connection to 127.0.0.1 timed out. (connect timeout=2.0)'))",True,2.007016,,,not_attempted,False,,False,none,2.007057,Cloud Failure without Failover
2026-08-22 18:21:38.952,4.1,TC03-batch-20260822T181123-ea0cb7,TC03-20260822T182134704523-run10-a63cd1,TC03,cloud_only_failure_no_failover,10,workload,2,v41-TC03-10-2-b5a7d2d0,0.2,NORMAL,NORMAL,False,failed,not_used,,2.015406,"ConnectTimeout: HTTPConnectionPool(host='127.0.0.1', port=5000): Max retries exceeded with url: /add_order (Caused by ConnectTimeoutError(<HTTPConnection(host='127.0.0.1', port=5000) at 0x1471046b680>, 'Connection to 127.0.0.1 timed out. (connect timeout=2.0)'))",True,2.015406,,,not_attempted,False,,False,none,2.01545,Cloud Failure without Failover
2026-08-22 18:21:41.156,4.1,TC03-batch-20260822T181123-ea0cb7,TC03-20260822T182134704523-run10-a63cd1,TC03,cloud_only_failure_no_failover,10,workload,3,v41-TC03-10-3-1bd8fd87,0.2,NORMAL,NORMAL,False,failed,not_used,,2.000818,"ConnectTimeout: HTTPConnectionPool(host='127.0.0.1', port=5000): Max retries exceeded with url: /add_order (Caused by ConnectTimeoutError(<HTTPConnection(host='127.0.0.1', port=5000) at 0x147103b0d10>, 'Connection to 127.0.0.1 timed out. (connect timeout=2.0)'))",True,2.000818,,,not_attempted,False,,False,none,2.00086,Cloud Failure without Failover
2026-08-22 18:21:43.374,4.1,TC03-batch-20260822T181123-ea0cb7,TC03-20260822T182134704523-run10-a63cd1,TC03,cloud_only_failure_no_failover,10,workload,4,v41-TC03-10-4-66197757,0.2,NORMAL,NORMAL,False,failed,not_used,,2.015863,"ConnectTimeout: HTTPConnectionPool(host='127.0.0.1', port=5000): Max retries exceeded with url: /add_order (Caused by ConnectTimeoutError(<HTTPConnection(host='127.0.0.1', port=5000) at 0x147103b2ad0>, 'Connection to 127.0.0.1 timed out. (connect timeout=2.0)'))",True,2.015863,,,not_attempted,False,,False,none,2.015919,Cloud Failure without Failover
2026-08-22 18:21:45.593,4.1,TC03-batch-20260822T181123-ea0cb7,TC03-20260822T182134704523-run10-a63cd1,TC03,cloud_only_failure_no_failover,10,workload,5,v41-TC03-10-5-100e5846,0.2,NORMAL,NORMAL,False,failed,not_used,,2.015796,"ConnectTimeout: HTTPConnectionPool(host='127.0.0.1', port=5000): Max retries exceeded with url: /add_order (Caused by ConnectTimeoutError(<HTTPConnection(host='127.0.0.1', port=5000) at 0x147103b0270>, 'Connection to 127.0.0.1 timed out. (connect timeout=2.0)'))",True,2.015796,,,not_attempted,False,,False,none,2.015838,Cloud Failure without Failover
2026-08-22 18:21:47.812,4.1,TC03-batch-20260822T181123-ea0cb7,TC03-20260822T182134704523-run10-a63cd1,TC03,cloud_only_failure_no_failover,10,workload,6,v41-TC03-10-6-b6d49d08,0.2,NORMAL,NORMAL,False,failed,not_used,,2.015763,"ConnectTimeout: HTTPConnectionPool(host='127.0.0.1', port=5000): Max retries exceeded with url: /add_order (Caused by ConnectTimeoutError(<HTTPConnection(host='127.0.0.1', port=5000) at 0x1471046b460>, 'Connection to 127.0.0.1 timed out. (connect timeout=2.0)'))",True,2.015763,,,not_attempted,False,,False,none,2.015806,Cloud Failure without Failover
2026-08-22 18:21:50.031,4.1,TC03-batch-20260822T181123-ea0cb7,TC03-20260822T182134704523-run10-a63cd1,TC03,cloud_only_failure_no_failover,10,workload,7,v41-TC03-10-7-91ca437e,0.2,NORMAL,NORMAL,False,failed,not_used,,2.015971,"ConnectTimeout: HTTPConnectionPool(host='127.0.0.1', port=5000): Max retries exceeded with url: /add_order (Caused by ConnectTimeoutError(<HTTPConnection(host='127.0.0.1', port=5000) at 0x147103b2ad0>, 'Connection to 127.0.0.1 timed out. (connect timeout=2.0)'))",True,2.015971,,,not_attempted,False,,False,none,2.01599,Cloud Failure without Failover
2026-08-22 18:21:52.250,4.1,TC03-batch-20260822T181123-ea0cb7,TC03-20260822T182134704523-run10-a63cd1,TC03,cloud_only_failure_no_failover,10,workload,8,v41-TC03-10-8-dea8ae80,0.2,NORMAL,NORMAL,False,failed,not_used,,2.016201,"ConnectTimeout: HTTPConnectionPool(host='127.0.0.1', port=5000): Max retries exceeded with url: /add_order (Caused by ConnectTimeoutError(<HTTPConnection(host='127.0.0.1', port=5000) at 0x147103b0d10>, 'Connection to 127.0.0.1 timed out. (connect timeout=2.0)'))",True,2.016201,,,not_attempted,False,,False,none,2.016242,Cloud Failure without Failover
2026-08-22 18:21:54.453,4.1,TC03-batch-20260822T181123-ea0cb7,TC03-20260822T182134704523-run10-a63cd1,TC03,cloud_only_failure_no_failover,10,workload,9,v41-TC03-10-9-5fc177fc,0.2,NORMAL,NORMAL,False,failed,not_used,,2.000151,"ConnectTimeout: HTTPConnectionPool(host='127.0.0.1', port=5000): Max retries exceeded with url: /add_order (Caused by ConnectTimeoutError(<HTTPConnection(host='127.0.0.1', port=5000) at 0x147103b1e10>, 'Connection to 127.0.0.1 timed out. (connect timeout=2.0)'))",True,2.000151,,,not_attempted,False,,False,none,2.000172,Cloud Failure without Failover
2026-08-22 18:21:56.671,4.1,TC03-batch-20260822T181123-ea0cb7,TC03-20260822T182134704523-run10-a63cd1,TC03,cloud_only_failure_no_failover,10,workload,10,v41-TC03-10-10-461b32c8,0.2,NORMAL,NORMAL,False,failed,not_used,,2.016866,"ConnectTimeout: HTTPConnectionPool(host='127.0.0.1', port=5000): Max retries exceeded with url: /add_order (Caused by ConnectTimeoutError(<HTTPConnection(host='127.0.0.1', port=5000) at 0x147103b0160>, 'Connection to 127.0.0.1 timed out. (connect timeout=2.0)'))",True,2.016866,,,not_attempted,False,,False,none,2.01693,Cloud Failure without Failover
2026-08-22 18:21:58.890,4.1,TC03-batch-20260822T181123-ea0cb7,TC03-20260822T182134704523-run10-a63cd1,TC03,cloud_only_failure_no_failover,10,workload,11,v41-TC03-10-11-b5b53187,0.2,NORMAL,NORMAL,False,failed,not_used,,2.015846,"ConnectTimeout: HTTPConnectionPool(host='127.0.0.1', port=5000): Max retries exceeded with url: /add_order (Caused by ConnectTimeoutError(<HTTPConnection(host='127.0.0.1', port=5000) at 0x1471046a9c0>, 'Connection to 127.0.0.1 timed out. (connect timeout=2.0)'))",True,2.015846,,,not_attempted,False,,False,none,2.015888,Cloud Failure without Failover
2026-08-22 18:22:01.109,4.1,TC03-batch-20260822T181123-ea0cb7,TC03-20260822T182134704523-run10-a63cd1,TC03,cloud_only_failure_no_failover,10,workload,12,v41-TC03-10-12-354e40bb,0.2,NORMAL,NORMAL,False,failed,not_used,,2.015259,"ConnectTimeout: HTTPConnectionPool(host='127.0.0.1', port=5000): Max retries exceeded with url: /add_order (Caused by ConnectTimeoutError(<HTTPConnection(host='127.0.0.1', port=5000) at 0x1471046bbd0>, 'Connection to 127.0.0.1 timed out. (connect timeout=2.0)'))",True,2.015259,,,not_attempted,False,,False,none,2.015303,Cloud Failure without Failover
2026-08-22 18:22:03.327,4.1,TC03-batch-20260822T181123-ea0cb7,TC03-20260822T182134704523-run10-a63cd1,TC03,cloud_only_failure_no_failover,10,workload,13,v41-TC03-10-13-aa8f9d4a,0.2,NORMAL,NORMAL,False,failed,not_used,,2.015576,"ConnectTimeout: HTTPConnectionPool(host='127.0.0.1', port=5000): Max retries exceeded with url: /add_order (Caused by ConnectTimeoutError(<HTTPConnection(host='127.0.0.1', port=5000) at 0x147103b1260>, 'Connection to 127.0.0.1 timed out. (connect timeout=2.0)'))",True,2.015576,,,not_attempted,False,,False,none,2.015618,Cloud Failure without Failover
2026-08-22 18:22:05.546,4.1,TC03-batch-20260822T181123-ea0cb7,TC03-20260822T182134704523-run10-a63cd1,TC03,cloud_only_failure_no_failover,10,workload,14,v41-TC03-10-14-115cb756,0.2,NORMAL,NORMAL,False,failed,not_used,,2.015996,"ConnectTimeout: HTTPConnectionPool(host='127.0.0.1', port=5000): Max retries exceeded with url: /add_order (Caused by ConnectTimeoutError(<HTTPConnection(host='127.0.0.1', port=5000) at 0x147103b28b0>, 'Connection to 127.0.0.1 timed out. (connect timeout=2.0)'))",True,2.015996,,,not_attempted,False,,False,none,2.01604,Cloud Failure without Failover
2026-08-22 18:22:07.765,4.1,TC03-batch-20260822T181123-ea0cb7,TC03-20260822T182134704523-run10-a63cd1,TC03,cloud_only_failure_no_failover,10,workload,15,v41-TC03-10-15-6ccc7524,0.2,NORMAL,NORMAL,False,failed,not_used,,2.015745,"ConnectTimeout: HTTPConnectionPool(host='127.0.0.1', port=5000): Max retries exceeded with url: /add_order (Caused by ConnectTimeoutError(<HTTPConnection(host='127.0.0.1', port=5000) at 0x147103b2250>, 'Connection to 127.0.0.1 timed out. (connect timeout=2.0)'))",True,2.015745,,,not_attempted,False,,False,none,2.015787,Cloud Failure without Failover
2026-08-22 18:22:09.984,4.1,TC03-batch-20260822T181123-ea0cb7,TC03-20260822T182134704523-run10-a63cd1,TC03,cloud_only_failure_no_failover,10,workload,16,v41-TC03-10-16-a39858c8,0.2,NORMAL,NORMAL,False,failed,not_used,,2.016031,"ConnectTimeout: HTTPConnectionPool(host='127.0.0.1', port=5000): Max retries exceeded with url: /add_order (Caused by ConnectTimeoutError(<HTTPConnection(host='127.0.0.1', port=5000) at 0x1471046bbd0>, 'Connection to 127.0.0.1 timed out. (connect timeout=2.0)'))",True,2.016031,,,not_attempted,False,,False,none,2.016094,Cloud Failure without Failover
2026-08-22 18:22:12.202,4.1,TC03-batch-20260822T181123-ea0cb7,TC03-20260822T182134704523-run10-a63cd1,TC03,cloud_only_failure_no_failover,10,workload,17,v41-TC03-10-17-86ef6e17,0.2,NORMAL,NORMAL,False,failed,not_used,,2.013967,"ConnectTimeout: HTTPConnectionPool(host='127.0.0.1', port=5000): Max retries exceeded with url: /add_order (Caused by ConnectTimeoutError(<HTTPConnection(host='127.0.0.1', port=5000) at 0x1471046a9c0>, 'Connection to 127.0.0.1 timed out. (connect timeout=2.0)'))",True,2.013967,,,not_attempted,False,,False,none,2.014009,Cloud Failure without Failover
2026-08-22 18:22:14.421,4.1,TC03-batch-20260822T181123-ea0cb7,TC03-20260822T182134704523-run10-a63cd1,TC03,cloud_only_failure_no_failover,10,workload,18,v41-TC03-10-18-b68726e2,0.2,NORMAL,NORMAL,False,failed,not_used,,2.016163,"ConnectTimeout: HTTPConnectionPool(host='127.0.0.1', port=5000): Max retries exceeded with url: /add_order (Caused by ConnectTimeoutError(<HTTPConnection(host='127.0.0.1', port=5000) at 0x1471046a7a0>, 'Connection to 127.0.0.1 timed out. (connect timeout=2.0)'))",True,2.016163,,,not_attempted,False,,False,none,2.016206,Cloud Failure without Failover
2026-08-22 18:22:20.406,4.1,TC03-batch-20260822T181123-ea0cb7,TC03-20260822T182134704523-run10-a63cd1,TC03,cloud_only_failure_no_failover,10,workload,19,v41-TC03-10-19-913a11df,0.2,NORMAL,NORMAL,False,failed,not_used,,2.000849,"ConnectTimeout: HTTPConnectionPool(host='127.0.0.1', port=5000): Max retries exceeded with url: /add_order (Caused by ConnectTimeoutError(<HTTPConnection(host='127.0.0.1', port=5000) at 0x147103b2be0>, 'Connection to 127.0.0.1 timed out. (connect timeout=2.0)'))",True,2.000849,,,not_attempted,False,,False,none,2.000873,Cloud Failure without Failover
2026-08-22 18:22:22.618,4.1,TC03-batch-20260822T181123-ea0cb7,TC03-20260822T182134704523-run10-a63cd1,TC03,cloud_only_failure_no_failover,10,workload,20,v41-TC03-10-20-87f94c41,0.2,NORMAL,NORMAL,False,failed,not_used,,2.009616,"ConnectTimeout: HTTPConnectionPool(host='127.0.0.1', port=5000): Max retries exceeded with url: /add_order (Caused by ConnectTimeoutError(<HTTPConnection(host='127.0.0.1', port=5000) at 0x147103b0380>, 'Connection to 127.0.0.1 timed out. (connect timeout=2.0)'))",True,2.009616,,,not_attempted,False,,False,none,2.009691,Cloud Failure without Failover
2026-08-22 18:22:24.828,4.1,TC03-batch-20260822T181123-ea0cb7,TC03-20260822T182134704523-run10-a63cd1,TC03,cloud_only_failure_no_failover,10,workload,21,v41-TC03-10-21-6ac75c71,0.2,NORMAL,NORMAL,False,failed,not_used,,2.004454,"ConnectTimeout: HTTPConnectionPool(host='127.0.0.1', port=5000): Max retries exceeded with url: /add_order (Caused by ConnectTimeoutError(<HTTPConnection(host='127.0.0.1', port=5000) at 0x1471046b350>, 'Connection to 127.0.0.1 timed out. (connect timeout=2.0)'))",True,2.004454,,,not_attempted,False,,False,none,2.004547,Cloud Failure without Failover
2026-08-22 18:22:27.047,4.1,TC03-batch-20260822T181123-ea0cb7,TC03-20260822T182134704523-run10-a63cd1,TC03,cloud_only_failure_no_failover,10,workload,22,v41-TC03-10-22-d0854001,0.2,NORMAL,NORMAL,False,failed,not_used,,2.013741,"ConnectTimeout: HTTPConnectionPool(host='127.0.0.1', port=5000): Max retries exceeded with url: /add_order (Caused by ConnectTimeoutError(<HTTPConnection(host='127.0.0.1', port=5000) at 0x1471046b680>, 'Connection to 127.0.0.1 timed out. (connect timeout=2.0)'))",True,2.013741,,,not_attempted,False,,False,none,2.013785,Cloud Failure without Failover
2026-08-22 18:22:29.281,4.1,TC03-batch-20260822T181123-ea0cb7,TC03-20260822T182134704523-run10-a63cd1,TC03,cloud_only_failure_no_failover,10,workload,23,v41-TC03-10-23-0cd82d07,0.2,NORMAL,NORMAL,False,failed,not_used,,2.030584,"ConnectTimeout: HTTPConnectionPool(host='127.0.0.1', port=5000): Max retries exceeded with url: /add_order (Caused by ConnectTimeoutError(<HTTPConnection(host='127.0.0.1', port=5000) at 0x147103b18c0>, 'Connection to 127.0.0.1 timed out. (connect timeout=2.0)'))",True,2.030584,,,not_attempted,False,,False,none,2.030627,Cloud Failure without Failover
2026-08-22 18:22:31.484,4.1,TC03-batch-20260822T181123-ea0cb7,TC03-20260822T182134704523-run10-a63cd1,TC03,cloud_only_failure_no_failover,10,workload,24,v41-TC03-10-24-a85ffcca,0.2,NORMAL,NORMAL,False,failed,not_used,,2.000472,"ConnectTimeout: HTTPConnectionPool(host='127.0.0.1', port=5000): Max retries exceeded with url: /add_order (Caused by ConnectTimeoutError(<HTTPConnection(host='127.0.0.1', port=5000) at 0x147103b1ae0>, 'Connection to 127.0.0.1 timed out. (connect timeout=2.0)'))",True,2.000472,,,not_attempted,False,,False,none,2.000496,Cloud Failure without Failover
2026-08-22 18:22:33.688,4.1,TC03-batch-20260822T181123-ea0cb7,TC03-20260822T182134704523-run10-a63cd1,TC03,cloud_only_failure_no_failover,10,workload,25,v41-TC03-10-25-3fc7c8cc,0.2,NORMAL,NORMAL,False,failed,not_used,,2.002189,"ConnectTimeout: HTTPConnectionPool(host='127.0.0.1', port=5000): Max retries exceeded with url: /add_order (Caused by ConnectTimeoutError(<HTTPConnection(host='127.0.0.1', port=5000) at 0x147103b0af0>, 'Connection to 127.0.0.1 timed out. (connect timeout=2.0)'))",True,2.002189,,,not_attempted,False,,False,none,2.00223,Cloud Failure without Failover
2026-08-22 18:22:35.906,4.1,TC03-batch-20260822T181123-ea0cb7,TC03-20260822T182134704523-run10-a63cd1,TC03,cloud_only_failure_no_failover,10,workload,26,v41-TC03-10-26-6f2879d8,0.2,NORMAL,NORMAL,False,failed,not_used,,2.012276,"ConnectTimeout: HTTPConnectionPool(host='127.0.0.1', port=5000): Max retries exceeded with url: /add_order (Caused by ConnectTimeoutError(<HTTPConnection(host='127.0.0.1', port=5000) at 0x1471046b350>, 'Connection to 127.0.0.1 timed out. (connect timeout=2.0)'))",True,2.012276,,,not_attempted,False,,False,none,2.012328,Cloud Failure without Failover
2026-08-22 18:22:38.125,4.1,TC03-batch-20260822T181123-ea0cb7,TC03-20260822T182134704523-run10-a63cd1,TC03,cloud_only_failure_no_failover,10,workload,27,v41-TC03-10-27-4eb39c25,0.2,NORMAL,NORMAL,False,failed,not_used,,2.016434,"ConnectTimeout: HTTPConnectionPool(host='127.0.0.1', port=5000): Max retries exceeded with url: /add_order (Caused by ConnectTimeoutError(<HTTPConnection(host='127.0.0.1', port=5000) at 0x1471046a7a0>, 'Connection to 127.0.0.1 timed out. (connect timeout=2.0)'))",True,2.016434,,,not_attempted,False,,False,none,2.016497,Cloud Failure without Failover
2026-08-22 18:22:40.344,4.1,TC03-batch-20260822T181123-ea0cb7,TC03-20260822T182134704523-run10-a63cd1,TC03,cloud_only_failure_no_failover,10,workload,28,v41-TC03-10-28-1c5f1d01,0.2,NORMAL,NORMAL,False,failed,not_used,,2.015803,"ConnectTimeout: HTTPConnectionPool(host='127.0.0.1', port=5000): Max retries exceeded with url: /add_order (Caused by ConnectTimeoutError(<HTTPConnection(host='127.0.0.1', port=5000) at 0x147103b1ae0>, 'Connection to 127.0.0.1 timed out. (connect timeout=2.0)'))",True,2.015803,,,not_attempted,False,,False,none,2.015847,Cloud Failure without Failover
2026-08-22 18:22:42.562,4.1,TC03-batch-20260822T181123-ea0cb7,TC03-20260822T182134704523-run10-a63cd1,TC03,cloud_only_failure_no_failover,10,workload,29,v41-TC03-10-29-dd80bc43,0.2,NORMAL,NORMAL,False,failed,not_used,,2.014878,"ConnectTimeout: HTTPConnectionPool(host='127.0.0.1', port=5000): Max retries exceeded with url: /add_order (Caused by ConnectTimeoutError(<HTTPConnection(host='127.0.0.1', port=5000) at 0x147103b18c0>, 'Connection to 127.0.0.1 timed out. (connect timeout=2.0)'))",True,2.014878,,,not_attempted,False,,False,none,2.014922,Cloud Failure without Failover
2026-08-22 18:22:44.766,4.1,TC03-batch-20260822T181123-ea0cb7,TC03-20260822T182134704523-run10-a63cd1,TC03,cloud_only_failure_no_failover,10,workload,30,v41-TC03-10-30-f9b63256,0.2,NORMAL,NORMAL,False,failed,not_used,,2.001043,"ConnectTimeout: HTTPConnectionPool(host='127.0.0.1', port=5000): Max retries exceeded with url: /add_order (Caused by ConnectTimeoutError(<HTTPConnection(host='127.0.0.1', port=5000) at 0x147103b1260>, 'Connection to 127.0.0.1 timed out. (connect timeout=2.0)'))",True,2.001043,,,not_attempted,False,,False,none,2.001087,Cloud Failure without Failover
2026-08-22 18:26:59.843,4.1,TC04-batch-20260822T182655-4efa0a,TC04-20260822T182655797676-run1-9061c3,TC04,complete_service_failure,1,workload,1,v41-TC04-1-1-092da43f,0.2,NORMAL,SERVICE_UNAVAILABLE,True,failed,failed,,2.01264,"ConnectTimeout: HTTPConnectionPool(host='127.0.0.1', port=5000): Max retries exceeded with url: /add_order (Caused by ConnectTimeoutError(<HTTPConnection(host='127.0.0.1', port=5000) at 0x14710382470>, 'Connection to 127.0.0.1 timed out. (connect timeout=2.0)'))",True,2.01264,,2.009579,"ConnectTimeout: HTTPConnectionPool(host='127.0.0.1', port=5001): Max retries exceeded with url: /add_order (Caused by ConnectTimeoutError(<HTTPConnection(host='127.0.0.1', port=5001) at 0x1471046b8a0>, 'Connection to 127.0.0.1 timed out. (connect timeout=2.0)'))",True,,False,none,4.022308,Complete Service Failure
2026-08-22 18:27:12.234,4.1,TC04-batch-20260822T182655-4efa0a,TC04-20260822T182655797676-run1-9061c3,TC04,complete_service_failure,1,workload,2,v41-TC04-1-2-f957c8d0,0.2,SERVICE_UNAVAILABLE,SERVICE_UNAVAILABLE,True,failed,failed,,,not_attempted,False,,,2.009513,"ConnectTimeout: HTTPConnectionPool(host='127.0.0.1', port=5001): Max retries exceeded with url: /add_order (Caused by ConnectTimeoutError(<HTTPConnection(host='127.0.0.1', port=5001) at 0x14710381480>, 'Connection to 127.0.0.1 timed out. (connect timeout=2.0)'))",False,,False,none,2.009557,Complete Service Failure
2026-08-22 18:27:14.438,4.1,TC04-batch-20260822T182655-4efa0a,TC04-20260822T182655797676-run1-9061c3,TC04,complete_service_failure,1,workload,3,v41-TC04-1-3-3975691f,0.2,SERVICE_UNAVAILABLE,SERVICE_UNAVAILABLE,True,failed,failed,,,not_attempted,False,,,2.00088,"ConnectTimeout: HTTPConnectionPool(host='127.0.0.1', port=5001): Max retries exceeded with url: /add_order (Caused by ConnectTimeoutError(<HTTPConnection(host='127.0.0.1', port=5001) at 0x1471046b680>, 'Connection to 127.0.0.1 timed out. (connect timeout=2.0)'))",False,,False,none,2.00094,Complete Service Failure
2026-08-22 18:27:16.656,4.1,TC04-batch-20260822T182655-4efa0a,TC04-20260822T182655797676-run1-9061c3,TC04,complete_service_failure,1,workload,4,v41-TC04-1-4-bd392a24,0.2,SERVICE_UNAVAILABLE,SERVICE_UNAVAILABLE,True,failed,failed,,,not_attempted,False,,,2.015808,"ConnectTimeout: HTTPConnectionPool(host='127.0.0.1', port=5001): Max retries exceeded with url: /add_order (Caused by ConnectTimeoutError(<HTTPConnection(host='127.0.0.1', port=5001) at 0x14710381370>, 'Connection to 127.0.0.1 timed out. (connect timeout=2.0)'))",False,,False,none,2.015861,Complete Service Failure
2026-08-22 18:27:18.874,4.1,TC04-batch-20260822T182655-4efa0a,TC04-20260822T182655797676-run1-9061c3,TC04,complete_service_failure,1,workload,5,v41-TC04-1-5-eaf907f1,0.2,SERVICE_UNAVAILABLE,SERVICE_UNAVAILABLE,True,failed,failed,,,not_attempted,False,,,2.009691,"ConnectTimeout: HTTPConnectionPool(host='127.0.0.1', port=5001): Max retries exceeded with url: /add_order (Caused by ConnectTimeoutError(<HTTPConnection(host='127.0.0.1', port=5001) at 0x1471046bbd0>, 'Connection to 127.0.0.1 timed out. (connect timeout=2.0)'))",False,,False,none,2.009736,Complete Service Failure
2026-08-22 18:27:21.094,4.1,TC04-batch-20260822T182655-4efa0a,TC04-20260822T182655797676-run1-9061c3,TC04,complete_service_failure,1,workload,6,v41-TC04-1-6-c57aeea0,0.2,SERVICE_UNAVAILABLE,SERVICE_UNAVAILABLE,True,failed,failed,,,not_attempted,False,,,2.016448,"ConnectTimeout: HTTPConnectionPool(host='127.0.0.1', port=5001): Max retries exceeded with url: /add_order (Caused by ConnectTimeoutError(<HTTPConnection(host='127.0.0.1', port=5001) at 0x14710381ae0>, 'Connection to 127.0.0.1 timed out. (connect timeout=2.0)'))",False,,False,none,2.016495,Complete Service Failure
2026-08-22 18:27:23.312,4.1,TC04-batch-20260822T182655-4efa0a,TC04-20260822T182655797676-run1-9061c3,TC04,complete_service_failure,1,workload,7,v41-TC04-1-7-6848abec,0.2,SERVICE_UNAVAILABLE,SERVICE_UNAVAILABLE,True,failed,failed,,,not_attempted,False,,,2.01568,"ConnectTimeout: HTTPConnectionPool(host='127.0.0.1', port=5001): Max retries exceeded with url: /add_order (Caused by ConnectTimeoutError(<HTTPConnection(host='127.0.0.1', port=5001) at 0x14710380270>, 'Connection to 127.0.0.1 timed out. (connect timeout=2.0)'))",False,,False,none,2.01573,Complete Service Failure
2026-08-22 18:27:25.530,4.1,TC04-batch-20260822T182655-4efa0a,TC04-20260822T182655797676-run1-9061c3,TC04,complete_service_failure,1,workload,8,v41-TC04-1-8-66c55f14,0.2,SERVICE_UNAVAILABLE,SERVICE_UNAVAILABLE,True,failed,failed,,,not_attempted,False,,,2.015256,"ConnectTimeout: HTTPConnectionPool(host='127.0.0.1', port=5001): Max retries exceeded with url: /add_order (Caused by ConnectTimeoutError(<HTTPConnection(host='127.0.0.1', port=5001) at 0x14710382140>, 'Connection to 127.0.0.1 timed out. (connect timeout=2.0)'))",False,,False,none,2.015284,Complete Service Failure
2026-08-22 18:27:27.750,4.1,TC04-batch-20260822T182655-4efa0a,TC04-20260822T182655797676-run1-9061c3,TC04,complete_service_failure,1,workload,9,v41-TC04-1-9-7838c2ba,0.2,SERVICE_UNAVAILABLE,SERVICE_UNAVAILABLE,True,failed,failed,,,not_attempted,False,,,2.018231,"ConnectTimeout: HTTPConnectionPool(host='127.0.0.1', port=5001): Max retries exceeded with url: /add_order (Caused by ConnectTimeoutError(<HTTPConnection(host='127.0.0.1', port=5001) at 0x1471046b8a0>, 'Connection to 127.0.0.1 timed out. (connect timeout=2.0)'))",False,,False,none,2.018277,Complete Service Failure
2026-08-22 18:27:29.968,4.1,TC04-batch-20260822T182655-4efa0a,TC04-20260822T182655797676-run1-9061c3,TC04,complete_service_failure,1,workload,10,v41-TC04-1-10-0492b7d3,0.2,SERVICE_UNAVAILABLE,SERVICE_UNAVAILABLE,True,failed,failed,,,not_attempted,False,,,2.015307,"ConnectTimeout: HTTPConnectionPool(host='127.0.0.1', port=5001): Max retries exceeded with url: /add_order (Caused by ConnectTimeoutError(<HTTPConnection(host='127.0.0.1', port=5001) at 0x1471046a7a0>, 'Connection to 127.0.0.1 timed out. (connect timeout=2.0)'))",False,,False,none,2.015353,Complete Service Failure
2026-08-22 18:27:32.187,4.1,TC04-batch-20260822T182655-4efa0a,TC04-20260822T182655797676-run1-9061c3,TC04,complete_service_failure,1,workload,11,v41-TC04-1-11-443a90ed,0.2,SERVICE_UNAVAILABLE,SERVICE_UNAVAILABLE,True,failed,failed,,,not_attempted,False,,,2.015935,"ConnectTimeout: HTTPConnectionPool(host='127.0.0.1', port=5001): Max retries exceeded with url: /add_order (Caused by ConnectTimeoutError(<HTTPConnection(host='127.0.0.1', port=5001) at 0x14710380e20>, 'Connection to 127.0.0.1 timed out. (connect timeout=2.0)'))",False,,False,none,2.015982,Complete Service Failure
2026-08-22 18:27:34.406,4.1,TC04-batch-20260822T182655-4efa0a,TC04-20260822T182655797676-run1-9061c3,TC04,complete_service_failure,1,workload,12,v41-TC04-1-12-4879b9d8,0.2,SERVICE_UNAVAILABLE,SERVICE_UNAVAILABLE,True,failed,failed,,,not_attempted,False,,,2.015789,"ConnectTimeout: HTTPConnectionPool(host='127.0.0.1', port=5001): Max retries exceeded with url: /add_order (Caused by ConnectTimeoutError(<HTTPConnection(host='127.0.0.1', port=5001) at 0x147103817b0>, 'Connection to 127.0.0.1 timed out. (connect timeout=2.0)'))",False,,False,none,2.01584,Complete Service Failure
2026-08-22 18:27:36.609,4.1,TC04-batch-20260822T182655-4efa0a,TC04-20260822T182655797676-run1-9061c3,TC04,complete_service_failure,1,workload,13,v41-TC04-1-13-dafb9c55,0.2,SERVICE_UNAVAILABLE,SERVICE_UNAVAILABLE,True,failed,failed,,,not_attempted,False,,,2.00048,"ConnectTimeout: HTTPConnectionPool(host='127.0.0.1', port=5001): Max retries exceeded with url: /add_order (Caused by ConnectTimeoutError(<HTTPConnection(host='127.0.0.1', port=5001) at 0x1471046bf00>, 'Connection to 127.0.0.1 timed out. (connect timeout=2.0)'))",False,,False,none,2.000529,Complete Service Failure
2026-08-22 18:27:38.812,4.1,TC04-batch-20260822T182655-4efa0a,TC04-20260822T182655797676-run1-9061c3,TC04,complete_service_failure,1,workload,14,v41-TC04-1-14-6bda32d3,0.2,SERVICE_UNAVAILABLE,SERVICE_UNAVAILABLE,True,failed,failed,,,not_attempted,False,,,2.000291,"ConnectTimeout: HTTPConnectionPool(host='127.0.0.1', port=5001): Max retries exceeded with url: /add_order (Caused by ConnectTimeoutError(<HTTPConnection(host='127.0.0.1', port=5001) at 0x14710381370>, 'Connection to 127.0.0.1 timed out. (connect timeout=2.0)'))",False,,False,none,2.000343,Complete Service Failure
2026-08-22 18:27:41.030,4.1,TC04-batch-20260822T182655-4efa0a,TC04-20260822T182655797676-run1-9061c3,TC04,complete_service_failure,1,workload,15,v41-TC04-1-15-8602d3a5,0.2,SERVICE_UNAVAILABLE,SERVICE_UNAVAILABLE,True,failed,failed,,,not_attempted,False,,,2.015107,"ConnectTimeout: HTTPConnectionPool(host='127.0.0.1', port=5001): Max retries exceeded with url: /add_order (Caused by ConnectTimeoutError(<HTTPConnection(host='127.0.0.1', port=5001) at 0x14710380d10>, 'Connection to 127.0.0.1 timed out. (connect timeout=2.0)'))",False,,False,none,2.015152,Complete Service Failure
2026-08-22 18:27:43.234,4.1,TC04-batch-20260822T182655-4efa0a,TC04-20260822T182655797676-run1-9061c3,TC04,complete_service_failure,1,workload,16,v41-TC04-1-16-c0d7232b,0.2,SERVICE_UNAVAILABLE,SERVICE_UNAVAILABLE,True,failed,failed,,,not_attempted,False,,,2.000987,"ConnectTimeout: HTTPConnectionPool(host='127.0.0.1', port=5001): Max retries exceeded with url: /add_order (Caused by ConnectTimeoutError(<HTTPConnection(host='127.0.0.1', port=5001) at 0x14710382140>, 'Connection to 127.0.0.1 timed out. (connect timeout=2.0)'))",False,,False,none,2.001033,Complete Service Failure
2026-08-22 18:27:45.453,4.1,TC04-batch-20260822T182655-4efa0a,TC04-20260822T182655797676-run1-9061c3,TC04,complete_service_failure,1,workload,17,v41-TC04-1-17-7ba448a7,0.2,SERVICE_UNAVAILABLE,SERVICE_UNAVAILABLE,True,failed,failed,,,not_attempted,False,,,2.016381,"ConnectTimeout: HTTPConnectionPool(host='127.0.0.1', port=5001): Max retries exceeded with url: /add_order (Caused by ConnectTimeoutError(<HTTPConnection(host='127.0.0.1', port=5001) at 0x1471046b570>, 'Connection to 127.0.0.1 timed out. (connect timeout=2.0)'))",False,,False,none,2.016426,Complete Service Failure
2026-08-22 18:27:47.672,4.1,TC04-batch-20260822T182655-4efa0a,TC04-20260822T182655797676-run1-9061c3,TC04,complete_service_failure,1,workload,18,v41-TC04-1-18-8e44c5bc,0.2,SERVICE_UNAVAILABLE,SERVICE_UNAVAILABLE,True,failed,failed,,,not_attempted,False,,,2.016012,"ConnectTimeout: HTTPConnectionPool(host='127.0.0.1', port=5001): Max retries exceeded with url: /add_order (Caused by ConnectTimeoutError(<HTTPConnection(host='127.0.0.1', port=5001) at 0x147103819d0>, 'Connection to 127.0.0.1 timed out. (connect timeout=2.0)'))",False,,False,none,2.016057,Complete Service Failure
2026-08-22 18:27:49.889,4.1,TC04-batch-20260822T182655-4efa0a,TC04-20260822T182655797676-run1-9061c3,TC04,complete_service_failure,1,workload,19,v41-TC04-1-19-bf9796d9,0.2,SERVICE_UNAVAILABLE,SERVICE_UNAVAILABLE,True,failed,failed,,,not_attempted,False,,,2.014503,"ConnectTimeout: HTTPConnectionPool(host='127.0.0.1', port=5001): Max retries exceeded with url: /add_order (Caused by ConnectTimeoutError(<HTTPConnection(host='127.0.0.1', port=5001) at 0x14710380270>, 'Connection to 127.0.0.1 timed out. (connect timeout=2.0)'))",False,,False,none,2.014549,Complete Service Failure
2026-08-22 18:27:52.108,4.1,TC04-batch-20260822T182655-4efa0a,TC04-20260822T182655797676-run1-9061c3,TC04,complete_service_failure,1,workload,20,v41-TC04-1-20-e3aeba7e,0.2,SERVICE_UNAVAILABLE,SERVICE_UNAVAILABLE,True,failed,failed,,,not_attempted,False,,,2.016491,"ConnectTimeout: HTTPConnectionPool(host='127.0.0.1', port=5001): Max retries exceeded with url: /add_order (Caused by ConnectTimeoutError(<HTTPConnection(host='127.0.0.1', port=5001) at 0x147103805a0>, 'Connection to 127.0.0.1 timed out. (connect timeout=2.0)'))",False,,False,none,2.016514,Complete Service Failure
2026-08-22 18:27:54.328,4.1,TC04-batch-20260822T182655-4efa0a,TC04-20260822T182655797676-run1-9061c3,TC04,complete_service_failure,1,workload,21,v41-TC04-1-21-c2b832e4,0.2,SERVICE_UNAVAILABLE,SERVICE_UNAVAILABLE,True,failed,failed,,,not_attempted,False,,,2.017992,"ConnectTimeout: HTTPConnectionPool(host='127.0.0.1', port=5001): Max retries exceeded with url: /add_order (Caused by ConnectTimeoutError(<HTTPConnection(host='127.0.0.1', port=5001) at 0x1471046b8a0>, 'Connection to 127.0.0.1 timed out. (connect timeout=2.0)'))",False,,False,none,2.01804,Complete Service Failure
2026-08-22 18:27:56.547,4.1,TC04-batch-20260822T182655-4efa0a,TC04-20260822T182655797676-run1-9061c3,TC04,complete_service_failure,1,workload,22,v41-TC04-1-22-43918b08,0.2,SERVICE_UNAVAILABLE,SERVICE_UNAVAILABLE,True,failed,failed,,,not_attempted,False,,,2.016445,"ConnectTimeout: HTTPConnectionPool(host='127.0.0.1', port=5001): Max retries exceeded with url: /add_order (Caused by ConnectTimeoutError(<HTTPConnection(host='127.0.0.1', port=5001) at 0x14710381590>, 'Connection to 127.0.0.1 timed out. (connect timeout=2.0)'))",False,,False,none,2.016494,Complete Service Failure
2026-08-22 18:27:58.765,4.1,TC04-batch-20260822T182655-4efa0a,TC04-20260822T182655797676-run1-9061c3,TC04,complete_service_failure,1,workload,23,v41-TC04-1-23-0c6cfe1f,0.2,SERVICE_UNAVAILABLE,SERVICE_UNAVAILABLE,True,failed,failed,,,not_attempted,False,,,2.015393,"ConnectTimeout: HTTPConnectionPool(host='127.0.0.1', port=5001): Max retries exceeded with url: /add_order (Caused by ConnectTimeoutError(<HTTPConnection(host='127.0.0.1', port=5001) at 0x147103809e0>, 'Connection to 127.0.0.1 timed out. (connect timeout=2.0)'))",False,,False,none,2.015458,Complete Service Failure
2026-08-22 18:28:00.983,4.1,TC04-batch-20260822T182655-4efa0a,TC04-20260822T182655797676-run1-9061c3,TC04,complete_service_failure,1,workload,24,v41-TC04-1-24-c9b8599d,0.2,SERVICE_UNAVAILABLE,SERVICE_UNAVAILABLE,True,failed,failed,,,not_attempted,False,,,2.01474,"ConnectTimeout: HTTPConnectionPool(host='127.0.0.1', port=5001): Max retries exceeded with url: /add_order (Caused by ConnectTimeoutError(<HTTPConnection(host='127.0.0.1', port=5001) at 0x14710382470>, 'Connection to 127.0.0.1 timed out. (connect timeout=2.0)'))",False,,False,none,2.014785,Complete Service Failure
2026-08-22 18:28:03.187,4.1,TC04-batch-20260822T182655-4efa0a,TC04-20260822T182655797676-run1-9061c3,TC04,complete_service_failure,1,workload,25,v41-TC04-1-25-e1fc1fd8,0.2,SERVICE_UNAVAILABLE,SERVICE_UNAVAILABLE,True,failed,failed,,,not_attempted,False,,,2.001285,"ConnectTimeout: HTTPConnectionPool(host='127.0.0.1', port=5001): Max retries exceeded with url: /add_order (Caused by ConnectTimeoutError(<HTTPConnection(host='127.0.0.1', port=5001) at 0x1471046bce0>, 'Connection to 127.0.0.1 timed out. (connect timeout=2.0)'))",False,,False,none,2.001331,Complete Service Failure
2026-08-22 18:28:05.406,4.1,TC04-batch-20260822T182655-4efa0a,TC04-20260822T182655797676-run1-9061c3,TC04,complete_service_failure,1,workload,26,v41-TC04-1-26-dab7a319,0.2,SERVICE_UNAVAILABLE,SERVICE_UNAVAILABLE,True,failed,failed,,,not_attempted,False,,,2.015431,"ConnectTimeout: HTTPConnectionPool(host='127.0.0.1', port=5001): Max retries exceeded with url: /add_order (Caused by ConnectTimeoutError(<HTTPConnection(host='127.0.0.1', port=5001) at 0x147103829c0>, 'Connection to 127.0.0.1 timed out. (connect timeout=2.0)'))",False,,False,none,2.015478,Complete Service Failure
2026-08-22 18:28:07.625,4.1,TC04-batch-20260822T182655-4efa0a,TC04-20260822T182655797676-run1-9061c3,TC04,complete_service_failure,1,workload,27,v41-TC04-1-27-59382722,0.2,SERVICE_UNAVAILABLE,SERVICE_UNAVAILABLE,True,failed,failed,,,not_attempted,False,,,2.015549,"ConnectTimeout: HTTPConnectionPool(host='127.0.0.1', port=5001): Max retries exceeded with url: /add_order (Caused by ConnectTimeoutError(<HTTPConnection(host='127.0.0.1', port=5001) at 0x14710381590>, 'Connection to 127.0.0.1 timed out. (connect timeout=2.0)'))",False,,False,none,2.015601,Complete Service Failure
2026-08-22 18:28:09.828,4.1,TC04-batch-20260822T182655-4efa0a,TC04-20260822T182655797676-run1-9061c3,TC04,complete_service_failure,1,workload,28,v41-TC04-1-28-d8e35884,0.2,SERVICE_UNAVAILABLE,SERVICE_UNAVAILABLE,True,failed,failed,,,not_attempted,False,,,2.000626,"ConnectTimeout: HTTPConnectionPool(host='127.0.0.1', port=5001): Max retries exceeded with url: /add_order (Caused by ConnectTimeoutError(<HTTPConnection(host='127.0.0.1', port=5001) at 0x14710380050>, 'Connection to 127.0.0.1 timed out. (connect timeout=2.0)'))",False,,False,none,2.00067,Complete Service Failure
2026-08-22 18:28:12.046,4.1,TC04-batch-20260822T182655-4efa0a,TC04-20260822T182655797676-run1-9061c3,TC04,complete_service_failure,1,workload,29,v41-TC04-1-29-7cbea784,0.2,SERVICE_UNAVAILABLE,SERVICE_UNAVAILABLE,True,failed,failed,,,not_attempted,False,,,2.015896,"ConnectTimeout: HTTPConnectionPool(host='127.0.0.1', port=5001): Max retries exceeded with url: /add_order (Caused by ConnectTimeoutError(<HTTPConnection(host='127.0.0.1', port=5001) at 0x1471046b240>, 'Connection to 127.0.0.1 timed out. (connect timeout=2.0)'))",False,,False,none,2.015942,Complete Service Failure
2026-08-22 18:28:14.250,4.1,TC04-batch-20260822T182655-4efa0a,TC04-20260822T182655797676-run1-9061c3,TC04,complete_service_failure,1,workload,30,v41-TC04-1-30-ebc75a0f,0.2,SERVICE_UNAVAILABLE,SERVICE_UNAVAILABLE,True,failed,failed,,,not_attempted,False,,,2.00079,"ConnectTimeout: HTTPConnectionPool(host='127.0.0.1', port=5001): Max retries exceeded with url: /add_order (Caused by ConnectTimeoutError(<HTTPConnection(host='127.0.0.1', port=5001) at 0x147103805a0>, 'Connection to 127.0.0.1 timed out. (connect timeout=2.0)'))",False,,False,none,2.000838,Complete Service Failure
2026-08-22 18:28:20.672,4.1,TC04-batch-20260822T182655-4efa0a,TC04-20260822T182816631418-run2-ad98ac,TC04,complete_service_failure,2,workload,1,v41-TC04-2-1-a0bf1f5a,0.2,NORMAL,SERVICE_UNAVAILABLE,True,failed,failed,,2.005224,"ConnectTimeout: HTTPConnectionPool(host='127.0.0.1', port=5000): Max retries exceeded with url: /add_order (Caused by ConnectTimeoutError(<HTTPConnection(host='127.0.0.1', port=5000) at 0x1471046a9c0>, 'Connection to 127.0.0.1 timed out. (connect timeout=2.0)'))",True,2.005224,,2.014317,"ConnectTimeout: HTTPConnectionPool(host='127.0.0.1', port=5001): Max retries exceeded with url: /add_order (Caused by ConnectTimeoutError(<HTTPConnection(host='127.0.0.1', port=5001) at 0x14710380af0>, 'Connection to 127.0.0.1 timed out. (connect timeout=2.0)'))",True,,False,none,4.019616,Complete Service Failure
2026-08-22 18:28:22.921,4.1,TC04-batch-20260822T182655-4efa0a,TC04-20260822T182816631418-run2-ad98ac,TC04,complete_service_failure,2,workload,2,v41-TC04-2-2-6b3a3863,0.2,SERVICE_UNAVAILABLE,SERVICE_UNAVAILABLE,True,failed,failed,,,not_attempted,False,,,2.01564,"ConnectTimeout: HTTPConnectionPool(host='127.0.0.1', port=5001): Max retries exceeded with url: /add_order (Caused by ConnectTimeoutError(<HTTPConnection(host='127.0.0.1', port=5001) at 0x14710382250>, 'Connection to 127.0.0.1 timed out. (connect timeout=2.0)'))",False,,False,none,2.015683,Complete Service Failure
2026-08-22 18:28:25.125,4.1,TC04-batch-20260822T182655-4efa0a,TC04-20260822T182816631418-run2-ad98ac,TC04,complete_service_failure,2,workload,3,v41-TC04-2-3-16aded28,0.2,SERVICE_UNAVAILABLE,SERVICE_UNAVAILABLE,True,failed,failed,,,not_attempted,False,,,2.00081,"ConnectTimeout: HTTPConnectionPool(host='127.0.0.1', port=5001): Max retries exceeded with url: /add_order (Caused by ConnectTimeoutError(<HTTPConnection(host='127.0.0.1', port=5001) at 0x1471046b9b0>, 'Connection to 127.0.0.1 timed out. (connect timeout=2.0)'))",False,,False,none,2.000854,Complete Service Failure
2026-08-22 18:28:27.343,4.1,TC04-batch-20260822T182655-4efa0a,TC04-20260822T182816631418-run2-ad98ac,TC04,complete_service_failure,2,workload,4,v41-TC04-2-4-cae1c935,0.2,SERVICE_UNAVAILABLE,SERVICE_UNAVAILABLE,True,failed,failed,,,not_attempted,False,,,2.014559,"ConnectTimeout: HTTPConnectionPool(host='127.0.0.1', port=5001): Max retries exceeded with url: /add_order (Caused by ConnectTimeoutError(<HTTPConnection(host='127.0.0.1', port=5001) at 0x1471046b8a0>, 'Connection to 127.0.0.1 timed out. (connect timeout=2.0)'))",False,,False,none,2.014605,Complete Service Failure
2026-08-22 18:28:29.547,4.1,TC04-batch-20260822T182655-4efa0a,TC04-20260822T182816631418-run2-ad98ac,TC04,complete_service_failure,2,workload,5,v41-TC04-2-5-86d77689,0.2,SERVICE_UNAVAILABLE,SERVICE_UNAVAILABLE,True,failed,failed,,,not_attempted,False,,,2.001375,"ConnectTimeout: HTTPConnectionPool(host='127.0.0.1', port=5001): Max retries exceeded with url: /add_order (Caused by ConnectTimeoutError(<HTTPConnection(host='127.0.0.1', port=5001) at 0x14710382360>, 'Connection to 127.0.0.1 timed out. (connect timeout=2.0)'))",False,,False,none,2.001416,Complete Service Failure
2026-08-22 18:28:31.765,4.1,TC04-batch-20260822T182655-4efa0a,TC04-20260822T182816631418-run2-ad98ac,TC04,complete_service_failure,2,workload,6,v41-TC04-2-6-bc937d25,0.2,SERVICE_UNAVAILABLE,SERVICE_UNAVAILABLE,True,failed,failed,,,not_attempted,False,,,2.016126,"ConnectTimeout: HTTPConnectionPool(host='127.0.0.1', port=5001): Max retries exceeded with url: /add_order (Caused by ConnectTimeoutError(<HTTPConnection(host='127.0.0.1', port=5001) at 0x14710380160>, 'Connection to 127.0.0.1 timed out. (connect timeout=2.0)'))",False,,False,none,2.016176,Complete Service Failure
2026-08-22 18:28:33.984,4.1,TC04-batch-20260822T182655-4efa0a,TC04-20260822T182816631418-run2-ad98ac,TC04,complete_service_failure,2,workload,7,v41-TC04-2-7-8283e33f,0.2,SERVICE_UNAVAILABLE,SERVICE_UNAVAILABLE,True,failed,failed,,,not_attempted,False,,,2.01587,"ConnectTimeout: HTTPConnectionPool(host='127.0.0.1', port=5001): Max retries exceeded with url: /add_order (Caused by ConnectTimeoutError(<HTTPConnection(host='127.0.0.1', port=5001) at 0x1471046bbd0>, 'Connection to 127.0.0.1 timed out. (connect timeout=2.0)'))",False,,False,none,2.015916,Complete Service Failure
2026-08-22 18:28:36.202,4.1,TC04-batch-20260822T182655-4efa0a,TC04-20260822T182816631418-run2-ad98ac,TC04,complete_service_failure,2,workload,8,v41-TC04-2-8-f1ba0513,0.2,SERVICE_UNAVAILABLE,SERVICE_UNAVAILABLE,True,failed,failed,,,not_attempted,False,,,2.015489,"ConnectTimeout: HTTPConnectionPool(host='127.0.0.1', port=5001): Max retries exceeded with url: /add_order (Caused by ConnectTimeoutError(<HTTPConnection(host='127.0.0.1', port=5001) at 0x14710381480>, 'Connection to 127.0.0.1 timed out. (connect timeout=2.0)'))",False,,False,none,2.015538,Complete Service Failure
2026-08-22 18:28:38.421,4.1,TC04-batch-20260822T182655-4efa0a,TC04-20260822T182816631418-run2-ad98ac,TC04,complete_service_failure,2,workload,9,v41-TC04-2-9-33154af8,0.2,SERVICE_UNAVAILABLE,SERVICE_UNAVAILABLE,True,failed,failed,,,not_attempted,False,,,2.015659,"ConnectTimeout: HTTPConnectionPool(host='127.0.0.1', port=5001): Max retries exceeded with url: /add_order (Caused by ConnectTimeoutError(<HTTPConnection(host='127.0.0.1', port=5001) at 0x147103817b0>, 'Connection to 127.0.0.1 timed out. (connect timeout=2.0)'))",False,,False,none,2.015712,Complete Service Failure
2026-08-22 18:28:40.640,4.1,TC04-batch-20260822T182655-4efa0a,TC04-20260822T182816631418-run2-ad98ac,TC04,complete_service_failure,2,workload,10,v41-TC04-2-10-0b8188c2,0.2,SERVICE_UNAVAILABLE,SERVICE_UNAVAILABLE,True,failed,failed,,,not_attempted,False,,,2.00773,"ConnectTimeout: HTTPConnectionPool(host='127.0.0.1', port=5001): Max retries exceeded with url: /add_order (Caused by ConnectTimeoutError(<HTTPConnection(host='127.0.0.1', port=5001) at 0x14710382250>, 'Connection to 127.0.0.1 timed out. (connect timeout=2.0)'))",False,,False,none,2.007776,Complete Service Failure
2026-08-22 18:28:42.859,4.1,TC04-batch-20260822T182655-4efa0a,TC04-20260822T182816631418-run2-ad98ac,TC04,complete_service_failure,2,workload,11,v41-TC04-2-11-4216eeae,0.2,SERVICE_UNAVAILABLE,SERVICE_UNAVAILABLE,True,failed,failed,,,not_attempted,False,,,2.015792,"ConnectTimeout: HTTPConnectionPool(host='127.0.0.1', port=5001): Max retries exceeded with url: /add_order (Caused by ConnectTimeoutError(<HTTPConnection(host='127.0.0.1', port=5001) at 0x1471046b020>, 'Connection to 127.0.0.1 timed out. (connect timeout=2.0)'))",False,,False,none,2.015841,Complete Service Failure
2026-08-22 18:28:45.077,4.1,TC04-batch-20260822T182655-4efa0a,TC04-20260822T182816631418-run2-ad98ac,TC04,complete_service_failure,2,workload,12,v41-TC04-2-12-e9edeb16,0.2,SERVICE_UNAVAILABLE,SERVICE_UNAVAILABLE,True,failed,failed,,,not_attempted,False,,,2.015914,"ConnectTimeout: HTTPConnectionPool(host='127.0.0.1', port=5001): Max retries exceeded with url: /add_order (Caused by ConnectTimeoutError(<HTTPConnection(host='127.0.0.1', port=5001) at 0x14710382e00>, 'Connection to 127.0.0.1 timed out. (connect timeout=2.0)'))",False,,False,none,2.01596,Complete Service Failure
2026-08-22 18:28:47.281,4.1,TC04-batch-20260822T182655-4efa0a,TC04-20260822T182816631418-run2-ad98ac,TC04,complete_service_failure,2,workload,13,v41-TC04-2-13-a583bd68,0.2,SERVICE_UNAVAILABLE,SERVICE_UNAVAILABLE,True,failed,failed,,,not_attempted,False,,,2.000472,"ConnectTimeout: HTTPConnectionPool(host='127.0.0.1', port=5001): Max retries exceeded with url: /add_order (Caused by ConnectTimeoutError(<HTTPConnection(host='127.0.0.1', port=5001) at 0x14710381150>, 'Connection to 127.0.0.1 timed out. (connect timeout=2.0)'))",False,,False,none,2.000518,Complete Service Failure
2026-08-22 18:28:49.500,4.1,TC04-batch-20260822T182655-4efa0a,TC04-20260822T182816631418-run2-ad98ac,TC04,complete_service_failure,2,workload,14,v41-TC04-2-14-61d8350c,0.2,SERVICE_UNAVAILABLE,SERVICE_UNAVAILABLE,True,failed,failed,,,not_attempted,False,,,2.016337,"ConnectTimeout: HTTPConnectionPool(host='127.0.0.1', port=5001): Max retries exceeded with url: /add_order (Caused by ConnectTimeoutError(<HTTPConnection(host='127.0.0.1', port=5001) at 0x14710381ae0>, 'Connection to 127.0.0.1 timed out. (connect timeout=2.0)'))",False,,False,none,2.016388,Complete Service Failure
2026-08-22 18:28:51.718,4.1,TC04-batch-20260822T182655-4efa0a,TC04-20260822T182816631418-run2-ad98ac,TC04,complete_service_failure,2,workload,15,v41-TC04-2-15-f6ccbb7a,0.2,SERVICE_UNAVAILABLE,SERVICE_UNAVAILABLE,True,failed,failed,,,not_attempted,False,,,2.014756,"ConnectTimeout: HTTPConnectionPool(host='127.0.0.1', port=5001): Max retries exceeded with url: /add_order (Caused by ConnectTimeoutError(<HTTPConnection(host='127.0.0.1', port=5001) at 0x1471046b8a0>, 'Connection to 127.0.0.1 timed out. (connect timeout=2.0)'))",False,,False,none,2.014805,Complete Service Failure
2026-08-22 18:28:53.921,4.1,TC04-batch-20260822T182655-4efa0a,TC04-20260822T182816631418-run2-ad98ac,TC04,complete_service_failure,2,workload,16,v41-TC04-2-16-561c8aa0,0.2,SERVICE_UNAVAILABLE,SERVICE_UNAVAILABLE,True,failed,failed,,,not_attempted,False,,,2.000586,"ConnectTimeout: HTTPConnectionPool(host='127.0.0.1', port=5001): Max retries exceeded with url: /add_order (Caused by ConnectTimeoutError(<HTTPConnection(host='127.0.0.1', port=5001) at 0x1471046a9c0>, 'Connection to 127.0.0.1 timed out. (connect timeout=2.0)'))",False,,False,none,2.000632,Complete Service Failure
2026-08-22 18:28:56.140,4.1,TC04-batch-20260822T182655-4efa0a,TC04-20260822T182816631418-run2-ad98ac,TC04,complete_service_failure,2,workload,17,v41-TC04-2-17-51d4f0d4,0.2,SERVICE_UNAVAILABLE,SERVICE_UNAVAILABLE,True,failed,failed,,,not_attempted,False,,,2.015653,"ConnectTimeout: HTTPConnectionPool(host='127.0.0.1', port=5001): Max retries exceeded with url: /add_order (Caused by ConnectTimeoutError(<HTTPConnection(host='127.0.0.1', port=5001) at 0x14710380490>, 'Connection to 127.0.0.1 timed out. (connect timeout=2.0)'))",False,,False,none,2.015698,Complete Service Failure
2026-08-22 18:28:58.343,4.1,TC04-batch-20260822T182655-4efa0a,TC04-20260822T182816631418-run2-ad98ac,TC04,complete_service_failure,2,workload,18,v41-TC04-2-18-25a4f84f,0.2,SERVICE_UNAVAILABLE,SERVICE_UNAVAILABLE,True,failed,failed,,,not_attempted,False,,,2.001058,"ConnectTimeout: HTTPConnectionPool(host='127.0.0.1', port=5001): Max retries exceeded with url: /add_order (Caused by ConnectTimeoutError(<HTTPConnection(host='127.0.0.1', port=5001) at 0x14710381260>, 'Connection to 127.0.0.1 timed out. (connect timeout=2.0)'))",False,,False,none,2.001106,Complete Service Failure
2026-08-22 18:29:00.561,4.1,TC04-batch-20260822T182655-4efa0a,TC04-20260822T182816631418-run2-ad98ac,TC04,complete_service_failure,2,workload,19,v41-TC04-2-19-8ba66f63,0.2,SERVICE_UNAVAILABLE,SERVICE_UNAVAILABLE,True,failed,failed,,,not_attempted,False,,,2.015582,"ConnectTimeout: HTTPConnectionPool(host='127.0.0.1', port=5001): Max retries exceeded with url: /add_order (Caused by ConnectTimeoutError(<HTTPConnection(host='127.0.0.1', port=5001) at 0x1471046bdf0>, 'Connection to 127.0.0.1 timed out. (connect timeout=2.0)'))",False,,False,none,2.015622,Complete Service Failure
2026-08-22 18:29:02.765,4.1,TC04-batch-20260822T182655-4efa0a,TC04-20260822T182816631418-run2-ad98ac,TC04,complete_service_failure,2,workload,20,v41-TC04-2-20-eebafd90,0.2,SERVICE_UNAVAILABLE,SERVICE_UNAVAILABLE,True,failed,failed,,,not_attempted,False,,,2.001333,"ConnectTimeout: HTTPConnectionPool(host='127.0.0.1', port=5001): Max retries exceeded with url: /add_order (Caused by ConnectTimeoutError(<HTTPConnection(host='127.0.0.1', port=5001) at 0x14710380490>, 'Connection to 127.0.0.1 timed out. (connect timeout=2.0)'))",False,,False,none,2.001373,Complete Service Failure
2026-08-22 18:29:04.984,4.1,TC04-batch-20260822T182655-4efa0a,TC04-20260822T182816631418-run2-ad98ac,TC04,complete_service_failure,2,workload,21,v41-TC04-2-21-94c42cf0,0.2,SERVICE_UNAVAILABLE,SERVICE_UNAVAILABLE,True,failed,failed,,,not_attempted,False,,,2.015815,"ConnectTimeout: HTTPConnectionPool(host='127.0.0.1', port=5001): Max retries exceeded with url: /add_order (Caused by ConnectTimeoutError(<HTTPConnection(host='127.0.0.1', port=5001) at 0x14710381040>, 'Connection to 127.0.0.1 timed out. (connect timeout=2.0)'))",False,,False,none,2.015861,Complete Service Failure
2026-08-22 18:29:07.203,4.1,TC04-batch-20260822T182655-4efa0a,TC04-20260822T182816631418-run2-ad98ac,TC04,complete_service_failure,2,workload,22,v41-TC04-2-22-24c537f0,0.2,SERVICE_UNAVAILABLE,SERVICE_UNAVAILABLE,True,failed,failed,,,not_attempted,False,,,2.015659,"ConnectTimeout: HTTPConnectionPool(host='127.0.0.1', port=5001): Max retries exceeded with url: /add_order (Caused by ConnectTimeoutError(<HTTPConnection(host='127.0.0.1', port=5001) at 0x14710381ae0>, 'Connection to 127.0.0.1 timed out. (connect timeout=2.0)'))",False,,False,none,2.015705,Complete Service Failure
2026-08-22 18:29:09.437,4.1,TC04-batch-20260822T182655-4efa0a,TC04-20260822T182816631418-run2-ad98ac,TC04,complete_service_failure,2,workload,23,v41-TC04-2-23-98e661a7,0.2,SERVICE_UNAVAILABLE,SERVICE_UNAVAILABLE,True,failed,failed,,,not_attempted,False,,,2.018782,"ConnectTimeout: HTTPConnectionPool(host='127.0.0.1', port=5001): Max retries exceeded with url: /add_order (Caused by ConnectTimeoutError(<HTTPConnection(host='127.0.0.1', port=5001) at 0x1471046abe0>, 'Connection to 127.0.0.1 timed out. (connect timeout=2.0)'))",False,,False,none,2.018827,Complete Service Failure
2026-08-22 18:29:11.656,4.1,TC04-batch-20260822T182655-4efa0a,TC04-20260822T182816631418-run2-ad98ac,TC04,complete_service_failure,2,workload,24,v41-TC04-2-24-54ff9c26,0.2,SERVICE_UNAVAILABLE,SERVICE_UNAVAILABLE,True,failed,failed,,,not_attempted,False,,,2.015919,"ConnectTimeout: HTTPConnectionPool(host='127.0.0.1', port=5001): Max retries exceeded with url: /add_order (Caused by ConnectTimeoutError(<HTTPConnection(host='127.0.0.1', port=5001) at 0x14710382250>, 'Connection to 127.0.0.1 timed out. (connect timeout=2.0)'))",False,,False,none,2.015967,Complete Service Failure
2026-08-22 18:29:13.874,4.1,TC04-batch-20260822T182655-4efa0a,TC04-20260822T182816631418-run2-ad98ac,TC04,complete_service_failure,2,workload,25,v41-TC04-2-25-6e794e9f,0.2,SERVICE_UNAVAILABLE,SERVICE_UNAVAILABLE,True,failed,failed,,,not_attempted,False,,,2.015497,"ConnectTimeout: HTTPConnectionPool(host='127.0.0.1', port=5001): Max retries exceeded with url: /add_order (Caused by ConnectTimeoutError(<HTTPConnection(host='127.0.0.1', port=5001) at 0x14710381150>, 'Connection to 127.0.0.1 timed out. (connect timeout=2.0)'))",False,,False,none,2.015541,Complete Service Failure
2026-08-22 18:29:16.078,4.1,TC04-batch-20260822T182655-4efa0a,TC04-20260822T182816631418-run2-ad98ac,TC04,complete_service_failure,2,workload,26,v41-TC04-2-26-93fb2d03,0.2,SERVICE_UNAVAILABLE,SERVICE_UNAVAILABLE,True,failed,failed,,,not_attempted,False,,,2.001299,"ConnectTimeout: HTTPConnectionPool(host='127.0.0.1', port=5001): Max retries exceeded with url: /add_order (Caused by ConnectTimeoutError(<HTTPConnection(host='127.0.0.1', port=5001) at 0x14710382580>, 'Connection to 127.0.0.1 timed out. (connect timeout=2.0)'))",False,,False,none,2.001345,Complete Service Failure
2026-08-22 18:29:18.297,4.1,TC04-batch-20260822T182655-4efa0a,TC04-20260822T182816631418-run2-ad98ac,TC04,complete_service_failure,2,workload,27,v41-TC04-2-27-6db22792,0.2,SERVICE_UNAVAILABLE,SERVICE_UNAVAILABLE,True,failed,failed,,,not_attempted,False,,,2.016389,"ConnectTimeout: HTTPConnectionPool(host='127.0.0.1', port=5001): Max retries exceeded with url: /add_order (Caused by ConnectTimeoutError(<HTTPConnection(host='127.0.0.1', port=5001) at 0x1471046b570>, 'Connection to 127.0.0.1 timed out. (connect timeout=2.0)'))",False,,False,none,2.016435,Complete Service Failure
2026-08-22 18:29:20.513,4.1,TC04-batch-20260822T182655-4efa0a,TC04-20260822T182816631418-run2-ad98ac,TC04,complete_service_failure,2,workload,28,v41-TC04-2-28-9b6f2726,0.2,SERVICE_UNAVAILABLE,SERVICE_UNAVAILABLE,True,failed,failed,,,not_attempted,False,,,2.013323,"ConnectTimeout: HTTPConnectionPool(host='127.0.0.1', port=5001): Max retries exceeded with url: /add_order (Caused by ConnectTimeoutError(<HTTPConnection(host='127.0.0.1', port=5001) at 0x14710382470>, 'Connection to 127.0.0.1 timed out. (connect timeout=2.0)'))",False,,False,none,2.013364,Complete Service Failure
2026-08-22 18:29:22.719,4.1,TC04-batch-20260822T182655-4efa0a,TC04-20260822T182816631418-run2-ad98ac,TC04,complete_service_failure,2,workload,29,v41-TC04-2-29-9848a48f,0.2,SERVICE_UNAVAILABLE,SERVICE_UNAVAILABLE,True,failed,failed,,,not_attempted,False,,,2.003919,"ConnectTimeout: HTTPConnectionPool(host='127.0.0.1', port=5001): Max retries exceeded with url: /add_order (Caused by ConnectTimeoutError(<HTTPConnection(host='127.0.0.1', port=5001) at 0x147103816a0>, 'Connection to 127.0.0.1 timed out. (connect timeout=2.0)'))",False,,False,none,2.003967,Complete Service Failure
2026-08-22 18:29:24.938,4.1,TC04-batch-20260822T182655-4efa0a,TC04-20260822T182816631418-run2-ad98ac,TC04,complete_service_failure,2,workload,30,v41-TC04-2-30-b7e80108,0.2,SERVICE_UNAVAILABLE,SERVICE_UNAVAILABLE,True,failed,failed,,,not_attempted,False,,,2.015284,"ConnectTimeout: HTTPConnectionPool(host='127.0.0.1', port=5001): Max retries exceeded with url: /add_order (Caused by ConnectTimeoutError(<HTTPConnection(host='127.0.0.1', port=5001) at 0x14710380270>, 'Connection to 127.0.0.1 timed out. (connect timeout=2.0)'))",False,,False,none,2.015328,Complete Service Failure
2026-08-22 18:29:31.343,4.1,TC04-batch-20260822T182655-4efa0a,TC04-20260822T182927315953-run3-b61db3,TC04,complete_service_failure,3,workload,1,v41-TC04-3-1-d04f0fbb,0.2,NORMAL,SERVICE_UNAVAILABLE,True,failed,failed,,2.004763,"ConnectTimeout: HTTPConnectionPool(host='127.0.0.1', port=5000): Max retries exceeded with url: /add_order (Caused by ConnectTimeoutError(<HTTPConnection(host='127.0.0.1', port=5000) at 0x14710382250>, 'Connection to 127.0.0.1 timed out. (connect timeout=2.0)'))",True,2.004763,,2.000396,"ConnectTimeout: HTTPConnectionPool(host='127.0.0.1', port=5001): Max retries exceeded with url: /add_order (Caused by ConnectTimeoutError(<HTTPConnection(host='127.0.0.1', port=5001) at 0x14710381150>, 'Connection to 127.0.0.1 timed out. (connect timeout=2.0)'))",True,,False,none,4.005256,Complete Service Failure
2026-08-22 18:29:33.561,4.1,TC04-batch-20260822T182655-4efa0a,TC04-20260822T182927315953-run3-b61db3,TC04,complete_service_failure,3,workload,2,v41-TC04-3-2-0e30b7a5,0.2,SERVICE_UNAVAILABLE,SERVICE_UNAVAILABLE,True,failed,failed,,,not_attempted,False,,,2.014832,"ConnectTimeout: HTTPConnectionPool(host='127.0.0.1', port=5001): Max retries exceeded with url: /add_order (Caused by ConnectTimeoutError(<HTTPConnection(host='127.0.0.1', port=5001) at 0x14710381ae0>, 'Connection to 127.0.0.1 timed out. (connect timeout=2.0)'))",False,,False,none,2.014882,Complete Service Failure
2026-08-22 18:29:35.766,4.1,TC04-batch-20260822T182655-4efa0a,TC04-20260822T182927315953-run3-b61db3,TC04,complete_service_failure,3,workload,3,v41-TC04-3-3-8ed3dc25,0.2,SERVICE_UNAVAILABLE,SERVICE_UNAVAILABLE,True,failed,failed,,,not_attempted,False,,,2.001658,"ConnectTimeout: HTTPConnectionPool(host='127.0.0.1', port=5001): Max retries exceeded with url: /add_order (Caused by ConnectTimeoutError(<HTTPConnection(host='127.0.0.1', port=5001) at 0x1471046a690>, 'Connection to 127.0.0.1 timed out. (connect timeout=2.0)'))",False,,False,none,2.001703,Complete Service Failure
2026-08-22 18:29:37.984,4.1,TC04-batch-20260822T182655-4efa0a,TC04-20260822T182927315953-run3-b61db3,TC04,complete_service_failure,3,workload,4,v41-TC04-3-4-faa44e0f,0.2,SERVICE_UNAVAILABLE,SERVICE_UNAVAILABLE,True,failed,failed,,,not_attempted,False,,,2.014832,"ConnectTimeout: HTTPConnectionPool(host='127.0.0.1', port=5001): Max retries exceeded with url: /add_order (Caused by ConnectTimeoutError(<HTTPConnection(host='127.0.0.1', port=5001) at 0x147103808d0>, 'Connection to 127.0.0.1 timed out. (connect timeout=2.0)'))",False,,False,none,2.014877,Complete Service Failure
2026-08-22 18:29:40.187,4.1,TC04-batch-20260822T182655-4efa0a,TC04-20260822T182927315953-run3-b61db3,TC04,complete_service_failure,3,workload,5,v41-TC04-3-5-2d076c4e,0.2,SERVICE_UNAVAILABLE,SERVICE_UNAVAILABLE,True,failed,failed,,,not_attempted,False,,,2.000752,"ConnectTimeout: HTTPConnectionPool(host='127.0.0.1', port=5001): Max retries exceeded with url: /add_order (Caused by ConnectTimeoutError(<HTTPConnection(host='127.0.0.1', port=5001) at 0x14710382470>, 'Connection to 127.0.0.1 timed out. (connect timeout=2.0)'))",False,,False,none,2.000802,Complete Service Failure
2026-08-22 18:29:42.405,4.1,TC04-batch-20260822T182655-4efa0a,TC04-20260822T182927315953-run3-b61db3,TC04,complete_service_failure,3,workload,6,v41-TC04-3-6-92f175ae,0.2,SERVICE_UNAVAILABLE,SERVICE_UNAVAILABLE,True,failed,failed,,,not_attempted,False,,,2.015704,"ConnectTimeout: HTTPConnectionPool(host='127.0.0.1', port=5001): Max retries exceeded with url: /add_order (Caused by ConnectTimeoutError(<HTTPConnection(host='127.0.0.1', port=5001) at 0x14710380270>, 'Connection to 127.0.0.1 timed out. (connect timeout=2.0)'))",False,,False,none,2.01575,Complete Service Failure
2026-08-22 18:29:44.609,4.1,TC04-batch-20260822T182655-4efa0a,TC04-20260822T182927315953-run3-b61db3,TC04,complete_service_failure,3,workload,7,v41-TC04-3-7-6f39a92a,0.2,SERVICE_UNAVAILABLE,SERVICE_UNAVAILABLE,True,failed,failed,,,not_attempted,False,,,2.001361,"ConnectTimeout: HTTPConnectionPool(host='127.0.0.1', port=5001): Max retries exceeded with url: /add_order (Caused by ConnectTimeoutError(<HTTPConnection(host='127.0.0.1', port=5001) at 0x1471046bbd0>, 'Connection to 127.0.0.1 timed out. (connect timeout=2.0)'))",False,,False,none,2.001418,Complete Service Failure
2026-08-22 18:29:46.828,4.1,TC04-batch-20260822T182655-4efa0a,TC04-20260822T182927315953-run3-b61db3,TC04,complete_service_failure,3,workload,8,v41-TC04-3-8-38b65881,0.2,SERVICE_UNAVAILABLE,SERVICE_UNAVAILABLE,True,failed,failed,,,not_attempted,False,,,2.015564,"ConnectTimeout: HTTPConnectionPool(host='127.0.0.1', port=5001): Max retries exceeded with url: /add_order (Caused by ConnectTimeoutError(<HTTPConnection(host='127.0.0.1', port=5001) at 0x14710382360>, 'Connection to 127.0.0.1 timed out. (connect timeout=2.0)'))",False,,False,none,2.015609,Complete Service Failure
2026-08-22 18:29:49.046,4.1,TC04-batch-20260822T182655-4efa0a,TC04-20260822T182927315953-run3-b61db3,TC04,complete_service_failure,3,workload,9,v41-TC04-3-9-f15e8d38,0.2,SERVICE_UNAVAILABLE,SERVICE_UNAVAILABLE,True,failed,failed,,,not_attempted,False,,,2.015486,"ConnectTimeout: HTTPConnectionPool(host='127.0.0.1', port=5001): Max retries exceeded with url: /add_order (Caused by ConnectTimeoutError(<HTTPConnection(host='127.0.0.1', port=5001) at 0x147103819d0>, 'Connection to 127.0.0.1 timed out. (connect timeout=2.0)'))",False,,False,none,2.01553,Complete Service Failure
2026-08-22 18:29:51.250,4.1,TC04-batch-20260822T182655-4efa0a,TC04-20260822T182927315953-run3-b61db3,TC04,complete_service_failure,3,workload,10,v41-TC04-3-10-766757e8,0.2,SERVICE_UNAVAILABLE,SERVICE_UNAVAILABLE,True,failed,failed,,,not_attempted,False,,,2.000778,"ConnectTimeout: HTTPConnectionPool(host='127.0.0.1', port=5001): Max retries exceeded with url: /add_order (Caused by ConnectTimeoutError(<HTTPConnection(host='127.0.0.1', port=5001) at 0x14710382f10>, 'Connection to 127.0.0.1 timed out. (connect timeout=2.0)'))",False,,False,none,2.000823,Complete Service Failure
2026-08-22 18:29:53.454,4.1,TC04-batch-20260822T182655-4efa0a,TC04-20260822T182927315953-run3-b61db3,TC04,complete_service_failure,3,workload,11,v41-TC04-3-11-7bb1957a,0.2,SERVICE_UNAVAILABLE,SERVICE_UNAVAILABLE,True,failed,failed,,,not_attempted,False,,,2.001669,"ConnectTimeout: HTTPConnectionPool(host='127.0.0.1', port=5001): Max retries exceeded with url: /add_order (Caused by ConnectTimeoutError(<HTTPConnection(host='127.0.0.1', port=5001) at 0x1471046bf00>, 'Connection to 127.0.0.1 timed out. (connect timeout=2.0)'))",False,,False,none,2.00173,Complete Service Failure
2026-08-22 18:29:55.672,4.1,TC04-batch-20260822T182655-4efa0a,TC04-20260822T182927315953-run3-b61db3,TC04,complete_service_failure,3,workload,12,v41-TC04-3-12-b368db97,0.2,SERVICE_UNAVAILABLE,SERVICE_UNAVAILABLE,True,failed,failed,,,not_attempted,False,,,2.014844,"ConnectTimeout: HTTPConnectionPool(host='127.0.0.1', port=5001): Max retries exceeded with url: /add_order (Caused by ConnectTimeoutError(<HTTPConnection(host='127.0.0.1', port=5001) at 0x14710381f20>, 'Connection to 127.0.0.1 timed out. (connect timeout=2.0)'))",False,,False,none,2.014891,Complete Service Failure
2026-08-22 18:29:57.890,4.1,TC04-batch-20260822T182655-4efa0a,TC04-20260822T182927315953-run3-b61db3,TC04,complete_service_failure,3,workload,13,v41-TC04-3-13-b8bb35ad,0.2,SERVICE_UNAVAILABLE,SERVICE_UNAVAILABLE,True,failed,failed,,,not_attempted,False,,,2.015566,"ConnectTimeout: HTTPConnectionPool(host='127.0.0.1', port=5001): Max retries exceeded with url: /add_order (Caused by ConnectTimeoutError(<HTTPConnection(host='127.0.0.1', port=5001) at 0x14710381370>, 'Connection to 127.0.0.1 timed out. (connect timeout=2.0)'))",False,,False,none,2.015616,Complete Service Failure
2026-08-22 18:30:00.109,4.1,TC04-batch-20260822T182655-4efa0a,TC04-20260822T182927315953-run3-b61db3,TC04,complete_service_failure,3,workload,14,v41-TC04-3-14-cbbc5a02,0.2,SERVICE_UNAVAILABLE,SERVICE_UNAVAILABLE,True,failed,failed,,,not_attempted,False,,,2.015521,"ConnectTimeout: HTTPConnectionPool(host='127.0.0.1', port=5001): Max retries exceeded with url: /add_order (Caused by ConnectTimeoutError(<HTTPConnection(host='127.0.0.1', port=5001) at 0x1471046bf00>, 'Connection to 127.0.0.1 timed out. (connect timeout=2.0)'))",False,,False,none,2.015544,Complete Service Failure
2026-08-22 18:30:02.313,4.1,TC04-batch-20260822T182655-4efa0a,TC04-20260822T182927315953-run3-b61db3,TC04,complete_service_failure,3,workload,15,v41-TC04-3-15-2204eca2,0.2,SERVICE_UNAVAILABLE,SERVICE_UNAVAILABLE,True,failed,failed,,,not_attempted,False,,,2.002449,"ConnectTimeout: HTTPConnectionPool(host='127.0.0.1', port=5001): Max retries exceeded with url: /add_order (Caused by ConnectTimeoutError(<HTTPConnection(host='127.0.0.1', port=5001) at 0x1471046b130>, 'Connection to 127.0.0.1 timed out. (connect timeout=2.0)'))",False,,False,none,2.002496,Complete Service Failure
2026-08-22 18:30:04.525,4.1,TC04-batch-20260822T182655-4efa0a,TC04-20260822T182927315953-run3-b61db3,TC04,complete_service_failure,3,workload,16,v41-TC04-3-16-d4244371,0.2,SERVICE_UNAVAILABLE,SERVICE_UNAVAILABLE,True,failed,failed,,,not_attempted,False,,,2.009377,"ConnectTimeout: HTTPConnectionPool(host='127.0.0.1', port=5001): Max retries exceeded with url: /add_order (Caused by ConnectTimeoutError(<HTTPConnection(host='127.0.0.1', port=5001) at 0x147103807c0>, 'Connection to 127.0.0.1 timed out. (connect timeout=2.0)'))",False,,False,none,2.009429,Complete Service Failure
2026-08-22 18:30:06.733,4.1,TC04-batch-20260822T182655-4efa0a,TC04-20260822T182927315953-run3-b61db3,TC04,complete_service_failure,3,workload,17,v41-TC04-3-17-efb0d2f6,0.2,SERVICE_UNAVAILABLE,SERVICE_UNAVAILABLE,True,failed,failed,,,not_attempted,False,,,2.005389,"ConnectTimeout: HTTPConnectionPool(host='127.0.0.1', port=5001): Max retries exceeded with url: /add_order (Caused by ConnectTimeoutError(<HTTPConnection(host='127.0.0.1', port=5001) at 0x14710382250>, 'Connection to 127.0.0.1 timed out. (connect timeout=2.0)'))",False,,False,none,2.005435,Complete Service Failure
2026-08-22 18:30:08.953,4.1,TC04-batch-20260822T182655-4efa0a,TC04-20260822T182927315953-run3-b61db3,TC04,complete_service_failure,3,workload,18,v41-TC04-3-18-cdddcc9f,0.2,SERVICE_UNAVAILABLE,SERVICE_UNAVAILABLE,True,failed,failed,,,not_attempted,False,,,2.016857,"ConnectTimeout: HTTPConnectionPool(host='127.0.0.1', port=5001): Max retries exceeded with url: /add_order (Caused by ConnectTimeoutError(<HTTPConnection(host='127.0.0.1', port=5001) at 0x147103827a0>, 'Connection to 127.0.0.1 timed out. (connect timeout=2.0)'))",False,,False,none,2.016904,Complete Service Failure
2026-08-22 18:30:11.171,4.1,TC04-batch-20260822T182655-4efa0a,TC04-20260822T182927315953-run3-b61db3,TC04,complete_service_failure,3,workload,19,v41-TC04-3-19-4474abc9,0.2,SERVICE_UNAVAILABLE,SERVICE_UNAVAILABLE,True,failed,failed,,,not_attempted,False,,,2.015711,"ConnectTimeout: HTTPConnectionPool(host='127.0.0.1', port=5001): Max retries exceeded with url: /add_order (Caused by ConnectTimeoutError(<HTTPConnection(host='127.0.0.1', port=5001) at 0x1471046b8a0>, 'Connection to 127.0.0.1 timed out. (connect timeout=2.0)'))",False,,False,none,2.015756,Complete Service Failure
2026-08-22 18:30:13.375,4.1,TC04-batch-20260822T182655-4efa0a,TC04-20260822T182927315953-run3-b61db3,TC04,complete_service_failure,3,workload,20,v41-TC04-3-20-6b248a93,0.2,SERVICE_UNAVAILABLE,SERVICE_UNAVAILABLE,True,failed,failed,,,not_attempted,False,,,2.000733,"ConnectTimeout: HTTPConnectionPool(host='127.0.0.1', port=5001): Max retries exceeded with url: /add_order (Caused by ConnectTimeoutError(<HTTPConnection(host='127.0.0.1', port=5001) at 0x14710382be0>, 'Connection to 127.0.0.1 timed out. (connect timeout=2.0)'))",False,,False,none,2.00078,Complete Service Failure
2026-08-22 18:30:15.594,4.1,TC04-batch-20260822T182655-4efa0a,TC04-20260822T182927315953-run3-b61db3,TC04,complete_service_failure,3,workload,21,v41-TC04-3-21-da93f20f,0.2,SERVICE_UNAVAILABLE,SERVICE_UNAVAILABLE,True,failed,failed,,,not_attempted,False,,,2.016256,"ConnectTimeout: HTTPConnectionPool(host='127.0.0.1', port=5001): Max retries exceeded with url: /add_order (Caused by ConnectTimeoutError(<HTTPConnection(host='127.0.0.1', port=5001) at 0x14710380f30>, 'Connection to 127.0.0.1 timed out. (connect timeout=2.0)'))",False,,False,none,2.016311,Complete Service Failure
2026-08-22 18:30:17.812,4.1,TC04-batch-20260822T182655-4efa0a,TC04-20260822T182927315953-run3-b61db3,TC04,complete_service_failure,3,workload,22,v41-TC04-3-22-136c2193,0.2,SERVICE_UNAVAILABLE,SERVICE_UNAVAILABLE,True,failed,failed,,,not_attempted,False,,,2.015706,"ConnectTimeout: HTTPConnectionPool(host='127.0.0.1', port=5001): Max retries exceeded with url: /add_order (Caused by ConnectTimeoutError(<HTTPConnection(host='127.0.0.1', port=5001) at 0x14710380270>, 'Connection to 127.0.0.1 timed out. (connect timeout=2.0)'))",False,,False,none,2.015753,Complete Service Failure
2026-08-22 18:30:20.031,4.1,TC04-batch-20260822T182655-4efa0a,TC04-20260822T182927315953-run3-b61db3,TC04,complete_service_failure,3,workload,23,v41-TC04-3-23-6a9a76cb,0.2,SERVICE_UNAVAILABLE,SERVICE_UNAVAILABLE,True,failed,failed,,,not_attempted,False,,,2.015928,"ConnectTimeout: HTTPConnectionPool(host='127.0.0.1', port=5001): Max retries exceeded with url: /add_order (Caused by ConnectTimeoutError(<HTTPConnection(host='127.0.0.1', port=5001) at 0x1471046a8b0>, 'Connection to 127.0.0.1 timed out. (connect timeout=2.0)'))",False,,False,none,2.015975,Complete Service Failure
2026-08-22 18:30:22.249,4.1,TC04-batch-20260822T182655-4efa0a,TC04-20260822T182927315953-run3-b61db3,TC04,complete_service_failure,3,workload,24,v41-TC04-3-24-52815971,0.2,SERVICE_UNAVAILABLE,SERVICE_UNAVAILABLE,True,failed,failed,,,not_attempted,False,,,2.015454,"ConnectTimeout: HTTPConnectionPool(host='127.0.0.1', port=5001): Max retries exceeded with url: /add_order (Caused by ConnectTimeoutError(<HTTPConnection(host='127.0.0.1', port=5001) at 0x147103805a0>, 'Connection to 127.0.0.1 timed out. (connect timeout=2.0)'))",False,,False,none,2.015498,Complete Service Failure
2026-08-22 18:30:24.459,4.1,TC04-batch-20260822T182655-4efa0a,TC04-20260822T182927315953-run3-b61db3,TC04,complete_service_failure,3,workload,25,v41-TC04-3-25-b1f2d2fd,0.2,SERVICE_UNAVAILABLE,SERVICE_UNAVAILABLE,True,failed,failed,,,not_attempted,False,,,2.007456,"ConnectTimeout: HTTPConnectionPool(host='127.0.0.1', port=5001): Max retries exceeded with url: /add_order (Caused by ConnectTimeoutError(<HTTPConnection(host='127.0.0.1', port=5001) at 0x147103809e0>, 'Connection to 127.0.0.1 timed out. (connect timeout=2.0)'))",False,,False,none,2.007479,Complete Service Failure
2026-08-22 18:30:26.671,4.1,TC04-batch-20260822T182655-4efa0a,TC04-20260822T182927315953-run3-b61db3,TC04,complete_service_failure,3,workload,26,v41-TC04-3-26-61950c10,0.2,SERVICE_UNAVAILABLE,SERVICE_UNAVAILABLE,True,failed,failed,,,not_attempted,False,,,2.010382,"ConnectTimeout: HTTPConnectionPool(host='127.0.0.1', port=5001): Max retries exceeded with url: /add_order (Caused by ConnectTimeoutError(<HTTPConnection(host='127.0.0.1', port=5001) at 0x1471046a8b0>, 'Connection to 127.0.0.1 timed out. (connect timeout=2.0)'))",False,,False,none,2.010427,Complete Service Failure
2026-08-22 18:30:28.875,4.1,TC04-batch-20260822T182655-4efa0a,TC04-20260822T182927315953-run3-b61db3,TC04,complete_service_failure,3,workload,27,v41-TC04-3-27-4e4ef3e9,0.2,SERVICE_UNAVAILABLE,SERVICE_UNAVAILABLE,True,failed,failed,,,not_attempted,False,,,2.001204,"ConnectTimeout: HTTPConnectionPool(host='127.0.0.1', port=5001): Max retries exceeded with url: /add_order (Caused by ConnectTimeoutError(<HTTPConnection(host='127.0.0.1', port=5001) at 0x1471046a7a0>, 'Connection to 127.0.0.1 timed out. (connect timeout=2.0)'))",False,,False,none,2.00125,Complete Service Failure
2026-08-22 18:30:31.093,4.1,TC04-batch-20260822T182655-4efa0a,TC04-20260822T182927315953-run3-b61db3,TC04,complete_service_failure,3,workload,28,v41-TC04-3-28-ea853e6f,0.2,SERVICE_UNAVAILABLE,SERVICE_UNAVAILABLE,True,failed,failed,,,not_attempted,False,,,2.015288,"ConnectTimeout: HTTPConnectionPool(host='127.0.0.1', port=5001): Max retries exceeded with url: /add_order (Caused by ConnectTimeoutError(<HTTPConnection(host='127.0.0.1', port=5001) at 0x14710382250>, 'Connection to 127.0.0.1 timed out. (connect timeout=2.0)'))",False,,False,none,2.015335,Complete Service Failure
2026-08-22 18:30:33.312,4.1,TC04-batch-20260822T182655-4efa0a,TC04-20260822T182927315953-run3-b61db3,TC04,complete_service_failure,3,workload,29,v41-TC04-3-29-185a9f82,0.2,SERVICE_UNAVAILABLE,SERVICE_UNAVAILABLE,True,failed,failed,,,not_attempted,False,,,2.015997,"ConnectTimeout: HTTPConnectionPool(host='127.0.0.1', port=5001): Max retries exceeded with url: /add_order (Caused by ConnectTimeoutError(<HTTPConnection(host='127.0.0.1', port=5001) at 0x14710382360>, 'Connection to 127.0.0.1 timed out. (connect timeout=2.0)'))",False,,False,none,2.016047,Complete Service Failure
2026-08-22 18:30:35.531,4.1,TC04-batch-20260822T182655-4efa0a,TC04-20260822T182927315953-run3-b61db3,TC04,complete_service_failure,3,workload,30,v41-TC04-3-30-1b0a2f06,0.2,SERVICE_UNAVAILABLE,SERVICE_UNAVAILABLE,True,failed,failed,,,not_attempted,False,,,2.015973,"ConnectTimeout: HTTPConnectionPool(host='127.0.0.1', port=5001): Max retries exceeded with url: /add_order (Caused by ConnectTimeoutError(<HTTPConnection(host='127.0.0.1', port=5001) at 0x1471046a7a0>, 'Connection to 127.0.0.1 timed out. (connect timeout=2.0)'))",False,,False,none,2.016019,Complete Service Failure
2026-08-22 18:30:41.953,4.1,TC04-batch-20260822T182655-4efa0a,TC04-20260822T183037913356-run4-df3224,TC04,complete_service_failure,4,workload,1,v41-TC04-4-1-4faecb12,0.2,NORMAL,SERVICE_UNAVAILABLE,True,failed,failed,,2.002852,"ConnectTimeout: HTTPConnectionPool(host='127.0.0.1', port=5000): Max retries exceeded with url: /add_order (Caused by ConnectTimeoutError(<HTTPConnection(host='127.0.0.1', port=5000) at 0x147103808d0>, 'Connection to 127.0.0.1 timed out. (connect timeout=2.0)'))",True,2.002852,,2.016065,"ConnectTimeout: HTTPConnectionPool(host='127.0.0.1', port=5001): Max retries exceeded with url: /add_order (Caused by ConnectTimeoutError(<HTTPConnection(host='127.0.0.1', port=5001) at 0x14710382580>, 'Connection to 127.0.0.1 timed out. (connect timeout=2.0)'))",True,,False,none,4.019012,Complete Service Failure
2026-08-22 18:30:44.172,4.1,TC04-batch-20260822T182655-4efa0a,TC04-20260822T183037913356-run4-df3224,TC04,complete_service_failure,4,workload,2,v41-TC04-4-2-242ca77f,0.2,SERVICE_UNAVAILABLE,SERVICE_UNAVAILABLE,True,failed,failed,,,not_attempted,False,,,2.008451,"ConnectTimeout: HTTPConnectionPool(host='127.0.0.1', port=5001): Max retries exceeded with url: /add_order (Caused by ConnectTimeoutError(<HTTPConnection(host='127.0.0.1', port=5001) at 0x1471046b130>, 'Connection to 127.0.0.1 timed out. (connect timeout=2.0)'))",False,,False,none,2.008496,Complete Service Failure
2026-08-22 18:30:46.376,4.1,TC04-batch-20260822T182655-4efa0a,TC04-20260822T183037913356-run4-df3224,TC04,complete_service_failure,4,workload,3,v41-TC04-4-3-348b387f,0.2,SERVICE_UNAVAILABLE,SERVICE_UNAVAILABLE,True,failed,failed,,,not_attempted,False,,,2.001253,"ConnectTimeout: HTTPConnectionPool(host='127.0.0.1', port=5001): Max retries exceeded with url: /add_order (Caused by ConnectTimeoutError(<HTTPConnection(host='127.0.0.1', port=5001) at 0x1471046bac0>, 'Connection to 127.0.0.1 timed out. (connect timeout=2.0)'))",False,,False,none,2.001301,Complete Service Failure
2026-08-22 18:30:48.594,4.1,TC04-batch-20260822T182655-4efa0a,TC04-20260822T183037913356-run4-df3224,TC04,complete_service_failure,4,workload,4,v41-TC04-4-4-0084cb64,0.2,SERVICE_UNAVAILABLE,SERVICE_UNAVAILABLE,True,failed,failed,,,not_attempted,False,,,2.015455,"ConnectTimeout: HTTPConnectionPool(host='127.0.0.1', port=5001): Max retries exceeded with url: /add_order (Caused by ConnectTimeoutError(<HTTPConnection(host='127.0.0.1', port=5001) at 0x14710382690>, 'Connection to 127.0.0.1 timed out. (connect timeout=2.0)'))",False,,False,none,2.015503,Complete Service Failure
2026-08-22 18:30:50.817,4.1,TC04-batch-20260822T182655-4efa0a,TC04-20260822T183037913356-run4-df3224,TC04,complete_service_failure,4,workload,5,v41-TC04-4-5-ada597b4,0.2,SERVICE_UNAVAILABLE,SERVICE_UNAVAILABLE,True,failed,failed,,,not_attempted,False,,,2.020597,"ConnectTimeout: HTTPConnectionPool(host='127.0.0.1', port=5001): Max retries exceeded with url: /add_order (Caused by ConnectTimeoutError(<HTTPConnection(host='127.0.0.1', port=5001) at 0x147103805a0>, 'Connection to 127.0.0.1 timed out. (connect timeout=2.0)'))",False,,False,none,2.02065,Complete Service Failure
2026-08-22 18:30:53.031,4.1,TC04-batch-20260822T182655-4efa0a,TC04-20260822T183037913356-run4-df3224,TC04,complete_service_failure,4,workload,6,v41-TC04-4-6-4d8343ee,0.2,SERVICE_UNAVAILABLE,SERVICE_UNAVAILABLE,True,failed,failed,,,not_attempted,False,,,2.011118,"ConnectTimeout: HTTPConnectionPool(host='127.0.0.1', port=5001): Max retries exceeded with url: /add_order (Caused by ConnectTimeoutError(<HTTPConnection(host='127.0.0.1', port=5001) at 0x1471046bac0>, 'Connection to 127.0.0.1 timed out. (connect timeout=2.0)'))",False,,False,none,2.011204,Complete Service Failure
2026-08-22 18:30:55.234,4.1,TC04-batch-20260822T182655-4efa0a,TC04-20260822T183037913356-run4-df3224,TC04,complete_service_failure,4,workload,7,v41-TC04-4-7-72775340,0.2,SERVICE_UNAVAILABLE,SERVICE_UNAVAILABLE,True,failed,failed,,,not_attempted,False,,,2.000789,"ConnectTimeout: HTTPConnectionPool(host='127.0.0.1', port=5001): Max retries exceeded with url: /add_order (Caused by ConnectTimeoutError(<HTTPConnection(host='127.0.0.1', port=5001) at 0x1471046b460>, 'Connection to 127.0.0.1 timed out. (connect timeout=2.0)'))",False,,False,none,2.000835,Complete Service Failure
2026-08-22 18:30:57.452,4.1,TC04-batch-20260822T182655-4efa0a,TC04-20260822T183037913356-run4-df3224,TC04,complete_service_failure,4,workload,8,v41-TC04-4-8-10443b48,0.2,SERVICE_UNAVAILABLE,SERVICE_UNAVAILABLE,True,failed,failed,,,not_attempted,False,,,2.015378,"ConnectTimeout: HTTPConnectionPool(host='127.0.0.1', port=5001): Max retries exceeded with url: /add_order (Caused by ConnectTimeoutError(<HTTPConnection(host='127.0.0.1', port=5001) at 0x14710381f20>, 'Connection to 127.0.0.1 timed out. (connect timeout=2.0)'))",False,,False,none,2.015431,Complete Service Failure
2026-08-22 18:30:59.656,4.1,TC04-batch-20260822T182655-4efa0a,TC04-20260822T183037913356-run4-df3224,TC04,complete_service_failure,4,workload,9,v41-TC04-4-9-a7ac02a8,0.2,SERVICE_UNAVAILABLE,SERVICE_UNAVAILABLE,True,failed,failed,,,not_attempted,False,,,2.000863,"ConnectTimeout: HTTPConnectionPool(host='127.0.0.1', port=5001): Max retries exceeded with url: /add_order (Caused by ConnectTimeoutError(<HTTPConnection(host='127.0.0.1', port=5001) at 0x14710381150>, 'Connection to 127.0.0.1 timed out. (connect timeout=2.0)'))",False,,False,none,2.000909,Complete Service Failure
2026-08-22 18:31:01.875,4.1,TC04-batch-20260822T182655-4efa0a,TC04-20260822T183037913356-run4-df3224,TC04,complete_service_failure,4,workload,10,v41-TC04-4-10-eddd03c4,0.2,SERVICE_UNAVAILABLE,SERVICE_UNAVAILABLE,True,failed,failed,,,not_attempted,False,,,2.015713,"ConnectTimeout: HTTPConnectionPool(host='127.0.0.1', port=5001): Max retries exceeded with url: /add_order (Caused by ConnectTimeoutError(<HTTPConnection(host='127.0.0.1', port=5001) at 0x1471046b350>, 'Connection to 127.0.0.1 timed out. (connect timeout=2.0)'))",False,,False,none,2.015763,Complete Service Failure
2026-08-22 18:31:04.093,4.1,TC04-batch-20260822T182655-4efa0a,TC04-20260822T183037913356-run4-df3224,TC04,complete_service_failure,4,workload,11,v41-TC04-4-11-2203dc34,0.2,SERVICE_UNAVAILABLE,SERVICE_UNAVAILABLE,True,failed,failed,,,not_attempted,False,,,2.015248,"ConnectTimeout: HTTPConnectionPool(host='127.0.0.1', port=5001): Max retries exceeded with url: /add_order (Caused by ConnectTimeoutError(<HTTPConnection(host='127.0.0.1', port=5001) at 0x1471046af10>, 'Connection to 127.0.0.1 timed out. (connect timeout=2.0)'))",False,,False,none,2.015293,Complete Service Failure
2026-08-22 18:31:06.297,4.1,TC04-batch-20260822T182655-4efa0a,TC04-20260822T183037913356-run4-df3224,TC04,complete_service_failure,4,workload,12,v41-TC04-4-12-0bede49e,0.2,SERVICE_UNAVAILABLE,SERVICE_UNAVAILABLE,True,failed,failed,,,not_attempted,False,,,2.000714,"ConnectTimeout: HTTPConnectionPool(host='127.0.0.1', port=5001): Max retries exceeded with url: /add_order (Caused by ConnectTimeoutError(<HTTPConnection(host='127.0.0.1', port=5001) at 0x14710382e00>, 'Connection to 127.0.0.1 timed out. (connect timeout=2.0)'))",False,,False,none,2.000762,Complete Service Failure
2026-08-22 18:31:08.514,4.1,TC04-batch-20260822T182655-4efa0a,TC04-20260822T183037913356-run4-df3224,TC04,complete_service_failure,4,workload,13,v41-TC04-4-13-d10ccdbd,0.2,SERVICE_UNAVAILABLE,SERVICE_UNAVAILABLE,True,failed,failed,,,not_attempted,False,,,2.013919,"ConnectTimeout: HTTPConnectionPool(host='127.0.0.1', port=5001): Max retries exceeded with url: /add_order (Caused by ConnectTimeoutError(<HTTPConnection(host='127.0.0.1', port=5001) at 0x14710380d10>, 'Connection to 127.0.0.1 timed out. (connect timeout=2.0)'))",False,,False,none,2.013963,Complete Service Failure
2026-08-22 18:31:10.719,4.1,TC04-batch-20260822T182655-4efa0a,TC04-20260822T183037913356-run4-df3224,TC04,complete_service_failure,4,workload,14,v41-TC04-4-14-ebc6392a,0.2,SERVICE_UNAVAILABLE,SERVICE_UNAVAILABLE,True,failed,failed,,,not_attempted,False,,,2.002207,"ConnectTimeout: HTTPConnectionPool(host='127.0.0.1', port=5001): Max retries exceeded with url: /add_order (Caused by ConnectTimeoutError(<HTTPConnection(host='127.0.0.1', port=5001) at 0x1471046b350>, 'Connection to 127.0.0.1 timed out. (connect timeout=2.0)'))",False,,False,none,2.00227,Complete Service Failure
2026-08-22 18:31:12.937,4.1,TC04-batch-20260822T182655-4efa0a,TC04-20260822T183037913356-run4-df3224,TC04,complete_service_failure,4,workload,15,v41-TC04-4-15-ac7b4030,0.2,SERVICE_UNAVAILABLE,SERVICE_UNAVAILABLE,True,failed,failed,,,not_attempted,False,,,2.015429,"ConnectTimeout: HTTPConnectionPool(host='127.0.0.1', port=5001): Max retries exceeded with url: /add_order (Caused by ConnectTimeoutError(<HTTPConnection(host='127.0.0.1', port=5001) at 0x1471046b8a0>, 'Connection to 127.0.0.1 timed out. (connect timeout=2.0)'))",False,,False,none,2.015475,Complete Service Failure
2026-08-22 18:31:15.140,4.1,TC04-batch-20260822T182655-4efa0a,TC04-20260822T183037913356-run4-df3224,TC04,complete_service_failure,4,workload,16,v41-TC04-4-16-cc032071,0.2,SERVICE_UNAVAILABLE,SERVICE_UNAVAILABLE,True,failed,failed,,,not_attempted,False,,,2.000628,"ConnectTimeout: HTTPConnectionPool(host='127.0.0.1', port=5001): Max retries exceeded with url: /add_order (Caused by ConnectTimeoutError(<HTTPConnection(host='127.0.0.1', port=5001) at 0x14710380160>, 'Connection to 127.0.0.1 timed out. (connect timeout=2.0)'))",False,,False,none,2.000671,Complete Service Failure
2026-08-22 18:31:17.344,4.1,TC04-batch-20260822T182655-4efa0a,TC04-20260822T183037913356-run4-df3224,TC04,complete_service_failure,4,workload,17,v41-TC04-4-17-d228f17b,0.2,SERVICE_UNAVAILABLE,SERVICE_UNAVAILABLE,True,failed,failed,,,not_attempted,False,,,2.000341,"ConnectTimeout: HTTPConnectionPool(host='127.0.0.1', port=5001): Max retries exceeded with url: /add_order (Caused by ConnectTimeoutError(<HTTPConnection(host='127.0.0.1', port=5001) at 0x14710381040>, 'Connection to 127.0.0.1 timed out. (connect timeout=2.0)'))",False,,False,none,2.000365,Complete Service Failure
2026-08-22 18:31:19.547,4.1,TC04-batch-20260822T182655-4efa0a,TC04-20260822T183037913356-run4-df3224,TC04,complete_service_failure,4,workload,18,v41-TC04-4-18-3b8ea48e,0.2,SERVICE_UNAVAILABLE,SERVICE_UNAVAILABLE,True,failed,failed,,,not_attempted,False,,,2.001819,"ConnectTimeout: HTTPConnectionPool(host='127.0.0.1', port=5001): Max retries exceeded with url: /add_order (Caused by ConnectTimeoutError(<HTTPConnection(host='127.0.0.1', port=5001) at 0x1471046a690>, 'Connection to 127.0.0.1 timed out. (connect timeout=2.0)'))",False,,False,none,2.001845,Complete Service Failure
2026-08-22 18:31:21.750,4.1,TC04-batch-20260822T182655-4efa0a,TC04-20260822T183037913356-run4-df3224,TC04,complete_service_failure,4,workload,19,v41-TC04-4-19-b5f74360,0.2,SERVICE_UNAVAILABLE,SERVICE_UNAVAILABLE,True,failed,failed,,,not_attempted,False,,,2.002023,"ConnectTimeout: HTTPConnectionPool(host='127.0.0.1', port=5001): Max retries exceeded with url: /add_order (Caused by ConnectTimeoutError(<HTTPConnection(host='127.0.0.1', port=5001) at 0x1471046b680>, 'Connection to 127.0.0.1 timed out. (connect timeout=2.0)'))",False,,False,none,2.002066,Complete Service Failure
2026-08-22 18:31:23.968,4.1,TC04-batch-20260822T182655-4efa0a,TC04-20260822T183037913356-run4-df3224,TC04,complete_service_failure,4,workload,20,v41-TC04-4-20-4d379fdc,0.2,SERVICE_UNAVAILABLE,SERVICE_UNAVAILABLE,True,failed,failed,,,not_attempted,False,,,2.014593,"ConnectTimeout: HTTPConnectionPool(host='127.0.0.1', port=5001): Max retries exceeded with url: /add_order (Caused by ConnectTimeoutError(<HTTPConnection(host='127.0.0.1', port=5001) at 0x14710382f10>, 'Connection to 127.0.0.1 timed out. (connect timeout=2.0)'))",False,,False,none,2.01464,Complete Service Failure
2026-08-22 18:31:26.171,4.1,TC04-batch-20260822T182655-4efa0a,TC04-20260822T183037913356-run4-df3224,TC04,complete_service_failure,4,workload,21,v41-TC04-4-21-0a34e295,0.2,SERVICE_UNAVAILABLE,SERVICE_UNAVAILABLE,True,failed,failed,,,not_attempted,False,,,2.000495,"ConnectTimeout: HTTPConnectionPool(host='127.0.0.1', port=5001): Max retries exceeded with url: /add_order (Caused by ConnectTimeoutError(<HTTPConnection(host='127.0.0.1', port=5001) at 0x147103806b0>, 'Connection to 127.0.0.1 timed out. (connect timeout=2.0)'))",False,,False,none,2.00054,Complete Service Failure
2026-08-22 18:31:28.391,4.1,TC04-batch-20260822T182655-4efa0a,TC04-20260822T183037913356-run4-df3224,TC04,complete_service_failure,4,workload,22,v41-TC04-4-22-92dacbc3,0.2,SERVICE_UNAVAILABLE,SERVICE_UNAVAILABLE,True,failed,failed,,,not_attempted,False,,,2.016358,"ConnectTimeout: HTTPConnectionPool(host='127.0.0.1', port=5001): Max retries exceeded with url: /add_order (Caused by ConnectTimeoutError(<HTTPConnection(host='127.0.0.1', port=5001) at 0x1471046b020>, 'Connection to 127.0.0.1 timed out. (connect timeout=2.0)'))",False,,False,none,2.016403,Complete Service Failure
2026-08-22 18:31:30.610,4.1,TC04-batch-20260822T182655-4efa0a,TC04-20260822T183037913356-run4-df3224,TC04,complete_service_failure,4,workload,23,v41-TC04-4-23-2771cef0,0.2,SERVICE_UNAVAILABLE,SERVICE_UNAVAILABLE,True,failed,failed,,,not_attempted,False,,,2.015925,"ConnectTimeout: HTTPConnectionPool(host='127.0.0.1', port=5001): Max retries exceeded with url: /add_order (Caused by ConnectTimeoutError(<HTTPConnection(host='127.0.0.1', port=5001) at 0x147103807c0>, 'Connection to 127.0.0.1 timed out. (connect timeout=2.0)'))",False,,False,none,2.015973,Complete Service Failure
2026-08-22 18:31:32.828,4.1,TC04-batch-20260822T182655-4efa0a,TC04-20260822T183037913356-run4-df3224,TC04,complete_service_failure,4,workload,24,v41-TC04-4-24-44ae2b1f,0.2,SERVICE_UNAVAILABLE,SERVICE_UNAVAILABLE,True,failed,failed,,,not_attempted,False,,,2.014257,"ConnectTimeout: HTTPConnectionPool(host='127.0.0.1', port=5001): Max retries exceeded with url: /add_order (Caused by ConnectTimeoutError(<HTTPConnection(host='127.0.0.1', port=5001) at 0x14710381e10>, 'Connection to 127.0.0.1 timed out. (connect timeout=2.0)'))",False,,False,none,2.014302,Complete Service Failure
2026-08-22 18:31:35.047,4.1,TC04-batch-20260822T182655-4efa0a,TC04-20260822T183037913356-run4-df3224,TC04,complete_service_failure,4,workload,25,v41-TC04-4-25-19733188,0.2,SERVICE_UNAVAILABLE,SERVICE_UNAVAILABLE,True,failed,failed,,,not_attempted,False,,,2.016442,"ConnectTimeout: HTTPConnectionPool(host='127.0.0.1', port=5001): Max retries exceeded with url: /add_order (Caused by ConnectTimeoutError(<HTTPConnection(host='127.0.0.1', port=5001) at 0x14710380380>, 'Connection to 127.0.0.1 timed out. (connect timeout=2.0)'))",False,,False,none,2.016499,Complete Service Failure
2026-08-22 18:31:37.266,4.1,TC04-batch-20260822T182655-4efa0a,TC04-20260822T183037913356-run4-df3224,TC04,complete_service_failure,4,workload,26,v41-TC04-4-26-be97dfbc,0.2,SERVICE_UNAVAILABLE,SERVICE_UNAVAILABLE,True,failed,failed,,,not_attempted,False,,,2.015582,"ConnectTimeout: HTTPConnectionPool(host='127.0.0.1', port=5001): Max retries exceeded with url: /add_order (Caused by ConnectTimeoutError(<HTTPConnection(host='127.0.0.1', port=5001) at 0x1471046abe0>, 'Connection to 127.0.0.1 timed out. (connect timeout=2.0)'))",False,,False,none,2.015628,Complete Service Failure
2026-08-22 18:31:39.470,4.1,TC04-batch-20260822T182655-4efa0a,TC04-20260822T183037913356-run4-df3224,TC04,complete_service_failure,4,workload,27,v41-TC04-4-27-d121c333,0.2,SERVICE_UNAVAILABLE,SERVICE_UNAVAILABLE,True,failed,failed,,,not_attempted,False,,,2.002076,"ConnectTimeout: HTTPConnectionPool(host='127.0.0.1', port=5001): Max retries exceeded with url: /add_order (Caused by ConnectTimeoutError(<HTTPConnection(host='127.0.0.1', port=5001) at 0x1471046bf00>, 'Connection to 127.0.0.1 timed out. (connect timeout=2.0)'))",False,,False,none,2.002126,Complete Service Failure
2026-08-22 18:31:41.687,4.1,TC04-batch-20260822T182655-4efa0a,TC04-20260822T183037913356-run4-df3224,TC04,complete_service_failure,4,workload,28,v41-TC04-4-28-c6712c57,0.2,SERVICE_UNAVAILABLE,SERVICE_UNAVAILABLE,True,failed,failed,,,not_attempted,False,,,2.014031,"ConnectTimeout: HTTPConnectionPool(host='127.0.0.1', port=5001): Max retries exceeded with url: /add_order (Caused by ConnectTimeoutError(<HTTPConnection(host='127.0.0.1', port=5001) at 0x14710381d00>, 'Connection to 127.0.0.1 timed out. (connect timeout=2.0)'))",False,,False,none,2.014078,Complete Service Failure
2026-08-22 18:31:43.905,4.1,TC04-batch-20260822T182655-4efa0a,TC04-20260822T183037913356-run4-df3224,TC04,complete_service_failure,4,workload,29,v41-TC04-4-29-d2068f6c,0.2,SERVICE_UNAVAILABLE,SERVICE_UNAVAILABLE,True,failed,failed,,,not_attempted,False,,,2.015838,"ConnectTimeout: HTTPConnectionPool(host='127.0.0.1', port=5001): Max retries exceeded with url: /add_order (Caused by ConnectTimeoutError(<HTTPConnection(host='127.0.0.1', port=5001) at 0x14710380050>, 'Connection to 127.0.0.1 timed out. (connect timeout=2.0)'))",False,,False,none,2.015882,Complete Service Failure
2026-08-22 18:31:46.124,4.1,TC04-batch-20260822T182655-4efa0a,TC04-20260822T183037913356-run4-df3224,TC04,complete_service_failure,4,workload,30,v41-TC04-4-30-ace61b95,0.2,SERVICE_UNAVAILABLE,SERVICE_UNAVAILABLE,True,failed,failed,,,not_attempted,False,,,2.015816,"ConnectTimeout: HTTPConnectionPool(host='127.0.0.1', port=5001): Max retries exceeded with url: /add_order (Caused by ConnectTimeoutError(<HTTPConnection(host='127.0.0.1', port=5001) at 0x1471046b570>, 'Connection to 127.0.0.1 timed out. (connect timeout=2.0)'))",False,,False,none,2.015863,Complete Service Failure
2026-08-22 18:31:52.541,4.1,TC04-batch-20260822T182655-4efa0a,TC04-20260822T183148503958-run5-776244,TC04,complete_service_failure,5,workload,1,v41-TC04-5-1-0c74c695,0.2,NORMAL,SERVICE_UNAVAILABLE,True,failed,failed,,2.002688,"ConnectTimeout: HTTPConnectionPool(host='127.0.0.1', port=5000): Max retries exceeded with url: /add_order (Caused by ConnectTimeoutError(<HTTPConnection(host='127.0.0.1', port=5000) at 0x14710381150>, 'Connection to 127.0.0.1 timed out. (connect timeout=2.0)'))",True,2.002688,,2.012602,"ConnectTimeout: HTTPConnectionPool(host='127.0.0.1', port=5001): Max retries exceeded with url: /add_order (Caused by ConnectTimeoutError(<HTTPConnection(host='127.0.0.1', port=5001) at 0x14710383350>, 'Connection to 127.0.0.1 timed out. (connect timeout=2.0)'))",True,,False,none,4.015373,Complete Service Failure
2026-08-22 18:31:54.749,4.1,TC04-batch-20260822T182655-4efa0a,TC04-20260822T183148503958-run5-776244,TC04,complete_service_failure,5,workload,2,v41-TC04-5-2-e91238f8,0.2,SERVICE_UNAVAILABLE,SERVICE_UNAVAILABLE,True,failed,failed,,,not_attempted,False,,,2.004734,"ConnectTimeout: HTTPConnectionPool(host='127.0.0.1', port=5001): Max retries exceeded with url: /add_order (Caused by ConnectTimeoutError(<HTTPConnection(host='127.0.0.1', port=5001) at 0x1471046af10>, 'Connection to 127.0.0.1 timed out. (connect timeout=2.0)'))",False,,False,none,2.004779,Complete Service Failure
2026-08-22 18:31:56.953,4.1,TC04-batch-20260822T182655-4efa0a,TC04-20260822T183148503958-run5-776244,TC04,complete_service_failure,5,workload,3,v41-TC04-5-3-65bd37f5,0.2,SERVICE_UNAVAILABLE,SERVICE_UNAVAILABLE,True,failed,failed,,,not_attempted,False,,,2.000983,"ConnectTimeout: HTTPConnectionPool(host='127.0.0.1', port=5001): Max retries exceeded with url: /add_order (Caused by ConnectTimeoutError(<HTTPConnection(host='127.0.0.1', port=5001) at 0x14710382cf0>, 'Connection to 127.0.0.1 timed out. (connect timeout=2.0)'))",False,,False,none,2.00103,Complete Service Failure
2026-08-22 18:31:59.171,4.1,TC04-batch-20260822T182655-4efa0a,TC04-20260822T183148503958-run5-776244,TC04,complete_service_failure,5,workload,4,v41-TC04-5-4-74e10396,0.2,SERVICE_UNAVAILABLE,SERVICE_UNAVAILABLE,True,failed,failed,,,not_attempted,False,,,2.015438,"ConnectTimeout: HTTPConnectionPool(host='127.0.0.1', port=5001): Max retries exceeded with url: /add_order (Caused by ConnectTimeoutError(<HTTPConnection(host='127.0.0.1', port=5001) at 0x14710381d00>, 'Connection to 127.0.0.1 timed out. (connect timeout=2.0)'))",False,,False,none,2.015484,Complete Service Failure
2026-08-22 18:32:01.375,4.1,TC04-batch-20260822T182655-4efa0a,TC04-20260822T183148503958-run5-776244,TC04,complete_service_failure,5,workload,5,v41-TC04-5-5-b73b02d1,0.2,SERVICE_UNAVAILABLE,SERVICE_UNAVAILABLE,True,failed,failed,,,not_attempted,False,,,2.001061,"ConnectTimeout: HTTPConnectionPool(host='127.0.0.1', port=5001): Max retries exceeded with url: /add_order (Caused by ConnectTimeoutError(<HTTPConnection(host='127.0.0.1', port=5001) at 0x147103817b0>, 'Connection to 127.0.0.1 timed out. (connect timeout=2.0)'))",False,,False,none,2.00111,Complete Service Failure
2026-08-22 18:32:03.593,4.1,TC04-batch-20260822T182655-4efa0a,TC04-20260822T183148503958-run5-776244,TC04,complete_service_failure,5,workload,6,v41-TC04-5-6-2c98a071,0.2,SERVICE_UNAVAILABLE,SERVICE_UNAVAILABLE,True,failed,failed,,,not_attempted,False,,,2.015432,"ConnectTimeout: HTTPConnectionPool(host='127.0.0.1', port=5001): Max retries exceeded with url: /add_order (Caused by ConnectTimeoutError(<HTTPConnection(host='127.0.0.1', port=5001) at 0x1471046a8b0>, 'Connection to 127.0.0.1 timed out. (connect timeout=2.0)'))",False,,False,none,2.015477,Complete Service Failure
2026-08-22 18:32:05.811,4.1,TC04-batch-20260822T182655-4efa0a,TC04-20260822T183148503958-run5-776244,TC04,complete_service_failure,5,workload,7,v41-TC04-5-7-cdf835c4,0.2,SERVICE_UNAVAILABLE,SERVICE_UNAVAILABLE,True,failed,failed,,,not_attempted,False,,,2.015165,"ConnectTimeout: HTTPConnectionPool(host='127.0.0.1', port=5001): Max retries exceeded with url: /add_order (Caused by ConnectTimeoutError(<HTTPConnection(host='127.0.0.1', port=5001) at 0x147103829c0>, 'Connection to 127.0.0.1 timed out. (connect timeout=2.0)'))",False,,False,none,2.015216,Complete Service Failure
2026-08-22 18:32:08.031,4.1,TC04-batch-20260822T182655-4efa0a,TC04-20260822T183148503958-run5-776244,TC04,complete_service_failure,5,workload,8,v41-TC04-5-8-64e813ed,0.2,SERVICE_UNAVAILABLE,SERVICE_UNAVAILABLE,True,failed,failed,,,not_attempted,False,,,2.017068,"ConnectTimeout: HTTPConnectionPool(host='127.0.0.1', port=5001): Max retries exceeded with url: /add_order (Caused by ConnectTimeoutError(<HTTPConnection(host='127.0.0.1', port=5001) at 0x147103827a0>, 'Connection to 127.0.0.1 timed out. (connect timeout=2.0)'))",False,,False,none,2.017117,Complete Service Failure
2026-08-22 18:32:10.234,4.1,TC04-batch-20260822T182655-4efa0a,TC04-20260822T183148503958-run5-776244,TC04,complete_service_failure,5,workload,9,v41-TC04-5-9-e617924c,0.2,SERVICE_UNAVAILABLE,SERVICE_UNAVAILABLE,True,failed,failed,,,not_attempted,False,,,2.000687,"ConnectTimeout: HTTPConnectionPool(host='127.0.0.1', port=5001): Max retries exceeded with url: /add_order (Caused by ConnectTimeoutError(<HTTPConnection(host='127.0.0.1', port=5001) at 0x14710381150>, 'Connection to 127.0.0.1 timed out. (connect timeout=2.0)'))",False,,False,none,2.000757,Complete Service Failure
2026-08-22 18:32:12.445,4.1,TC04-batch-20260822T182655-4efa0a,TC04-20260822T183148503958-run5-776244,TC04,complete_service_failure,5,workload,10,v41-TC04-5-10-cb53759a,0.2,SERVICE_UNAVAILABLE,SERVICE_UNAVAILABLE,True,failed,failed,,,not_attempted,False,,,2.008572,"ConnectTimeout: HTTPConnectionPool(host='127.0.0.1', port=5001): Max retries exceeded with url: /add_order (Caused by ConnectTimeoutError(<HTTPConnection(host='127.0.0.1', port=5001) at 0x1471046b240>, 'Connection to 127.0.0.1 timed out. (connect timeout=2.0)'))",False,,False,none,2.008603,Complete Service Failure
2026-08-22 18:32:14.656,4.1,TC04-batch-20260822T182655-4efa0a,TC04-20260822T183148503958-run5-776244,TC04,complete_service_failure,5,workload,11,v41-TC04-5-11-6c3ec6f4,0.2,SERVICE_UNAVAILABLE,SERVICE_UNAVAILABLE,True,failed,failed,,,not_attempted,False,,,2.009585,"ConnectTimeout: HTTPConnectionPool(host='127.0.0.1', port=5001): Max retries exceeded with url: /add_order (Caused by ConnectTimeoutError(<HTTPConnection(host='127.0.0.1', port=5001) at 0x147103827a0>, 'Connection to 127.0.0.1 timed out. (connect timeout=2.0)'))",False,,False,none,2.00963,Complete Service Failure
2026-08-22 18:32:16.874,4.1,TC04-batch-20260822T182655-4efa0a,TC04-20260822T183148503958-run5-776244,TC04,complete_service_failure,5,workload,12,v41-TC04-5-12-63dc17ee,0.2,SERVICE_UNAVAILABLE,SERVICE_UNAVAILABLE,True,failed,failed,,,not_attempted,False,,,2.015264,"ConnectTimeout: HTTPConnectionPool(host='127.0.0.1', port=5001): Max retries exceeded with url: /add_order (Caused by ConnectTimeoutError(<HTTPConnection(host='127.0.0.1', port=5001) at 0x14710382250>, 'Connection to 127.0.0.1 timed out. (connect timeout=2.0)'))",False,,False,none,2.01531,Complete Service Failure
2026-08-22 18:32:19.093,4.1,TC04-batch-20260822T182655-4efa0a,TC04-20260822T183148503958-run5-776244,TC04,complete_service_failure,5,workload,13,v41-TC04-5-13-ee7245ce,0.2,SERVICE_UNAVAILABLE,SERVICE_UNAVAILABLE,True,failed,failed,,,not_attempted,False,,,2.016489,"ConnectTimeout: HTTPConnectionPool(host='127.0.0.1', port=5001): Max retries exceeded with url: /add_order (Caused by ConnectTimeoutError(<HTTPConnection(host='127.0.0.1', port=5001) at 0x14710381d00>, 'Connection to 127.0.0.1 timed out. (connect timeout=2.0)'))",False,,False,none,2.016535,Complete Service Failure
2026-08-22 18:32:21.312,4.1,TC04-batch-20260822T182655-4efa0a,TC04-20260822T183148503958-run5-776244,TC04,complete_service_failure,5,workload,14,v41-TC04-5-14-961ec7d6,0.2,SERVICE_UNAVAILABLE,SERVICE_UNAVAILABLE,True,failed,failed,,,not_attempted,False,,,2.015392,"ConnectTimeout: HTTPConnectionPool(host='127.0.0.1', port=5001): Max retries exceeded with url: /add_order (Caused by ConnectTimeoutError(<HTTPConnection(host='127.0.0.1', port=5001) at 0x1471046bdf0>, 'Connection to 127.0.0.1 timed out. (connect timeout=2.0)'))",False,,False,none,2.015448,Complete Service Failure
2026-08-22 18:32:23.532,4.1,TC04-batch-20260822T182655-4efa0a,TC04-20260822T183148503958-run5-776244,TC04,complete_service_failure,5,workload,15,v41-TC04-5-15-84ca214c,0.2,SERVICE_UNAVAILABLE,SERVICE_UNAVAILABLE,True,failed,failed,,,not_attempted,False,,,2.017019,"ConnectTimeout: HTTPConnectionPool(host='127.0.0.1', port=5001): Max retries exceeded with url: /add_order (Caused by ConnectTimeoutError(<HTTPConnection(host='127.0.0.1', port=5001) at 0x147103807c0>, 'Connection to 127.0.0.1 timed out. (connect timeout=2.0)'))",False,,False,none,2.017066,Complete Service Failure
2026-08-22 18:32:25.750,4.1,TC04-batch-20260822T182655-4efa0a,TC04-20260822T183148503958-run5-776244,TC04,complete_service_failure,5,workload,16,v41-TC04-5-16-2911559d,0.2,SERVICE_UNAVAILABLE,SERVICE_UNAVAILABLE,True,failed,failed,,,not_attempted,False,,,2.015161,"ConnectTimeout: HTTPConnectionPool(host='127.0.0.1', port=5001): Max retries exceeded with url: /add_order (Caused by ConnectTimeoutError(<HTTPConnection(host='127.0.0.1', port=5001) at 0x14710382ad0>, 'Connection to 127.0.0.1 timed out. (connect timeout=2.0)'))",False,,False,none,2.015209,Complete Service Failure
2026-08-22 18:32:27.968,4.1,TC04-batch-20260822T182655-4efa0a,TC04-20260822T183148503958-run5-776244,TC04,complete_service_failure,5,workload,17,v41-TC04-5-17-56477ad8,0.2,SERVICE_UNAVAILABLE,SERVICE_UNAVAILABLE,True,failed,failed,,,not_attempted,False,,,2.014799,"ConnectTimeout: HTTPConnectionPool(host='127.0.0.1', port=5001): Max retries exceeded with url: /add_order (Caused by ConnectTimeoutError(<HTTPConnection(host='127.0.0.1', port=5001) at 0x14710380050>, 'Connection to 127.0.0.1 timed out. (connect timeout=2.0)'))",False,,False,none,2.014843,Complete Service Failure
2026-08-22 18:32:30.172,4.1,TC04-batch-20260822T182655-4efa0a,TC04-20260822T183148503958-run5-776244,TC04,complete_service_failure,5,workload,18,v41-TC04-5-18-a0930490,0.2,SERVICE_UNAVAILABLE,SERVICE_UNAVAILABLE,True,failed,failed,,,not_attempted,False,,,2.001475,"ConnectTimeout: HTTPConnectionPool(host='127.0.0.1', port=5001): Max retries exceeded with url: /add_order (Caused by ConnectTimeoutError(<HTTPConnection(host='127.0.0.1', port=5001) at 0x1471046bac0>, 'Connection to 127.0.0.1 timed out. (connect timeout=2.0)'))",False,,False,none,2.001524,Complete Service Failure
2026-08-22 18:32:32.390,4.1,TC04-batch-20260822T182655-4efa0a,TC04-20260822T183148503958-run5-776244,TC04,complete_service_failure,5,workload,19,v41-TC04-5-19-0f8e0f7b,0.2,SERVICE_UNAVAILABLE,SERVICE_UNAVAILABLE,True,failed,failed,,,not_attempted,False,,,2.01516,"ConnectTimeout: HTTPConnectionPool(host='127.0.0.1', port=5001): Max retries exceeded with url: /add_order (Caused by ConnectTimeoutError(<HTTPConnection(host='127.0.0.1', port=5001) at 0x14710380270>, 'Connection to 127.0.0.1 timed out. (connect timeout=2.0)'))",False,,False,none,2.015208,Complete Service Failure
2026-08-22 18:32:34.603,4.1,TC04-batch-20260822T182655-4efa0a,TC04-20260822T183148503958-run5-776244,TC04,complete_service_failure,5,workload,20,v41-TC04-5-20-07dd9554,0.2,SERVICE_UNAVAILABLE,SERVICE_UNAVAILABLE,True,failed,failed,,,not_attempted,False,,,2.010555,"ConnectTimeout: HTTPConnectionPool(host='127.0.0.1', port=5001): Max retries exceeded with url: /add_order (Caused by ConnectTimeoutError(<HTTPConnection(host='127.0.0.1', port=5001) at 0x14710382cf0>, 'Connection to 127.0.0.1 timed out. (connect timeout=2.0)'))",False,,False,none,2.010624,Complete Service Failure
2026-08-22 18:32:36.813,4.1,TC04-batch-20260822T182655-4efa0a,TC04-20260822T183148503958-run5-776244,TC04,complete_service_failure,5,workload,21,v41-TC04-5-21-6b99668b,0.2,SERVICE_UNAVAILABLE,SERVICE_UNAVAILABLE,True,failed,failed,,,not_attempted,False,,,2.006576,"ConnectTimeout: HTTPConnectionPool(host='127.0.0.1', port=5001): Max retries exceeded with url: /add_order (Caused by ConnectTimeoutError(<HTTPConnection(host='127.0.0.1', port=5001) at 0x147103817b0>, 'Connection to 127.0.0.1 timed out. (connect timeout=2.0)'))",False,,False,none,2.006622,Complete Service Failure
2026-08-22 18:32:39.031,4.1,TC04-batch-20260822T182655-4efa0a,TC04-20260822T183148503958-run5-776244,TC04,complete_service_failure,5,workload,22,v41-TC04-5-22-8a735840,0.2,SERVICE_UNAVAILABLE,SERVICE_UNAVAILABLE,True,failed,failed,,,not_attempted,False,,,2.014676,"ConnectTimeout: HTTPConnectionPool(host='127.0.0.1', port=5001): Max retries exceeded with url: /add_order (Caused by ConnectTimeoutError(<HTTPConnection(host='127.0.0.1', port=5001) at 0x1471046bce0>, 'Connection to 127.0.0.1 timed out. (connect timeout=2.0)'))",False,,False,none,2.014724,Complete Service Failure
2026-08-22 18:32:41.249,4.1,TC04-batch-20260822T182655-4efa0a,TC04-20260822T183148503958-run5-776244,TC04,complete_service_failure,5,workload,23,v41-TC04-5-23-87635c47,0.2,SERVICE_UNAVAILABLE,SERVICE_UNAVAILABLE,True,failed,failed,,,not_attempted,False,,,2.016323,"ConnectTimeout: HTTPConnectionPool(host='127.0.0.1', port=5001): Max retries exceeded with url: /add_order (Caused by ConnectTimeoutError(<HTTPConnection(host='127.0.0.1', port=5001) at 0x14710382690>, 'Connection to 127.0.0.1 timed out. (connect timeout=2.0)'))",False,,False,none,2.01637,Complete Service Failure
2026-08-22 18:32:43.453,4.1,TC04-batch-20260822T182655-4efa0a,TC04-20260822T183148503958-run5-776244,TC04,complete_service_failure,5,workload,24,v41-TC04-5-24-faa9d10c,0.2,SERVICE_UNAVAILABLE,SERVICE_UNAVAILABLE,True,failed,failed,,,not_attempted,False,,,2.000812,"ConnectTimeout: HTTPConnectionPool(host='127.0.0.1', port=5001): Max retries exceeded with url: /add_order (Caused by ConnectTimeoutError(<HTTPConnection(host='127.0.0.1', port=5001) at 0x147103827a0>, 'Connection to 127.0.0.1 timed out. (connect timeout=2.0)'))",False,,False,none,2.000857,Complete Service Failure
2026-08-22 18:32:45.671,4.1,TC04-batch-20260822T182655-4efa0a,TC04-20260822T183148503958-run5-776244,TC04,complete_service_failure,5,workload,25,v41-TC04-5-25-2bfb3704,0.2,SERVICE_UNAVAILABLE,SERVICE_UNAVAILABLE,True,failed,failed,,,not_attempted,False,,,2.015159,"ConnectTimeout: HTTPConnectionPool(host='127.0.0.1', port=5001): Max retries exceeded with url: /add_order (Caused by ConnectTimeoutError(<HTTPConnection(host='127.0.0.1', port=5001) at 0x14710380e20>, 'Connection to 127.0.0.1 timed out. (connect timeout=2.0)'))",False,,False,none,2.015204,Complete Service Failure
2026-08-22 18:32:47.890,4.1,TC04-batch-20260822T182655-4efa0a,TC04-20260822T183148503958-run5-776244,TC04,complete_service_failure,5,workload,26,v41-TC04-5-26-fbc7d2d9,0.2,SERVICE_UNAVAILABLE,SERVICE_UNAVAILABLE,True,failed,failed,,,not_attempted,False,,,2.016318,"ConnectTimeout: HTTPConnectionPool(host='127.0.0.1', port=5001): Max retries exceeded with url: /add_order (Caused by ConnectTimeoutError(<HTTPConnection(host='127.0.0.1', port=5001) at 0x1471046b570>, 'Connection to 127.0.0.1 timed out. (connect timeout=2.0)'))",False,,False,none,2.01638,Complete Service Failure
2026-08-22 18:32:50.109,4.1,TC04-batch-20260822T182655-4efa0a,TC04-20260822T183148503958-run5-776244,TC04,complete_service_failure,5,workload,27,v41-TC04-5-27-eb84685b,0.2,SERVICE_UNAVAILABLE,SERVICE_UNAVAILABLE,True,failed,failed,,,not_attempted,False,,,2.01563,"ConnectTimeout: HTTPConnectionPool(host='127.0.0.1', port=5001): Max retries exceeded with url: /add_order (Caused by ConnectTimeoutError(<HTTPConnection(host='127.0.0.1', port=5001) at 0x147103819d0>, 'Connection to 127.0.0.1 timed out. (connect timeout=2.0)'))",False,,False,none,2.015673,Complete Service Failure
2026-08-22 18:32:52.312,4.1,TC04-batch-20260822T182655-4efa0a,TC04-20260822T183148503958-run5-776244,TC04,complete_service_failure,5,workload,28,v41-TC04-5-28-50c727aa,0.2,SERVICE_UNAVAILABLE,SERVICE_UNAVAILABLE,True,failed,failed,,,not_attempted,False,,,2.000976,"ConnectTimeout: HTTPConnectionPool(host='127.0.0.1', port=5001): Max retries exceeded with url: /add_order (Caused by ConnectTimeoutError(<HTTPConnection(host='127.0.0.1', port=5001) at 0x14710380f30>, 'Connection to 127.0.0.1 timed out. (connect timeout=2.0)'))",False,,False,none,2.001021,Complete Service Failure
2026-08-22 18:32:54.519,4.1,TC04-batch-20260822T182655-4efa0a,TC04-20260822T183148503958-run5-776244,TC04,complete_service_failure,5,workload,29,v41-TC04-5-29-6544e121,0.2,SERVICE_UNAVAILABLE,SERVICE_UNAVAILABLE,True,failed,failed,,,not_attempted,False,,,2.003352,"ConnectTimeout: HTTPConnectionPool(host='127.0.0.1', port=5001): Max retries exceeded with url: /add_order (Caused by ConnectTimeoutError(<HTTPConnection(host='127.0.0.1', port=5001) at 0x1471046aad0>, 'Connection to 127.0.0.1 timed out. (connect timeout=2.0)'))",False,,False,none,2.003401,Complete Service Failure
2026-08-22 18:32:56.733,4.1,TC04-batch-20260822T182655-4efa0a,TC04-20260822T183148503958-run5-776244,TC04,complete_service_failure,5,workload,30,v41-TC04-5-30-876e3d21,0.2,SERVICE_UNAVAILABLE,SERVICE_UNAVAILABLE,True,failed,failed,,,not_attempted,False,,,2.01184,"ConnectTimeout: HTTPConnectionPool(host='127.0.0.1', port=5001): Max retries exceeded with url: /add_order (Caused by ConnectTimeoutError(<HTTPConnection(host='127.0.0.1', port=5001) at 0x1471046b790>, 'Connection to 127.0.0.1 timed out. (connect timeout=2.0)'))",False,,False,none,2.011885,Complete Service Failure
2026-08-22 18:33:03.156,4.1,TC04-batch-20260822T182655-4efa0a,TC04-20260822T183259113814-run6-7690cd,TC04,complete_service_failure,6,workload,1,v41-TC04-6-1-4a91cf25,0.2,NORMAL,SERVICE_UNAVAILABLE,True,failed,failed,,2.006152,"ConnectTimeout: HTTPConnectionPool(host='127.0.0.1', port=5000): Max retries exceeded with url: /add_order (Caused by ConnectTimeoutError(<HTTPConnection(host='127.0.0.1', port=5000) at 0x147103809e0>, 'Connection to 127.0.0.1 timed out. (connect timeout=2.0)'))",True,2.006152,,2.014644,"ConnectTimeout: HTTPConnectionPool(host='127.0.0.1', port=5001): Max retries exceeded with url: /add_order (Caused by ConnectTimeoutError(<HTTPConnection(host='127.0.0.1', port=5001) at 0x14710383240>, 'Connection to 127.0.0.1 timed out. (connect timeout=2.0)'))",True,,False,none,4.02088,Complete Service Failure
2026-08-22 18:33:05.375,4.1,TC04-batch-20260822T182655-4efa0a,TC04-20260822T183259113814-run6-7690cd,TC04,complete_service_failure,6,workload,2,v41-TC04-6-2-e0fa3002,0.2,SERVICE_UNAVAILABLE,SERVICE_UNAVAILABLE,True,failed,failed,,,not_attempted,False,,,2.015663,"ConnectTimeout: HTTPConnectionPool(host='127.0.0.1', port=5001): Max retries exceeded with url: /add_order (Caused by ConnectTimeoutError(<HTTPConnection(host='127.0.0.1', port=5001) at 0x1471046b460>, 'Connection to 127.0.0.1 timed out. (connect timeout=2.0)'))",False,,False,none,2.01571,Complete Service Failure
2026-08-22 18:33:07.578,4.1,TC04-batch-20260822T182655-4efa0a,TC04-20260822T183259113814-run6-7690cd,TC04,complete_service_failure,6,workload,3,v41-TC04-6-3-775ac3e2,0.2,SERVICE_UNAVAILABLE,SERVICE_UNAVAILABLE,True,failed,failed,,,not_attempted,False,,,2.000473,"ConnectTimeout: HTTPConnectionPool(host='127.0.0.1', port=5001): Max retries exceeded with url: /add_order (Caused by ConnectTimeoutError(<HTTPConnection(host='127.0.0.1', port=5001) at 0x14710382360>, 'Connection to 127.0.0.1 timed out. (connect timeout=2.0)'))",False,,False,none,2.000534,Complete Service Failure
2026-08-22 18:33:09.797,4.1,TC04-batch-20260822T182655-4efa0a,TC04-20260822T183259113814-run6-7690cd,TC04,complete_service_failure,6,workload,4,v41-TC04-6-4-cf1e0e21,0.2,SERVICE_UNAVAILABLE,SERVICE_UNAVAILABLE,True,failed,failed,,,not_attempted,False,,,2.01624,"ConnectTimeout: HTTPConnectionPool(host='127.0.0.1', port=5001): Max retries exceeded with url: /add_order (Caused by ConnectTimeoutError(<HTTPConnection(host='127.0.0.1', port=5001) at 0x14710382140>, 'Connection to 127.0.0.1 timed out. (connect timeout=2.0)'))",False,,False,none,2.016286,Complete Service Failure
2026-08-22 18:33:12.015,4.1,TC04-batch-20260822T182655-4efa0a,TC04-20260822T183259113814-run6-7690cd,TC04,complete_service_failure,6,workload,5,v41-TC04-6-5-a0145899,0.2,SERVICE_UNAVAILABLE,SERVICE_UNAVAILABLE,True,failed,failed,,,not_attempted,False,,,2.015004,"ConnectTimeout: HTTPConnectionPool(host='127.0.0.1', port=5001): Max retries exceeded with url: /add_order (Caused by ConnectTimeoutError(<HTTPConnection(host='127.0.0.1', port=5001) at 0x1471046b570>, 'Connection to 127.0.0.1 timed out. (connect timeout=2.0)'))",False,,False,none,2.015051,Complete Service Failure
2026-08-22 18:33:14.218,4.1,TC04-batch-20260822T182655-4efa0a,TC04-20260822T183259113814-run6-7690cd,TC04,complete_service_failure,6,workload,6,v41-TC04-6-6-d83502ef,0.2,SERVICE_UNAVAILABLE,SERVICE_UNAVAILABLE,True,failed,failed,,,not_attempted,False,,,2.001026,"ConnectTimeout: HTTPConnectionPool(host='127.0.0.1', port=5001): Max retries exceeded with url: /add_order (Caused by ConnectTimeoutError(<HTTPConnection(host='127.0.0.1', port=5001) at 0x1471046a8b0>, 'Connection to 127.0.0.1 timed out. (connect timeout=2.0)'))",False,,False,none,2.001072,Complete Service Failure
2026-08-22 18:33:16.437,4.1,TC04-batch-20260822T182655-4efa0a,TC04-20260822T183259113814-run6-7690cd,TC04,complete_service_failure,6,workload,7,v41-TC04-6-7-bc7a75b4,0.2,SERVICE_UNAVAILABLE,SERVICE_UNAVAILABLE,True,failed,failed,,,not_attempted,False,,,2.016142,"ConnectTimeout: HTTPConnectionPool(host='127.0.0.1', port=5001): Max retries exceeded with url: /add_order (Caused by ConnectTimeoutError(<HTTPConnection(host='127.0.0.1', port=5001) at 0x147103808d0>, 'Connection to 127.0.0.1 timed out. (connect timeout=2.0)'))",False,,False,none,2.016182,Complete Service Failure
2026-08-22 18:33:18.660,4.1,TC04-batch-20260822T182655-4efa0a,TC04-20260822T183259113814-run6-7690cd,TC04,complete_service_failure,6,workload,8,v41-TC04-6-8-62b7f35f,0.2,SERVICE_UNAVAILABLE,SERVICE_UNAVAILABLE,True,failed,failed,,,not_attempted,False,,,2.020933,"ConnectTimeout: HTTPConnectionPool(host='127.0.0.1', port=5001): Max retries exceeded with url: /add_order (Caused by ConnectTimeoutError(<HTTPConnection(host='127.0.0.1', port=5001) at 0x14710380380>, 'Connection to 127.0.0.1 timed out. (connect timeout=2.0)'))",False,,False,none,2.020977,Complete Service Failure
2026-08-22 18:33:20.875,4.1,TC04-batch-20260822T182655-4efa0a,TC04-20260822T183259113814-run6-7690cd,TC04,complete_service_failure,6,workload,9,v41-TC04-6-9-8c3fa137,0.2,SERVICE_UNAVAILABLE,SERVICE_UNAVAILABLE,True,failed,failed,,,not_attempted,False,,,2.011757,"ConnectTimeout: HTTPConnectionPool(host='127.0.0.1', port=5001): Max retries exceeded with url: /add_order (Caused by ConnectTimeoutError(<HTTPConnection(host='127.0.0.1', port=5001) at 0x1471046b680>, 'Connection to 127.0.0.1 timed out. (connect timeout=2.0)'))",False,,False,none,2.011803,Complete Service Failure
2026-08-22 18:33:23.093,4.1,TC04-batch-20260822T182655-4efa0a,TC04-20260822T183259113814-run6-7690cd,TC04,complete_service_failure,6,workload,10,v41-TC04-6-10-17bb8d1d,0.2,SERVICE_UNAVAILABLE,SERVICE_UNAVAILABLE,True,failed,failed,,,not_attempted,False,,,2.015775,"ConnectTimeout: HTTPConnectionPool(host='127.0.0.1', port=5001): Max retries exceeded with url: /add_order (Caused by ConnectTimeoutError(<HTTPConnection(host='127.0.0.1', port=5001) at 0x1471046bf00>, 'Connection to 127.0.0.1 timed out. (connect timeout=2.0)'))",False,,False,none,2.01582,Complete Service Failure
2026-08-22 18:33:25.312,4.1,TC04-batch-20260822T182655-4efa0a,TC04-20260822T183259113814-run6-7690cd,TC04,complete_service_failure,6,workload,11,v41-TC04-6-11-6dff1982,0.2,SERVICE_UNAVAILABLE,SERVICE_UNAVAILABLE,True,failed,failed,,,not_attempted,False,,,2.015744,"ConnectTimeout: HTTPConnectionPool(host='127.0.0.1', port=5001): Max retries exceeded with url: /add_order (Caused by ConnectTimeoutError(<HTTPConnection(host='127.0.0.1', port=5001) at 0x14710381040>, 'Connection to 127.0.0.1 timed out. (connect timeout=2.0)'))",False,,False,none,2.015789,Complete Service Failure
2026-08-22 18:33:27.531,4.1,TC04-batch-20260822T182655-4efa0a,TC04-20260822T183259113814-run6-7690cd,TC04,complete_service_failure,6,workload,12,v41-TC04-6-12-400596da,0.2,SERVICE_UNAVAILABLE,SERVICE_UNAVAILABLE,True,failed,failed,,,not_attempted,False,,,2.016692,"ConnectTimeout: HTTPConnectionPool(host='127.0.0.1', port=5001): Max retries exceeded with url: /add_order (Caused by ConnectTimeoutError(<HTTPConnection(host='127.0.0.1', port=5001) at 0x147103816a0>, 'Connection to 127.0.0.1 timed out. (connect timeout=2.0)'))",False,,False,none,2.016721,Complete Service Failure
2026-08-22 18:33:29.734,4.1,TC04-batch-20260822T182655-4efa0a,TC04-20260822T183259113814-run6-7690cd,TC04,complete_service_failure,6,workload,13,v41-TC04-6-13-7932bad7,0.2,SERVICE_UNAVAILABLE,SERVICE_UNAVAILABLE,True,failed,failed,,,not_attempted,False,,,2.001631,"ConnectTimeout: HTTPConnectionPool(host='127.0.0.1', port=5001): Max retries exceeded with url: /add_order (Caused by ConnectTimeoutError(<HTTPConnection(host='127.0.0.1', port=5001) at 0x1471046abe0>, 'Connection to 127.0.0.1 timed out. (connect timeout=2.0)'))",False,,False,none,2.001676,Complete Service Failure
2026-08-22 18:33:31.953,4.1,TC04-batch-20260822T182655-4efa0a,TC04-20260822T183259113814-run6-7690cd,TC04,complete_service_failure,6,workload,14,v41-TC04-6-14-3abc8a2f,0.2,SERVICE_UNAVAILABLE,SERVICE_UNAVAILABLE,True,failed,failed,,,not_attempted,False,,,2.016276,"ConnectTimeout: HTTPConnectionPool(host='127.0.0.1', port=5001): Max retries exceeded with url: /add_order (Caused by ConnectTimeoutError(<HTTPConnection(host='127.0.0.1', port=5001) at 0x1471046bce0>, 'Connection to 127.0.0.1 timed out. (connect timeout=2.0)'))",False,,False,none,2.016319,Complete Service Failure
2026-08-22 18:33:34.172,4.1,TC04-batch-20260822T182655-4efa0a,TC04-20260822T183259113814-run6-7690cd,TC04,complete_service_failure,6,workload,15,v41-TC04-6-15-1b0028c7,0.2,SERVICE_UNAVAILABLE,SERVICE_UNAVAILABLE,True,failed,failed,,,not_attempted,False,,,2.012884,"ConnectTimeout: HTTPConnectionPool(host='127.0.0.1', port=5001): Max retries exceeded with url: /add_order (Caused by ConnectTimeoutError(<HTTPConnection(host='127.0.0.1', port=5001) at 0x14710381bf0>, 'Connection to 127.0.0.1 timed out. (connect timeout=2.0)'))",False,,False,none,2.012931,Complete Service Failure
2026-08-22 18:33:36.390,4.1,TC04-batch-20260822T182655-4efa0a,TC04-20260822T183259113814-run6-7690cd,TC04,complete_service_failure,6,workload,16,v41-TC04-6-16-b887482d,0.2,SERVICE_UNAVAILABLE,SERVICE_UNAVAILABLE,True,failed,failed,,,not_attempted,False,,,2.015824,"ConnectTimeout: HTTPConnectionPool(host='127.0.0.1', port=5001): Max retries exceeded with url: /add_order (Caused by ConnectTimeoutError(<HTTPConnection(host='127.0.0.1', port=5001) at 0x14710380160>, 'Connection to 127.0.0.1 timed out. (connect timeout=2.0)'))",False,,False,none,2.015873,Complete Service Failure
2026-08-22 18:33:38.608,4.1,TC04-batch-20260822T182655-4efa0a,TC04-20260822T183259113814-run6-7690cd,TC04,complete_service_failure,6,workload,17,v41-TC04-6-17-cf558230,0.2,SERVICE_UNAVAILABLE,SERVICE_UNAVAILABLE,True,failed,failed,,,not_attempted,False,,,2.014836,"ConnectTimeout: HTTPConnectionPool(host='127.0.0.1', port=5001): Max retries exceeded with url: /add_order (Caused by ConnectTimeoutError(<HTTPConnection(host='127.0.0.1', port=5001) at 0x1471046bbd0>, 'Connection to 127.0.0.1 timed out. (connect timeout=2.0)'))",False,,False,none,2.014884,Complete Service Failure
2026-08-22 18:33:40.812,4.1,TC04-batch-20260822T182655-4efa0a,TC04-20260822T183259113814-run6-7690cd,TC04,complete_service_failure,6,workload,18,v41-TC04-6-18-010a16b0,0.2,SERVICE_UNAVAILABLE,SERVICE_UNAVAILABLE,True,failed,failed,,,not_attempted,False,,,2.001927,"ConnectTimeout: HTTPConnectionPool(host='127.0.0.1', port=5001): Max retries exceeded with url: /add_order (Caused by ConnectTimeoutError(<HTTPConnection(host='127.0.0.1', port=5001) at 0x14710381590>, 'Connection to 127.0.0.1 timed out. (connect timeout=2.0)'))",False,,False,none,2.001971,Complete Service Failure
2026-08-22 18:33:43.031,4.1,TC04-batch-20260822T182655-4efa0a,TC04-20260822T183259113814-run6-7690cd,TC04,complete_service_failure,6,workload,19,v41-TC04-6-19-14fd6ca2,0.2,SERVICE_UNAVAILABLE,SERVICE_UNAVAILABLE,True,failed,failed,,,not_attempted,False,,,2.015795,"ConnectTimeout: HTTPConnectionPool(host='127.0.0.1', port=5001): Max retries exceeded with url: /add_order (Caused by ConnectTimeoutError(<HTTPConnection(host='127.0.0.1', port=5001) at 0x14710383130>, 'Connection to 127.0.0.1 timed out. (connect timeout=2.0)'))",False,,False,none,2.01584,Complete Service Failure
2026-08-22 18:33:45.234,4.1,TC04-batch-20260822T182655-4efa0a,TC04-20260822T183259113814-run6-7690cd,TC04,complete_service_failure,6,workload,20,v41-TC04-6-20-0fedd3a5,0.2,SERVICE_UNAVAILABLE,SERVICE_UNAVAILABLE,True,failed,failed,,,not_attempted,False,,,2.000717,"ConnectTimeout: HTTPConnectionPool(host='127.0.0.1', port=5001): Max retries exceeded with url: /add_order (Caused by ConnectTimeoutError(<HTTPConnection(host='127.0.0.1', port=5001) at 0x14710382f10>, 'Connection to 127.0.0.1 timed out. (connect timeout=2.0)'))",False,,False,none,2.000762,Complete Service Failure
2026-08-22 18:33:47.452,4.1,TC04-batch-20260822T182655-4efa0a,TC04-20260822T183259113814-run6-7690cd,TC04,complete_service_failure,6,workload,21,v41-TC04-6-21-8f89af04,0.2,SERVICE_UNAVAILABLE,SERVICE_UNAVAILABLE,True,failed,failed,,,not_attempted,False,,,2.014841,"ConnectTimeout: HTTPConnectionPool(host='127.0.0.1', port=5001): Max retries exceeded with url: /add_order (Caused by ConnectTimeoutError(<HTTPConnection(host='127.0.0.1', port=5001) at 0x1471046b240>, 'Connection to 127.0.0.1 timed out. (connect timeout=2.0)'))",False,,False,none,2.014906,Complete Service Failure
2026-08-22 18:33:49.656,4.1,TC04-batch-20260822T182655-4efa0a,TC04-20260822T183259113814-run6-7690cd,TC04,complete_service_failure,6,workload,22,v41-TC04-6-22-80d67b2a,0.2,SERVICE_UNAVAILABLE,SERVICE_UNAVAILABLE,True,failed,failed,,,not_attempted,False,,,2.001632,"ConnectTimeout: HTTPConnectionPool(host='127.0.0.1', port=5001): Max retries exceeded with url: /add_order (Caused by ConnectTimeoutError(<HTTPConnection(host='127.0.0.1', port=5001) at 0x1471046bdf0>, 'Connection to 127.0.0.1 timed out. (connect timeout=2.0)'))",False,,False,none,2.001681,Complete Service Failure
2026-08-22 18:33:51.874,4.1,TC04-batch-20260822T182655-4efa0a,TC04-20260822T183259113814-run6-7690cd,TC04,complete_service_failure,6,workload,23,v41-TC04-6-23-15087aa0,0.2,SERVICE_UNAVAILABLE,SERVICE_UNAVAILABLE,True,failed,failed,,,not_attempted,False,,,2.015109,"ConnectTimeout: HTTPConnectionPool(host='127.0.0.1', port=5001): Max retries exceeded with url: /add_order (Caused by ConnectTimeoutError(<HTTPConnection(host='127.0.0.1', port=5001) at 0x14710382e00>, 'Connection to 127.0.0.1 timed out. (connect timeout=2.0)'))",False,,False,none,2.015153,Complete Service Failure
2026-08-22 18:33:54.078,4.1,TC04-batch-20260822T182655-4efa0a,TC04-20260822T183259113814-run6-7690cd,TC04,complete_service_failure,6,workload,24,v41-TC04-6-24-157a0488,0.2,SERVICE_UNAVAILABLE,SERVICE_UNAVAILABLE,True,failed,failed,,,not_attempted,False,,,2.000742,"ConnectTimeout: HTTPConnectionPool(host='127.0.0.1', port=5001): Max retries exceeded with url: /add_order (Caused by ConnectTimeoutError(<HTTPConnection(host='127.0.0.1', port=5001) at 0x14710382690>, 'Connection to 127.0.0.1 timed out. (connect timeout=2.0)'))",False,,False,none,2.000787,Complete Service Failure
2026-08-22 18:33:56.297,4.1,TC04-batch-20260822T182655-4efa0a,TC04-20260822T183259113814-run6-7690cd,TC04,complete_service_failure,6,workload,25,v41-TC04-6-25-4c674bd5,0.2,SERVICE_UNAVAILABLE,SERVICE_UNAVAILABLE,True,failed,failed,,,not_attempted,False,,,2.01568,"ConnectTimeout: HTTPConnectionPool(host='127.0.0.1', port=5001): Max retries exceeded with url: /add_order (Caused by ConnectTimeoutError(<HTTPConnection(host='127.0.0.1', port=5001) at 0x1471046abe0>, 'Connection to 127.0.0.1 timed out. (connect timeout=2.0)'))",False,,False,none,2.015731,Complete Service Failure
2026-08-22 18:33:58.509,4.1,TC04-batch-20260822T182655-4efa0a,TC04-20260822T183259113814-run6-7690cd,TC04,complete_service_failure,6,workload,26,v41-TC04-6-26-9721ae0f,0.2,SERVICE_UNAVAILABLE,SERVICE_UNAVAILABLE,True,failed,failed,,,not_attempted,False,,,2.009828,"ConnectTimeout: HTTPConnectionPool(host='127.0.0.1', port=5001): Max retries exceeded with url: /add_order (Caused by ConnectTimeoutError(<HTTPConnection(host='127.0.0.1', port=5001) at 0x14710381bf0>, 'Connection to 127.0.0.1 timed out. (connect timeout=2.0)'))",False,,False,none,2.009877,Complete Service Failure
2026-08-22 18:34:00.719,4.1,TC04-batch-20260822T182655-4efa0a,TC04-20260822T183259113814-run6-7690cd,TC04,complete_service_failure,6,workload,27,v41-TC04-6-27-da94e3b4,0.2,SERVICE_UNAVAILABLE,SERVICE_UNAVAILABLE,True,failed,failed,,,not_attempted,False,,,2.006414,"ConnectTimeout: HTTPConnectionPool(host='127.0.0.1', port=5001): Max retries exceeded with url: /add_order (Caused by ConnectTimeoutError(<HTTPConnection(host='127.0.0.1', port=5001) at 0x14710382e00>, 'Connection to 127.0.0.1 timed out. (connect timeout=2.0)'))",False,,False,none,2.006478,Complete Service Failure
2026-08-22 18:34:02.937,4.1,TC04-batch-20260822T182655-4efa0a,TC04-20260822T183259113814-run6-7690cd,TC04,complete_service_failure,6,workload,28,v41-TC04-6-28-4c3dab49,0.2,SERVICE_UNAVAILABLE,SERVICE_UNAVAILABLE,True,failed,failed,,,not_attempted,False,,,2.015672,"ConnectTimeout: HTTPConnectionPool(host='127.0.0.1', port=5001): Max retries exceeded with url: /add_order (Caused by ConnectTimeoutError(<HTTPConnection(host='127.0.0.1', port=5001) at 0x147103816a0>, 'Connection to 127.0.0.1 timed out. (connect timeout=2.0)'))",False,,False,none,2.015717,Complete Service Failure
2026-08-22 18:34:05.156,4.1,TC04-batch-20260822T182655-4efa0a,TC04-20260822T183259113814-run6-7690cd,TC04,complete_service_failure,6,workload,29,v41-TC04-6-29-47af1436,0.2,SERVICE_UNAVAILABLE,SERVICE_UNAVAILABLE,True,failed,failed,,,not_attempted,False,,,2.016326,"ConnectTimeout: HTTPConnectionPool(host='127.0.0.1', port=5001): Max retries exceeded with url: /add_order (Caused by ConnectTimeoutError(<HTTPConnection(host='127.0.0.1', port=5001) at 0x1471046bbd0>, 'Connection to 127.0.0.1 timed out. (connect timeout=2.0)'))",False,,False,none,2.016374,Complete Service Failure
2026-08-22 18:34:07.359,4.1,TC04-batch-20260822T182655-4efa0a,TC04-20260822T183259113814-run6-7690cd,TC04,complete_service_failure,6,workload,30,v41-TC04-6-30-b355fbcb,0.2,SERVICE_UNAVAILABLE,SERVICE_UNAVAILABLE,True,failed,failed,,,not_attempted,False,,,2.00041,"ConnectTimeout: HTTPConnectionPool(host='127.0.0.1', port=5001): Max retries exceeded with url: /add_order (Caused by ConnectTimeoutError(<HTTPConnection(host='127.0.0.1', port=5001) at 0x1471046b790>, 'Connection to 127.0.0.1 timed out. (connect timeout=2.0)'))",False,,False,none,2.000464,Complete Service Failure
2026-08-22 18:34:13.781,4.1,TC04-batch-20260822T182655-4efa0a,TC04-20260822T183409742043-run7-4d6668,TC04,complete_service_failure,7,workload,1,v41-TC04-7-1-7a44e369,0.2,NORMAL,SERVICE_UNAVAILABLE,True,failed,failed,,2.002738,"ConnectTimeout: HTTPConnectionPool(host='127.0.0.1', port=5000): Max retries exceeded with url: /add_order (Caused by ConnectTimeoutError(<HTTPConnection(host='127.0.0.1', port=5000) at 0x14710381370>, 'Connection to 127.0.0.1 timed out. (connect timeout=2.0)'))",True,2.002738,,2.015058,"ConnectTimeout: HTTPConnectionPool(host='127.0.0.1', port=5001): Max retries exceeded with url: /add_order (Caused by ConnectTimeoutError(<HTTPConnection(host='127.0.0.1', port=5001) at 0x1471046a7a0>, 'Connection to 127.0.0.1 timed out. (connect timeout=2.0)'))",True,,False,none,4.017878,Complete Service Failure
2026-08-22 18:34:15.999,4.1,TC04-batch-20260822T182655-4efa0a,TC04-20260822T183409742043-run7-4d6668,TC04,complete_service_failure,7,workload,2,v41-TC04-7-2-10db06c7,0.2,SERVICE_UNAVAILABLE,SERVICE_UNAVAILABLE,True,failed,failed,,,not_attempted,False,,,2.016031,"ConnectTimeout: HTTPConnectionPool(host='127.0.0.1', port=5001): Max retries exceeded with url: /add_order (Caused by ConnectTimeoutError(<HTTPConnection(host='127.0.0.1', port=5001) at 0x14710383020>, 'Connection to 127.0.0.1 timed out. (connect timeout=2.0)'))",False,,False,none,2.016075,Complete Service Failure
2026-08-22 18:34:18.218,4.1,TC04-batch-20260822T182655-4efa0a,TC04-20260822T183409742043-run7-4d6668,TC04,complete_service_failure,7,workload,3,v41-TC04-7-3-a89b683e,0.2,SERVICE_UNAVAILABLE,SERVICE_UNAVAILABLE,True,failed,failed,,,not_attempted,False,,,2.016079,"ConnectTimeout: HTTPConnectionPool(host='127.0.0.1', port=5001): Max retries exceeded with url: /add_order (Caused by ConnectTimeoutError(<HTTPConnection(host='127.0.0.1', port=5001) at 0x14710382cf0>, 'Connection to 127.0.0.1 timed out. (connect timeout=2.0)'))",False,,False,none,2.016141,Complete Service Failure
2026-08-22 18:34:20.437,4.1,TC04-batch-20260822T182655-4efa0a,TC04-20260822T183409742043-run7-4d6668,TC04,complete_service_failure,7,workload,4,v41-TC04-7-4-ab40caeb,0.2,SERVICE_UNAVAILABLE,SERVICE_UNAVAILABLE,True,failed,failed,,,not_attempted,False,,,2.01585,"ConnectTimeout: HTTPConnectionPool(host='127.0.0.1', port=5001): Max retries exceeded with url: /add_order (Caused by ConnectTimeoutError(<HTTPConnection(host='127.0.0.1', port=5001) at 0x14710381e10>, 'Connection to 127.0.0.1 timed out. (connect timeout=2.0)'))",False,,False,none,2.015897,Complete Service Failure
2026-08-22 18:34:22.655,4.1,TC04-batch-20260822T182655-4efa0a,TC04-20260822T183409742043-run7-4d6668,TC04,complete_service_failure,7,workload,5,v41-TC04-7-5-e704d582,0.2,SERVICE_UNAVAILABLE,SERVICE_UNAVAILABLE,True,failed,failed,,,not_attempted,False,,,2.010224,"ConnectTimeout: HTTPConnectionPool(host='127.0.0.1', port=5001): Max retries exceeded with url: /add_order (Caused by ConnectTimeoutError(<HTTPConnection(host='127.0.0.1', port=5001) at 0x1471046b8a0>, 'Connection to 127.0.0.1 timed out. (connect timeout=2.0)'))",False,,False,none,2.010271,Complete Service Failure
2026-08-22 18:34:24.859,4.1,TC04-batch-20260822T182655-4efa0a,TC04-20260822T183409742043-run7-4d6668,TC04,complete_service_failure,7,workload,6,v41-TC04-7-6-bbfbd84a,0.2,SERVICE_UNAVAILABLE,SERVICE_UNAVAILABLE,True,failed,failed,,,not_attempted,False,,,2.000618,"ConnectTimeout: HTTPConnectionPool(host='127.0.0.1', port=5001): Max retries exceeded with url: /add_order (Caused by ConnectTimeoutError(<HTTPConnection(host='127.0.0.1', port=5001) at 0x14710383680>, 'Connection to 127.0.0.1 timed out. (connect timeout=2.0)'))",False,,False,none,2.000664,Complete Service Failure
2026-08-22 18:34:27.077,4.1,TC04-batch-20260822T182655-4efa0a,TC04-20260822T183409742043-run7-4d6668,TC04,complete_service_failure,7,workload,7,v41-TC04-7-7-1170c375,0.2,SERVICE_UNAVAILABLE,SERVICE_UNAVAILABLE,True,failed,failed,,,not_attempted,False,,,2.015736,"ConnectTimeout: HTTPConnectionPool(host='127.0.0.1', port=5001): Max retries exceeded with url: /add_order (Caused by ConnectTimeoutError(<HTTPConnection(host='127.0.0.1', port=5001) at 0x14710383130>, 'Connection to 127.0.0.1 timed out. (connect timeout=2.0)'))",False,,False,none,2.015782,Complete Service Failure
2026-08-22 18:34:29.281,4.1,TC04-batch-20260822T182655-4efa0a,TC04-20260822T183409742043-run7-4d6668,TC04,complete_service_failure,7,workload,8,v41-TC04-7-8-d5dbe652,0.2,SERVICE_UNAVAILABLE,SERVICE_UNAVAILABLE,True,failed,failed,,,not_attempted,False,,,2.00112,"ConnectTimeout: HTTPConnectionPool(host='127.0.0.1', port=5001): Max retries exceeded with url: /add_order (Caused by ConnectTimeoutError(<HTTPConnection(host='127.0.0.1', port=5001) at 0x14710381590>, 'Connection to 127.0.0.1 timed out. (connect timeout=2.0)'))",False,,False,none,2.001176,Complete Service Failure
2026-08-22 18:34:31.499,4.1,TC04-batch-20260822T182655-4efa0a,TC04-20260822T183409742043-run7-4d6668,TC04,complete_service_failure,7,workload,9,v41-TC04-7-9-49b863b6,0.2,SERVICE_UNAVAILABLE,SERVICE_UNAVAILABLE,True,failed,failed,,,not_attempted,False,,,2.014564,"ConnectTimeout: HTTPConnectionPool(host='127.0.0.1', port=5001): Max retries exceeded with url: /add_order (Caused by ConnectTimeoutError(<HTTPConnection(host='127.0.0.1', port=5001) at 0x1471046bdf0>, 'Connection to 127.0.0.1 timed out. (connect timeout=2.0)'))",False,,False,none,2.0146,Complete Service Failure
2026-08-22 18:34:33.703,4.1,TC04-batch-20260822T182655-4efa0a,TC04-20260822T183409742043-run7-4d6668,TC04,complete_service_failure,7,workload,10,v41-TC04-7-10-8854e7f0,0.2,SERVICE_UNAVAILABLE,SERVICE_UNAVAILABLE,True,failed,failed,,,not_attempted,False,,,2.001542,"ConnectTimeout: HTTPConnectionPool(host='127.0.0.1', port=5001): Max retries exceeded with url: /add_order (Caused by ConnectTimeoutError(<HTTPConnection(host='127.0.0.1', port=5001) at 0x14710383240>, 'Connection to 127.0.0.1 timed out. (connect timeout=2.0)'))",False,,False,none,2.001586,Complete Service Failure
2026-08-22 18:34:35.922,4.1,TC04-batch-20260822T182655-4efa0a,TC04-20260822T183409742043-run7-4d6668,TC04,complete_service_failure,7,workload,11,v41-TC04-7-11-52d0a8aa,0.2,SERVICE_UNAVAILABLE,SERVICE_UNAVAILABLE,True,failed,failed,,,not_attempted,False,,,2.016112,"ConnectTimeout: HTTPConnectionPool(host='127.0.0.1', port=5001): Max retries exceeded with url: /add_order (Caused by ConnectTimeoutError(<HTTPConnection(host='127.0.0.1', port=5001) at 0x147103808d0>, 'Connection to 127.0.0.1 timed out. (connect timeout=2.0)'))",False,,False,none,2.016156,Complete Service Failure
2026-08-22 18:34:38.140,4.1,TC04-batch-20260822T182655-4efa0a,TC04-20260822T183409742043-run7-4d6668,TC04,complete_service_failure,7,workload,12,v41-TC04-7-12-5c5dff06,0.2,SERVICE_UNAVAILABLE,SERVICE_UNAVAILABLE,True,failed,failed,,,not_attempted,False,,,2.015804,"ConnectTimeout: HTTPConnectionPool(host='127.0.0.1', port=5001): Max retries exceeded with url: /add_order (Caused by ConnectTimeoutError(<HTTPConnection(host='127.0.0.1', port=5001) at 0x14710380f30>, 'Connection to 127.0.0.1 timed out. (connect timeout=2.0)'))",False,,False,none,2.01585,Complete Service Failure
2026-08-22 18:34:40.359,4.1,TC04-batch-20260822T182655-4efa0a,TC04-20260822T183409742043-run7-4d6668,TC04,complete_service_failure,7,workload,13,v41-TC04-7-13-83931579,0.2,SERVICE_UNAVAILABLE,SERVICE_UNAVAILABLE,True,failed,failed,,,not_attempted,False,,,2.016323,"ConnectTimeout: HTTPConnectionPool(host='127.0.0.1', port=5001): Max retries exceeded with url: /add_order (Caused by ConnectTimeoutError(<HTTPConnection(host='127.0.0.1', port=5001) at 0x1471046abe0>, 'Connection to 127.0.0.1 timed out. (connect timeout=2.0)'))",False,,False,none,2.016389,Complete Service Failure
2026-08-22 18:34:42.578,4.1,TC04-batch-20260822T182655-4efa0a,TC04-20260822T183409742043-run7-4d6668,TC04,complete_service_failure,7,workload,14,v41-TC04-7-14-ba44726a,0.2,SERVICE_UNAVAILABLE,SERVICE_UNAVAILABLE,True,failed,failed,,,not_attempted,False,,,2.015514,"ConnectTimeout: HTTPConnectionPool(host='127.0.0.1', port=5001): Max retries exceeded with url: /add_order (Caused by ConnectTimeoutError(<HTTPConnection(host='127.0.0.1', port=5001) at 0x14710382140>, 'Connection to 127.0.0.1 timed out. (connect timeout=2.0)'))",False,,False,none,2.015556,Complete Service Failure
2026-08-22 18:34:44.796,4.1,TC04-batch-20260822T182655-4efa0a,TC04-20260822T183409742043-run7-4d6668,TC04,complete_service_failure,7,workload,15,v41-TC04-7-15-fc5febfd,0.2,SERVICE_UNAVAILABLE,SERVICE_UNAVAILABLE,True,failed,failed,,,not_attempted,False,,,2.015763,"ConnectTimeout: HTTPConnectionPool(host='127.0.0.1', port=5001): Max retries exceeded with url: /add_order (Caused by ConnectTimeoutError(<HTTPConnection(host='127.0.0.1', port=5001) at 0x14710381d00>, 'Connection to 127.0.0.1 timed out. (connect timeout=2.0)'))",False,,False,none,2.015807,Complete Service Failure
2026-08-22 18:34:47.015,4.1,TC04-batch-20260822T182655-4efa0a,TC04-20260822T183409742043-run7-4d6668,TC04,complete_service_failure,7,workload,16,v41-TC04-7-16-1d0d8bfd,0.2,SERVICE_UNAVAILABLE,SERVICE_UNAVAILABLE,True,failed,failed,,,not_attempted,False,,,2.015988,"ConnectTimeout: HTTPConnectionPool(host='127.0.0.1', port=5001): Max retries exceeded with url: /add_order (Caused by ConnectTimeoutError(<HTTPConnection(host='127.0.0.1', port=5001) at 0x147103829c0>, 'Connection to 127.0.0.1 timed out. (connect timeout=2.0)'))",False,,False,none,2.016033,Complete Service Failure
2026-08-22 18:34:49.218,4.1,TC04-batch-20260822T182655-4efa0a,TC04-20260822T183409742043-run7-4d6668,TC04,complete_service_failure,7,workload,17,v41-TC04-7-17-8528389e,0.2,SERVICE_UNAVAILABLE,SERVICE_UNAVAILABLE,True,failed,failed,,,not_attempted,False,,,2.000482,"ConnectTimeout: HTTPConnectionPool(host='127.0.0.1', port=5001): Max retries exceeded with url: /add_order (Caused by ConnectTimeoutError(<HTTPConnection(host='127.0.0.1', port=5001) at 0x1471046b680>, 'Connection to 127.0.0.1 timed out. (connect timeout=2.0)'))",False,,False,none,2.000526,Complete Service Failure
2026-08-22 18:34:51.437,4.1,TC04-batch-20260822T182655-4efa0a,TC04-20260822T183409742043-run7-4d6668,TC04,complete_service_failure,7,workload,18,v41-TC04-7-18-a04ea4df,0.2,SERVICE_UNAVAILABLE,SERVICE_UNAVAILABLE,True,failed,failed,,,not_attempted,False,,,2.015657,"ConnectTimeout: HTTPConnectionPool(host='127.0.0.1', port=5001): Max retries exceeded with url: /add_order (Caused by ConnectTimeoutError(<HTTPConnection(host='127.0.0.1', port=5001) at 0x147103828b0>, 'Connection to 127.0.0.1 timed out. (connect timeout=2.0)'))",False,,False,none,2.015701,Complete Service Failure
2026-08-22 18:34:53.655,4.1,TC04-batch-20260822T182655-4efa0a,TC04-20260822T183409742043-run7-4d6668,TC04,complete_service_failure,7,workload,19,v41-TC04-7-19-cb62b22f,0.2,SERVICE_UNAVAILABLE,SERVICE_UNAVAILABLE,True,failed,failed,,,not_attempted,False,,,2.015774,"ConnectTimeout: HTTPConnectionPool(host='127.0.0.1', port=5001): Max retries exceeded with url: /add_order (Caused by ConnectTimeoutError(<HTTPConnection(host='127.0.0.1', port=5001) at 0x14710381040>, 'Connection to 127.0.0.1 timed out. (connect timeout=2.0)'))",False,,False,none,2.015823,Complete Service Failure
2026-08-22 18:34:55.875,4.1,TC04-batch-20260822T182655-4efa0a,TC04-20260822T183409742043-run7-4d6668,TC04,complete_service_failure,7,workload,20,v41-TC04-7-20-160532a8,0.2,SERVICE_UNAVAILABLE,SERVICE_UNAVAILABLE,True,failed,failed,,,not_attempted,False,,,2.016449,"ConnectTimeout: HTTPConnectionPool(host='127.0.0.1', port=5001): Max retries exceeded with url: /add_order (Caused by ConnectTimeoutError(<HTTPConnection(host='127.0.0.1', port=5001) at 0x14710380f30>, 'Connection to 127.0.0.1 timed out. (connect timeout=2.0)'))",False,,False,none,2.016498,Complete Service Failure
2026-08-22 18:34:58.093,4.1,TC04-batch-20260822T182655-4efa0a,TC04-20260822T183409742043-run7-4d6668,TC04,complete_service_failure,7,workload,21,v41-TC04-7-21-60ea9096,0.2,SERVICE_UNAVAILABLE,SERVICE_UNAVAILABLE,True,failed,failed,,,not_attempted,False,,,2.015752,"ConnectTimeout: HTTPConnectionPool(host='127.0.0.1', port=5001): Max retries exceeded with url: /add_order (Caused by ConnectTimeoutError(<HTTPConnection(host='127.0.0.1', port=5001) at 0x1471046b130>, 'Connection to 127.0.0.1 timed out. (connect timeout=2.0)'))",False,,False,none,2.015798,Complete Service Failure
2026-08-22 18:35:00.311,4.1,TC04-batch-20260822T182655-4efa0a,TC04-20260822T183409742043-run7-4d6668,TC04,complete_service_failure,7,workload,22,v41-TC04-7-22-12ef8b12,0.2,SERVICE_UNAVAILABLE,SERVICE_UNAVAILABLE,True,failed,failed,,,not_attempted,False,,,2.015836,"ConnectTimeout: HTTPConnectionPool(host='127.0.0.1', port=5001): Max retries exceeded with url: /add_order (Caused by ConnectTimeoutError(<HTTPConnection(host='127.0.0.1', port=5001) at 0x14710382cf0>, 'Connection to 127.0.0.1 timed out. (connect timeout=2.0)'))",False,,False,none,2.015885,Complete Service Failure
2026-08-22 18:35:02.529,4.1,TC04-batch-20260822T182655-4efa0a,TC04-20260822T183409742043-run7-4d6668,TC04,complete_service_failure,7,workload,23,v41-TC04-7-23-0a282bd6,0.2,SERVICE_UNAVAILABLE,SERVICE_UNAVAILABLE,True,failed,failed,,,not_attempted,False,,,2.014122,"ConnectTimeout: HTTPConnectionPool(host='127.0.0.1', port=5001): Max retries exceeded with url: /add_order (Caused by ConnectTimeoutError(<HTTPConnection(host='127.0.0.1', port=5001) at 0x147103828b0>, 'Connection to 127.0.0.1 timed out. (connect timeout=2.0)'))",False,,False,none,2.014168,Complete Service Failure
2026-08-22 18:35:04.750,4.1,TC04-batch-20260822T182655-4efa0a,TC04-20260822T183409742043-run7-4d6668,TC04,complete_service_failure,7,workload,24,v41-TC04-7-24-ac8a4650,0.2,SERVICE_UNAVAILABLE,SERVICE_UNAVAILABLE,True,failed,failed,,,not_attempted,False,,,2.018508,"ConnectTimeout: HTTPConnectionPool(host='127.0.0.1', port=5001): Max retries exceeded with url: /add_order (Caused by ConnectTimeoutError(<HTTPConnection(host='127.0.0.1', port=5001) at 0x14710380050>, 'Connection to 127.0.0.1 timed out. (connect timeout=2.0)'))",False,,False,none,2.018554,Complete Service Failure
2026-08-22 18:35:06.954,4.1,TC04-batch-20260822T182655-4efa0a,TC04-20260822T183409742043-run7-4d6668,TC04,complete_service_failure,7,workload,25,v41-TC04-7-25-a34029bb,0.2,SERVICE_UNAVAILABLE,SERVICE_UNAVAILABLE,True,failed,failed,,,not_attempted,False,,,2.001688,"ConnectTimeout: HTTPConnectionPool(host='127.0.0.1', port=5001): Max retries exceeded with url: /add_order (Caused by ConnectTimeoutError(<HTTPConnection(host='127.0.0.1', port=5001) at 0x1471046b790>, 'Connection to 127.0.0.1 timed out. (connect timeout=2.0)'))",False,,False,none,2.001736,Complete Service Failure
2026-08-22 18:35:09.172,4.1,TC04-batch-20260822T182655-4efa0a,TC04-20260822T183409742043-run7-4d6668,TC04,complete_service_failure,7,workload,26,v41-TC04-7-26-ad762c92,0.2,SERVICE_UNAVAILABLE,SERVICE_UNAVAILABLE,True,failed,failed,,,not_attempted,False,,,2.015107,"ConnectTimeout: HTTPConnectionPool(host='127.0.0.1', port=5001): Max retries exceeded with url: /add_order (Caused by ConnectTimeoutError(<HTTPConnection(host='127.0.0.1', port=5001) at 0x147103809e0>, 'Connection to 127.0.0.1 timed out. (connect timeout=2.0)'))",False,,False,none,2.015152,Complete Service Failure
2026-08-22 18:35:11.391,4.1,TC04-batch-20260822T182655-4efa0a,TC04-20260822T183409742043-run7-4d6668,TC04,complete_service_failure,7,workload,27,v41-TC04-7-27-55d96c3f,0.2,SERVICE_UNAVAILABLE,SERVICE_UNAVAILABLE,True,failed,failed,,,not_attempted,False,,,2.015918,"ConnectTimeout: HTTPConnectionPool(host='127.0.0.1', port=5001): Max retries exceeded with url: /add_order (Caused by ConnectTimeoutError(<HTTPConnection(host='127.0.0.1', port=5001) at 0x14710381260>, 'Connection to 127.0.0.1 timed out. (connect timeout=2.0)'))",False,,False,none,2.015964,Complete Service Failure
2026-08-22 18:35:13.609,4.1,TC04-batch-20260822T182655-4efa0a,TC04-20260822T183409742043-run7-4d6668,TC04,complete_service_failure,7,workload,28,v41-TC04-7-28-9d2888c8,0.2,SERVICE_UNAVAILABLE,SERVICE_UNAVAILABLE,True,failed,failed,,,not_attempted,False,,,2.015755,"ConnectTimeout: HTTPConnectionPool(host='127.0.0.1', port=5001): Max retries exceeded with url: /add_order (Caused by ConnectTimeoutError(<HTTPConnection(host='127.0.0.1', port=5001) at 0x147103829c0>, 'Connection to 127.0.0.1 timed out. (connect timeout=2.0)'))",False,,False,none,2.015802,Complete Service Failure
2026-08-22 18:35:15.828,4.1,TC04-batch-20260822T182655-4efa0a,TC04-20260822T183409742043-run7-4d6668,TC04,complete_service_failure,7,workload,29,v41-TC04-7-29-37432da6,0.2,SERVICE_UNAVAILABLE,SERVICE_UNAVAILABLE,True,failed,failed,,,not_attempted,False,,,2.015776,"ConnectTimeout: HTTPConnectionPool(host='127.0.0.1', port=5001): Max retries exceeded with url: /add_order (Caused by ConnectTimeoutError(<HTTPConnection(host='127.0.0.1', port=5001) at 0x1471046aad0>, 'Connection to 127.0.0.1 timed out. (connect timeout=2.0)'))",False,,False,none,2.015845,Complete Service Failure
2026-08-22 18:35:18.046,4.1,TC04-batch-20260822T182655-4efa0a,TC04-20260822T183409742043-run7-4d6668,TC04,complete_service_failure,7,workload,30,v41-TC04-7-30-d7a09410,0.2,SERVICE_UNAVAILABLE,SERVICE_UNAVAILABLE,True,failed,failed,,,not_attempted,False,,,2.014212,"ConnectTimeout: HTTPConnectionPool(host='127.0.0.1', port=5001): Max retries exceeded with url: /add_order (Caused by ConnectTimeoutError(<HTTPConnection(host='127.0.0.1', port=5001) at 0x14710380e20>, 'Connection to 127.0.0.1 timed out. (connect timeout=2.0)'))",False,,False,none,2.014256,Complete Service Failure
2026-08-22 18:35:24.471,4.1,TC04-batch-20260822T182655-4efa0a,TC04-20260822T183520443440-run8-1c8d5b,TC04,complete_service_failure,8,workload,1,v41-TC04-8-1-5f230b49,0.2,NORMAL,SERVICE_UNAVAILABLE,True,failed,failed,,1.998643,"ConnectTimeout: HTTPConnectionPool(host='127.0.0.1', port=5000): Max retries exceeded with url: /add_order (Caused by ConnectTimeoutError(<HTTPConnection(host='127.0.0.1', port=5000) at 0x14710380e20>, 'Connection to 127.0.0.1 timed out. (connect timeout=2.0)'))",True,1.998643,,2.012318,"ConnectTimeout: HTTPConnectionPool(host='127.0.0.1', port=5001): Max retries exceeded with url: /add_order (Caused by ConnectTimeoutError(<HTTPConnection(host='127.0.0.1', port=5001) at 0x14710383130>, 'Connection to 127.0.0.1 timed out. (connect timeout=2.0)'))",True,,False,none,4.011028,Complete Service Failure
2026-08-22 18:35:26.687,4.1,TC04-batch-20260822T182655-4efa0a,TC04-20260822T183520443440-run8-1c8d5b,TC04,complete_service_failure,8,workload,2,v41-TC04-8-2-ce0416ca,0.2,SERVICE_UNAVAILABLE,SERVICE_UNAVAILABLE,True,failed,failed,,,not_attempted,False,,,2.013443,"ConnectTimeout: HTTPConnectionPool(host='127.0.0.1', port=5001): Max retries exceeded with url: /add_order (Caused by ConnectTimeoutError(<HTTPConnection(host='127.0.0.1', port=5001) at 0x14710383240>, 'Connection to 127.0.0.1 timed out. (connect timeout=2.0)'))",False,,False,none,2.013488,Complete Service Failure
2026-08-22 18:35:28.891,4.1,TC04-batch-20260822T182655-4efa0a,TC04-20260822T183520443440-run8-1c8d5b,TC04,complete_service_failure,8,workload,3,v41-TC04-8-3-05aa6593,0.2,SERVICE_UNAVAILABLE,SERVICE_UNAVAILABLE,True,failed,failed,,,not_attempted,False,,,2.000799,"ConnectTimeout: HTTPConnectionPool(host='127.0.0.1', port=5001): Max retries exceeded with url: /add_order (Caused by ConnectTimeoutError(<HTTPConnection(host='127.0.0.1', port=5001) at 0x1471046a7a0>, 'Connection to 127.0.0.1 timed out. (connect timeout=2.0)'))",False,,False,none,2.000865,Complete Service Failure
2026-08-22 18:35:31.109,4.1,TC04-batch-20260822T182655-4efa0a,TC04-20260822T183520443440-run8-1c8d5b,TC04,complete_service_failure,8,workload,4,v41-TC04-8-4-ee7f4647,0.2,SERVICE_UNAVAILABLE,SERVICE_UNAVAILABLE,True,failed,failed,,,not_attempted,False,,,2.015052,"ConnectTimeout: HTTPConnectionPool(host='127.0.0.1', port=5001): Max retries exceeded with url: /add_order (Caused by ConnectTimeoutError(<HTTPConnection(host='127.0.0.1', port=5001) at 0x1471046b350>, 'Connection to 127.0.0.1 timed out. (connect timeout=2.0)'))",False,,False,none,2.015094,Complete Service Failure
2026-08-22 18:35:33.312,4.1,TC04-batch-20260822T182655-4efa0a,TC04-20260822T183520443440-run8-1c8d5b,TC04,complete_service_failure,8,workload,5,v41-TC04-8-5-960b6baa,0.2,SERVICE_UNAVAILABLE,SERVICE_UNAVAILABLE,True,failed,failed,,,not_attempted,False,,,2.001103,"ConnectTimeout: HTTPConnectionPool(host='127.0.0.1', port=5001): Max retries exceeded with url: /add_order (Caused by ConnectTimeoutError(<HTTPConnection(host='127.0.0.1', port=5001) at 0x14710382250>, 'Connection to 127.0.0.1 timed out. (connect timeout=2.0)'))",False,,False,none,2.00115,Complete Service Failure
2026-08-22 18:35:35.530,4.1,TC04-batch-20260822T182655-4efa0a,TC04-20260822T183520443440-run8-1c8d5b,TC04,complete_service_failure,8,workload,6,v41-TC04-8-6-7d15fe3b,0.2,SERVICE_UNAVAILABLE,SERVICE_UNAVAILABLE,True,failed,failed,,,not_attempted,False,,,2.015336,"ConnectTimeout: HTTPConnectionPool(host='127.0.0.1', port=5001): Max retries exceeded with url: /add_order (Caused by ConnectTimeoutError(<HTTPConnection(host='127.0.0.1', port=5001) at 0x14710381040>, 'Connection to 127.0.0.1 timed out. (connect timeout=2.0)'))",False,,False,none,2.01537,Complete Service Failure
2026-08-22 18:35:37.735,4.1,TC04-batch-20260822T182655-4efa0a,TC04-20260822T183520443440-run8-1c8d5b,TC04,complete_service_failure,8,workload,7,v41-TC04-8-7-eedcf889,0.2,SERVICE_UNAVAILABLE,SERVICE_UNAVAILABLE,True,failed,failed,,,not_attempted,False,,,2.002336,"ConnectTimeout: HTTPConnectionPool(host='127.0.0.1', port=5001): Max retries exceeded with url: /add_order (Caused by ConnectTimeoutError(<HTTPConnection(host='127.0.0.1', port=5001) at 0x1471046a7a0>, 'Connection to 127.0.0.1 timed out. (connect timeout=2.0)'))",False,,False,none,2.002381,Complete Service Failure
2026-08-22 18:35:39.954,4.1,TC04-batch-20260822T182655-4efa0a,TC04-20260822T183520443440-run8-1c8d5b,TC04,complete_service_failure,8,workload,8,v41-TC04-8-8-14d15863,0.2,SERVICE_UNAVAILABLE,SERVICE_UNAVAILABLE,True,failed,failed,,,not_attempted,False,,,2.016747,"ConnectTimeout: HTTPConnectionPool(host='127.0.0.1', port=5001): Max retries exceeded with url: /add_order (Caused by ConnectTimeoutError(<HTTPConnection(host='127.0.0.1', port=5001) at 0x1471046bdf0>, 'Connection to 127.0.0.1 timed out. (connect timeout=2.0)'))",False,,False,none,2.01679,Complete Service Failure
2026-08-22 18:35:42.172,4.1,TC04-batch-20260822T182655-4efa0a,TC04-20260822T183520443440-run8-1c8d5b,TC04,complete_service_failure,8,workload,9,v41-TC04-8-9-15f1d322,0.2,SERVICE_UNAVAILABLE,SERVICE_UNAVAILABLE,True,failed,failed,,,not_attempted,False,,,2.01226,"ConnectTimeout: HTTPConnectionPool(host='127.0.0.1', port=5001): Max retries exceeded with url: /add_order (Caused by ConnectTimeoutError(<HTTPConnection(host='127.0.0.1', port=5001) at 0x14710382470>, 'Connection to 127.0.0.1 timed out. (connect timeout=2.0)'))",False,,False,none,2.012305,Complete Service Failure
2026-08-22 18:35:44.390,4.1,TC04-batch-20260822T182655-4efa0a,TC04-20260822T183520443440-run8-1c8d5b,TC04,complete_service_failure,8,workload,10,v41-TC04-8-10-71c9701c,0.2,SERVICE_UNAVAILABLE,SERVICE_UNAVAILABLE,True,failed,failed,,,not_attempted,False,,,2.015814,"ConnectTimeout: HTTPConnectionPool(host='127.0.0.1', port=5001): Max retries exceeded with url: /add_order (Caused by ConnectTimeoutError(<HTTPConnection(host='127.0.0.1', port=5001) at 0x147103807c0>, 'Connection to 127.0.0.1 timed out. (connect timeout=2.0)'))",False,,False,none,2.015858,Complete Service Failure
2026-08-22 18:35:46.609,4.1,TC04-batch-20260822T182655-4efa0a,TC04-20260822T183520443440-run8-1c8d5b,TC04,complete_service_failure,8,workload,11,v41-TC04-8-11-3a794a76,0.2,SERVICE_UNAVAILABLE,SERVICE_UNAVAILABLE,True,failed,failed,,,not_attempted,False,,,2.01563,"ConnectTimeout: HTTPConnectionPool(host='127.0.0.1', port=5001): Max retries exceeded with url: /add_order (Caused by ConnectTimeoutError(<HTTPConnection(host='127.0.0.1', port=5001) at 0x1471046b240>, 'Connection to 127.0.0.1 timed out. (connect timeout=2.0)'))",False,,False,none,2.015676,Complete Service Failure
2026-08-22 18:35:48.813,4.1,TC04-batch-20260822T182655-4efa0a,TC04-20260822T183520443440-run8-1c8d5b,TC04,complete_service_failure,8,workload,12,v41-TC04-8-12-e09daefd,0.2,SERVICE_UNAVAILABLE,SERVICE_UNAVAILABLE,True,failed,failed,,,not_attempted,False,,,2.000926,"ConnectTimeout: HTTPConnectionPool(host='127.0.0.1', port=5001): Max retries exceeded with url: /add_order (Caused by ConnectTimeoutError(<HTTPConnection(host='127.0.0.1', port=5001) at 0x14710382690>, 'Connection to 127.0.0.1 timed out. (connect timeout=2.0)'))",False,,False,none,2.000971,Complete Service Failure
2026-08-22 18:35:51.031,4.1,TC04-batch-20260822T182655-4efa0a,TC04-20260822T183520443440-run8-1c8d5b,TC04,complete_service_failure,8,workload,13,v41-TC04-8-13-c2525084,0.2,SERVICE_UNAVAILABLE,SERVICE_UNAVAILABLE,True,failed,failed,,,not_attempted,False,,,2.015273,"ConnectTimeout: HTTPConnectionPool(host='127.0.0.1', port=5001): Max retries exceeded with url: /add_order (Caused by ConnectTimeoutError(<HTTPConnection(host='127.0.0.1', port=5001) at 0x147103819d0>, 'Connection to 127.0.0.1 timed out. (connect timeout=2.0)'))",False,,False,none,2.01532,Complete Service Failure
2026-08-22 18:35:53.253,4.1,TC04-batch-20260822T182655-4efa0a,TC04-20260822T183520443440-run8-1c8d5b,TC04,complete_service_failure,8,workload,14,v41-TC04-8-14-d7f0017e,0.2,SERVICE_UNAVAILABLE,SERVICE_UNAVAILABLE,True,failed,failed,,,not_attempted,False,,,2.019896,"ConnectTimeout: HTTPConnectionPool(host='127.0.0.1', port=5001): Max retries exceeded with url: /add_order (Caused by ConnectTimeoutError(<HTTPConnection(host='127.0.0.1', port=5001) at 0x147103817b0>, 'Connection to 127.0.0.1 timed out. (connect timeout=2.0)'))",False,,False,none,2.01994,Complete Service Failure
2026-08-22 18:35:55.468,4.1,TC04-batch-20260822T182655-4efa0a,TC04-20260822T183520443440-run8-1c8d5b,TC04,complete_service_failure,8,workload,15,v41-TC04-8-15-d738b994,0.2,SERVICE_UNAVAILABLE,SERVICE_UNAVAILABLE,True,failed,failed,,,not_attempted,False,,,2.011621,"ConnectTimeout: HTTPConnectionPool(host='127.0.0.1', port=5001): Max retries exceeded with url: /add_order (Caused by ConnectTimeoutError(<HTTPConnection(host='127.0.0.1', port=5001) at 0x1471046b130>, 'Connection to 127.0.0.1 timed out. (connect timeout=2.0)'))",False,,False,none,2.011668,Complete Service Failure
2026-08-22 18:35:57.685,4.1,TC04-batch-20260822T182655-4efa0a,TC04-20260822T183520443440-run8-1c8d5b,TC04,complete_service_failure,8,workload,16,v41-TC04-8-16-3aa1f3c9,0.2,SERVICE_UNAVAILABLE,SERVICE_UNAVAILABLE,True,failed,failed,,,not_attempted,False,,,2.014624,"ConnectTimeout: HTTPConnectionPool(host='127.0.0.1', port=5001): Max retries exceeded with url: /add_order (Caused by ConnectTimeoutError(<HTTPConnection(host='127.0.0.1', port=5001) at 0x1471046a7a0>, 'Connection to 127.0.0.1 timed out. (connect timeout=2.0)'))",False,,False,none,2.01467,Complete Service Failure
2026-08-22 18:35:59.890,4.1,TC04-batch-20260822T182655-4efa0a,TC04-20260822T183520443440-run8-1c8d5b,TC04,complete_service_failure,8,workload,17,v41-TC04-8-17-8c2a312e,0.2,SERVICE_UNAVAILABLE,SERVICE_UNAVAILABLE,True,failed,failed,,,not_attempted,False,,,2.001959,"ConnectTimeout: HTTPConnectionPool(host='127.0.0.1', port=5001): Max retries exceeded with url: /add_order (Caused by ConnectTimeoutError(<HTTPConnection(host='127.0.0.1', port=5001) at 0x14710381260>, 'Connection to 127.0.0.1 timed out. (connect timeout=2.0)'))",False,,False,none,2.002005,Complete Service Failure
2026-08-22 18:36:02.094,4.1,TC04-batch-20260822T182655-4efa0a,TC04-20260822T183520443440-run8-1c8d5b,TC04,complete_service_failure,8,workload,18,v41-TC04-8-18-dd72ca7d,0.2,SERVICE_UNAVAILABLE,SERVICE_UNAVAILABLE,True,failed,failed,,,not_attempted,False,,,2.001858,"ConnectTimeout: HTTPConnectionPool(host='127.0.0.1', port=5001): Max retries exceeded with url: /add_order (Caused by ConnectTimeoutError(<HTTPConnection(host='127.0.0.1', port=5001) at 0x14710382470>, 'Connection to 127.0.0.1 timed out. (connect timeout=2.0)'))",False,,False,none,2.001902,Complete Service Failure
2026-08-22 18:36:04.312,4.1,TC04-batch-20260822T182655-4efa0a,TC04-20260822T183520443440-run8-1c8d5b,TC04,complete_service_failure,8,workload,19,v41-TC04-8-19-859424b8,0.2,SERVICE_UNAVAILABLE,SERVICE_UNAVAILABLE,True,failed,failed,,,not_attempted,False,,,2.014419,"ConnectTimeout: HTTPConnectionPool(host='127.0.0.1', port=5001): Max retries exceeded with url: /add_order (Caused by ConnectTimeoutError(<HTTPConnection(host='127.0.0.1', port=5001) at 0x1471046bf00>, 'Connection to 127.0.0.1 timed out. (connect timeout=2.0)'))",False,,False,none,2.014463,Complete Service Failure
2026-08-22 18:36:06.520,4.1,TC04-batch-20260822T182655-4efa0a,TC04-20260822T183520443440-run8-1c8d5b,TC04,complete_service_failure,8,workload,20,v41-TC04-8-20-b930358b,0.2,SERVICE_UNAVAILABLE,SERVICE_UNAVAILABLE,True,failed,failed,,,not_attempted,False,,,2.00517,"ConnectTimeout: HTTPConnectionPool(host='127.0.0.1', port=5001): Max retries exceeded with url: /add_order (Caused by ConnectTimeoutError(<HTTPConnection(host='127.0.0.1', port=5001) at 0x14710383020>, 'Connection to 127.0.0.1 timed out. (connect timeout=2.0)'))",False,,False,none,2.005216,Complete Service Failure
2026-08-22 18:36:08.735,4.1,TC04-batch-20260822T182655-4efa0a,TC04-20260822T183520443440-run8-1c8d5b,TC04,complete_service_failure,8,workload,21,v41-TC04-8-21-22ee0dfa,0.2,SERVICE_UNAVAILABLE,SERVICE_UNAVAILABLE,True,failed,failed,,,not_attempted,False,,,2.012648,"ConnectTimeout: HTTPConnectionPool(host='127.0.0.1', port=5001): Max retries exceeded with url: /add_order (Caused by ConnectTimeoutError(<HTTPConnection(host='127.0.0.1', port=5001) at 0x14710380f30>, 'Connection to 127.0.0.1 timed out. (connect timeout=2.0)'))",False,,False,none,2.01272,Complete Service Failure
2026-08-22 18:36:10.953,4.1,TC04-batch-20260822T182655-4efa0a,TC04-20260822T183520443440-run8-1c8d5b,TC04,complete_service_failure,8,workload,22,v41-TC04-8-22-200f4b74,0.2,SERVICE_UNAVAILABLE,SERVICE_UNAVAILABLE,True,failed,failed,,,not_attempted,False,,,2.015081,"ConnectTimeout: HTTPConnectionPool(host='127.0.0.1', port=5001): Max retries exceeded with url: /add_order (Caused by ConnectTimeoutError(<HTTPConnection(host='127.0.0.1', port=5001) at 0x14710382580>, 'Connection to 127.0.0.1 timed out. (connect timeout=2.0)'))",False,,False,none,2.015128,Complete Service Failure
2026-08-22 18:36:13.156,4.1,TC04-batch-20260822T182655-4efa0a,TC04-20260822T183520443440-run8-1c8d5b,TC04,complete_service_failure,8,workload,23,v41-TC04-8-23-67f45a9a,0.2,SERVICE_UNAVAILABLE,SERVICE_UNAVAILABLE,True,failed,failed,,,not_attempted,False,,,2.000583,"ConnectTimeout: HTTPConnectionPool(host='127.0.0.1', port=5001): Max retries exceeded with url: /add_order (Caused by ConnectTimeoutError(<HTTPConnection(host='127.0.0.1', port=5001) at 0x1471046a9c0>, 'Connection to 127.0.0.1 timed out. (connect timeout=2.0)'))",False,,False,none,2.000629,Complete Service Failure
2026-08-22 18:36:15.374,4.1,TC04-batch-20260822T182655-4efa0a,TC04-20260822T183520443440-run8-1c8d5b,TC04,complete_service_failure,8,workload,24,v41-TC04-8-24-20526120,0.2,SERVICE_UNAVAILABLE,SERVICE_UNAVAILABLE,True,failed,failed,,,not_attempted,False,,,2.014905,"ConnectTimeout: HTTPConnectionPool(host='127.0.0.1', port=5001): Max retries exceeded with url: /add_order (Caused by ConnectTimeoutError(<HTTPConnection(host='127.0.0.1', port=5001) at 0x1471046b9b0>, 'Connection to 127.0.0.1 timed out. (connect timeout=2.0)'))",False,,False,none,2.01495,Complete Service Failure
2026-08-22 18:36:17.578,4.1,TC04-batch-20260822T182655-4efa0a,TC04-20260822T183520443440-run8-1c8d5b,TC04,complete_service_failure,8,workload,25,v41-TC04-8-25-8b874561,0.2,SERVICE_UNAVAILABLE,SERVICE_UNAVAILABLE,True,failed,failed,,,not_attempted,False,,,2.00079,"ConnectTimeout: HTTPConnectionPool(host='127.0.0.1', port=5001): Max retries exceeded with url: /add_order (Caused by ConnectTimeoutError(<HTTPConnection(host='127.0.0.1', port=5001) at 0x147103818c0>, 'Connection to 127.0.0.1 timed out. (connect timeout=2.0)'))",False,,False,none,2.000837,Complete Service Failure
2026-08-22 18:36:19.796,4.1,TC04-batch-20260822T182655-4efa0a,TC04-20260822T183520443440-run8-1c8d5b,TC04,complete_service_failure,8,workload,26,v41-TC04-8-26-96692150,0.2,SERVICE_UNAVAILABLE,SERVICE_UNAVAILABLE,True,failed,failed,,,not_attempted,False,,,2.015425,"ConnectTimeout: HTTPConnectionPool(host='127.0.0.1', port=5001): Max retries exceeded with url: /add_order (Caused by ConnectTimeoutError(<HTTPConnection(host='127.0.0.1', port=5001) at 0x14710381150>, 'Connection to 127.0.0.1 timed out. (connect timeout=2.0)'))",False,,False,none,2.015491,Complete Service Failure
2026-08-22 18:36:22.000,4.1,TC04-batch-20260822T182655-4efa0a,TC04-20260822T183520443440-run8-1c8d5b,TC04,complete_service_failure,8,workload,27,v41-TC04-8-27-c350b4e9,0.2,SERVICE_UNAVAILABLE,SERVICE_UNAVAILABLE,True,failed,failed,,,not_attempted,False,,,2.000997,"ConnectTimeout: HTTPConnectionPool(host='127.0.0.1', port=5001): Max retries exceeded with url: /add_order (Caused by ConnectTimeoutError(<HTTPConnection(host='127.0.0.1', port=5001) at 0x1471046b790>, 'Connection to 127.0.0.1 timed out. (connect timeout=2.0)'))",False,,False,none,2.001044,Complete Service Failure
2026-08-22 18:36:24.218,4.1,TC04-batch-20260822T182655-4efa0a,TC04-20260822T183520443440-run8-1c8d5b,TC04,complete_service_failure,8,workload,28,v41-TC04-8-28-c30da8d1,0.2,SERVICE_UNAVAILABLE,SERVICE_UNAVAILABLE,True,failed,failed,,,not_attempted,False,,,2.014707,"ConnectTimeout: HTTPConnectionPool(host='127.0.0.1', port=5001): Max retries exceeded with url: /add_order (Caused by ConnectTimeoutError(<HTTPConnection(host='127.0.0.1', port=5001) at 0x1471046aad0>, 'Connection to 127.0.0.1 timed out. (connect timeout=2.0)'))",False,,False,none,2.014753,Complete Service Failure
2026-08-22 18:36:26.436,4.1,TC04-batch-20260822T182655-4efa0a,TC04-20260822T183520443440-run8-1c8d5b,TC04,complete_service_failure,8,workload,29,v41-TC04-8-29-8ef592cf,0.2,SERVICE_UNAVAILABLE,SERVICE_UNAVAILABLE,True,failed,failed,,,not_attempted,False,,,2.014364,"ConnectTimeout: HTTPConnectionPool(host='127.0.0.1', port=5001): Max retries exceeded with url: /add_order (Caused by ConnectTimeoutError(<HTTPConnection(host='127.0.0.1', port=5001) at 0x14710383020>, 'Connection to 127.0.0.1 timed out. (connect timeout=2.0)'))",False,,False,none,2.014412,Complete Service Failure
2026-08-22 18:36:28.655,4.1,TC04-batch-20260822T182655-4efa0a,TC04-20260822T183520443440-run8-1c8d5b,TC04,complete_service_failure,8,workload,30,v41-TC04-8-30-5fccf23f,0.2,SERVICE_UNAVAILABLE,SERVICE_UNAVAILABLE,True,failed,failed,,,not_attempted,False,,,2.016845,"ConnectTimeout: HTTPConnectionPool(host='127.0.0.1', port=5001): Max retries exceeded with url: /add_order (Caused by ConnectTimeoutError(<HTTPConnection(host='127.0.0.1', port=5001) at 0x147103809e0>, 'Connection to 127.0.0.1 timed out. (connect timeout=2.0)'))",False,,False,none,2.016891,Complete Service Failure
2026-08-22 18:36:35.062,4.1,TC04-batch-20260822T182655-4efa0a,TC04-20260822T183631034284-run9-a35395,TC04,complete_service_failure,9,workload,1,v41-TC04-9-1-d85baec0,0.2,NORMAL,SERVICE_UNAVAILABLE,True,failed,failed,,2.005892,"ConnectTimeout: HTTPConnectionPool(host='127.0.0.1', port=5000): Max retries exceeded with url: /add_order (Caused by ConnectTimeoutError(<HTTPConnection(host='127.0.0.1', port=5000) at 0x147103806b0>, 'Connection to 127.0.0.1 timed out. (connect timeout=2.0)'))",True,2.005892,,2.000541,"ConnectTimeout: HTTPConnectionPool(host='127.0.0.1', port=5001): Max retries exceeded with url: /add_order (Caused by ConnectTimeoutError(<HTTPConnection(host='127.0.0.1', port=5001) at 0x14710383460>, 'Connection to 127.0.0.1 timed out. (connect timeout=2.0)'))",True,,False,none,4.006522,Complete Service Failure
2026-08-22 18:36:37.296,4.1,TC04-batch-20260822T182655-4efa0a,TC04-20260822T183631034284-run9-a35395,TC04,complete_service_failure,9,workload,2,v41-TC04-9-2-808a643c,0.2,SERVICE_UNAVAILABLE,SERVICE_UNAVAILABLE,True,failed,failed,,,not_attempted,False,,,2.030955,"ConnectTimeout: HTTPConnectionPool(host='127.0.0.1', port=5001): Max retries exceeded with url: /add_order (Caused by ConnectTimeoutError(<HTTPConnection(host='127.0.0.1', port=5001) at 0x14710381150>, 'Connection to 127.0.0.1 timed out. (connect timeout=2.0)'))",False,,False,none,2.031001,Complete Service Failure
2026-08-22 18:36:39.500,4.1,TC04-batch-20260822T182655-4efa0a,TC04-20260822T183631034284-run9-a35395,TC04,complete_service_failure,9,workload,3,v41-TC04-9-3-7e0f9099,0.2,SERVICE_UNAVAILABLE,SERVICE_UNAVAILABLE,True,failed,failed,,,not_attempted,False,,,2.000922,"ConnectTimeout: HTTPConnectionPool(host='127.0.0.1', port=5001): Max retries exceeded with url: /add_order (Caused by ConnectTimeoutError(<HTTPConnection(host='127.0.0.1', port=5001) at 0x1471046b020>, 'Connection to 127.0.0.1 timed out. (connect timeout=2.0)'))",False,,False,none,2.000987,Complete Service Failure
2026-08-22 18:36:41.719,4.1,TC04-batch-20260822T182655-4efa0a,TC04-20260822T183631034284-run9-a35395,TC04,complete_service_failure,9,workload,4,v41-TC04-9-4-f9f39c04,0.2,SERVICE_UNAVAILABLE,SERVICE_UNAVAILABLE,True,failed,failed,,,not_attempted,False,,,2.016026,"ConnectTimeout: HTTPConnectionPool(host='127.0.0.1', port=5001): Max retries exceeded with url: /add_order (Caused by ConnectTimeoutError(<HTTPConnection(host='127.0.0.1', port=5001) at 0x14710383460>, 'Connection to 127.0.0.1 timed out. (connect timeout=2.0)'))",False,,False,none,2.016077,Complete Service Failure
2026-08-22 18:36:43.937,4.1,TC04-batch-20260822T182655-4efa0a,TC04-20260822T183631034284-run9-a35395,TC04,complete_service_failure,9,workload,5,v41-TC04-9-5-be3bf524,0.2,SERVICE_UNAVAILABLE,SERVICE_UNAVAILABLE,True,failed,failed,,,not_attempted,False,,,2.015291,"ConnectTimeout: HTTPConnectionPool(host='127.0.0.1', port=5001): Max retries exceeded with url: /add_order (Caused by ConnectTimeoutError(<HTTPConnection(host='127.0.0.1', port=5001) at 0x147103806b0>, 'Connection to 127.0.0.1 timed out. (connect timeout=2.0)'))",False,,False,none,2.015336,Complete Service Failure
2026-08-22 18:36:46.155,4.1,TC04-batch-20260822T182655-4efa0a,TC04-20260822T183631034284-run9-a35395,TC04,complete_service_failure,9,workload,6,v41-TC04-9-6-73dc8094,0.2,SERVICE_UNAVAILABLE,SERVICE_UNAVAILABLE,True,failed,failed,,,not_attempted,False,,,2.015177,"ConnectTimeout: HTTPConnectionPool(host='127.0.0.1', port=5001): Max retries exceeded with url: /add_order (Caused by ConnectTimeoutError(<HTTPConnection(host='127.0.0.1', port=5001) at 0x14710381590>, 'Connection to 127.0.0.1 timed out. (connect timeout=2.0)'))",False,,False,none,2.015223,Complete Service Failure
2026-08-22 18:36:48.359,4.1,TC04-batch-20260822T182655-4efa0a,TC04-20260822T183631034284-run9-a35395,TC04,complete_service_failure,9,workload,7,v41-TC04-9-7-9bedff87,0.2,SERVICE_UNAVAILABLE,SERVICE_UNAVAILABLE,True,failed,failed,,,not_attempted,False,,,2.000867,"ConnectTimeout: HTTPConnectionPool(host='127.0.0.1', port=5001): Max retries exceeded with url: /add_order (Caused by ConnectTimeoutError(<HTTPConnection(host='127.0.0.1', port=5001) at 0x1471046a8b0>, 'Connection to 127.0.0.1 timed out. (connect timeout=2.0)'))",False,,False,none,2.000913,Complete Service Failure
2026-08-22 18:36:50.576,4.1,TC04-batch-20260822T182655-4efa0a,TC04-20260822T183631034284-run9-a35395,TC04,complete_service_failure,9,workload,8,v41-TC04-9-8-ff8dabfa,0.2,SERVICE_UNAVAILABLE,SERVICE_UNAVAILABLE,True,failed,failed,,,not_attempted,False,,,2.014735,"ConnectTimeout: HTTPConnectionPool(host='127.0.0.1', port=5001): Max retries exceeded with url: /add_order (Caused by ConnectTimeoutError(<HTTPConnection(host='127.0.0.1', port=5001) at 0x14710381040>, 'Connection to 127.0.0.1 timed out. (connect timeout=2.0)'))",False,,False,none,2.01478,Complete Service Failure
2026-08-22 18:36:52.780,4.1,TC04-batch-20260822T182655-4efa0a,TC04-20260822T183631034284-run9-a35395,TC04,complete_service_failure,9,workload,9,v41-TC04-9-9-51de661a,0.2,SERVICE_UNAVAILABLE,SERVICE_UNAVAILABLE,True,failed,failed,,,not_attempted,False,,,2.001188,"ConnectTimeout: HTTPConnectionPool(host='127.0.0.1', port=5001): Max retries exceeded with url: /add_order (Caused by ConnectTimeoutError(<HTTPConnection(host='127.0.0.1', port=5001) at 0x147103829c0>, 'Connection to 127.0.0.1 timed out. (connect timeout=2.0)'))",False,,False,none,2.001233,Complete Service Failure
2026-08-22 18:36:54.984,4.1,TC04-batch-20260822T182655-4efa0a,TC04-20260822T183631034284-run9-a35395,TC04,complete_service_failure,9,workload,10,v41-TC04-9-10-2011c692,0.2,SERVICE_UNAVAILABLE,SERVICE_UNAVAILABLE,True,failed,failed,,,not_attempted,False,,,2.000619,"ConnectTimeout: HTTPConnectionPool(host='127.0.0.1', port=5001): Max retries exceeded with url: /add_order (Caused by ConnectTimeoutError(<HTTPConnection(host='127.0.0.1', port=5001) at 0x14710380d10>, 'Connection to 127.0.0.1 timed out. (connect timeout=2.0)'))",False,,False,none,2.000669,Complete Service Failure
2026-08-22 18:36:57.202,4.1,TC04-batch-20260822T182655-4efa0a,TC04-20260822T183631034284-run9-a35395,TC04,complete_service_failure,9,workload,11,v41-TC04-9-11-4c7afac0,0.2,SERVICE_UNAVAILABLE,SERVICE_UNAVAILABLE,True,failed,failed,,,not_attempted,False,,,2.015383,"ConnectTimeout: HTTPConnectionPool(host='127.0.0.1', port=5001): Max retries exceeded with url: /add_order (Caused by ConnectTimeoutError(<HTTPConnection(host='127.0.0.1', port=5001) at 0x1471046b570>, 'Connection to 127.0.0.1 timed out. (connect timeout=2.0)'))",False,,False,none,2.015431,Complete Service Failure
2026-08-22 18:36:59.421,4.1,TC04-batch-20260822T182655-4efa0a,TC04-20260822T183631034284-run9-a35395,TC04,complete_service_failure,9,workload,12,v41-TC04-9-12-284f0beb,0.2,SERVICE_UNAVAILABLE,SERVICE_UNAVAILABLE,True,failed,failed,,,not_attempted,False,,,2.016123,"ConnectTimeout: HTTPConnectionPool(host='127.0.0.1', port=5001): Max retries exceeded with url: /add_order (Caused by ConnectTimeoutError(<HTTPConnection(host='127.0.0.1', port=5001) at 0x14710382030>, 'Connection to 127.0.0.1 timed out. (connect timeout=2.0)'))",False,,False,none,2.016166,Complete Service Failure
2026-08-22 18:37:01.626,4.1,TC04-batch-20260822T182655-4efa0a,TC04-20260822T183631034284-run9-a35395,TC04,complete_service_failure,9,workload,13,v41-TC04-9-13-48b7f571,0.2,SERVICE_UNAVAILABLE,SERVICE_UNAVAILABLE,True,failed,failed,,,not_attempted,False,,,2.001612,"ConnectTimeout: HTTPConnectionPool(host='127.0.0.1', port=5001): Max retries exceeded with url: /add_order (Caused by ConnectTimeoutError(<HTTPConnection(host='127.0.0.1', port=5001) at 0x14710382cf0>, 'Connection to 127.0.0.1 timed out. (connect timeout=2.0)'))",False,,False,none,2.001659,Complete Service Failure
2026-08-22 18:37:03.843,4.1,TC04-batch-20260822T182655-4efa0a,TC04-20260822T183631034284-run9-a35395,TC04,complete_service_failure,9,workload,14,v41-TC04-9-14-e57907a7,0.2,SERVICE_UNAVAILABLE,SERVICE_UNAVAILABLE,True,failed,failed,,,not_attempted,False,,,2.014716,"ConnectTimeout: HTTPConnectionPool(host='127.0.0.1', port=5001): Max retries exceeded with url: /add_order (Caused by ConnectTimeoutError(<HTTPConnection(host='127.0.0.1', port=5001) at 0x14710381ae0>, 'Connection to 127.0.0.1 timed out. (connect timeout=2.0)'))",False,,False,none,2.01476,Complete Service Failure
2026-08-22 18:37:06.062,4.1,TC04-batch-20260822T182655-4efa0a,TC04-20260822T183631034284-run9-a35395,TC04,complete_service_failure,9,workload,15,v41-TC04-9-15-9955a1af,0.2,SERVICE_UNAVAILABLE,SERVICE_UNAVAILABLE,True,failed,failed,,,not_attempted,False,,,2.015725,"ConnectTimeout: HTTPConnectionPool(host='127.0.0.1', port=5001): Max retries exceeded with url: /add_order (Caused by ConnectTimeoutError(<HTTPConnection(host='127.0.0.1', port=5001) at 0x1471046a690>, 'Connection to 127.0.0.1 timed out. (connect timeout=2.0)'))",False,,False,none,2.015783,Complete Service Failure
2026-08-22 18:37:08.265,4.1,TC04-batch-20260822T182655-4efa0a,TC04-20260822T183631034284-run9-a35395,TC04,complete_service_failure,9,workload,16,v41-TC04-9-16-736d806d,0.2,SERVICE_UNAVAILABLE,SERVICE_UNAVAILABLE,True,failed,failed,,,not_attempted,False,,,2.000954,"ConnectTimeout: HTTPConnectionPool(host='127.0.0.1', port=5001): Max retries exceeded with url: /add_order (Caused by ConnectTimeoutError(<HTTPConnection(host='127.0.0.1', port=5001) at 0x14710380490>, 'Connection to 127.0.0.1 timed out. (connect timeout=2.0)'))",False,,False,none,2.000999,Complete Service Failure
2026-08-22 18:37:10.475,4.1,TC04-batch-20260822T182655-4efa0a,TC04-20260822T183631034284-run9-a35395,TC04,complete_service_failure,9,workload,17,v41-TC04-9-17-70ded7a0,0.2,SERVICE_UNAVAILABLE,SERVICE_UNAVAILABLE,True,failed,failed,,,not_attempted,False,,,2.006723,"ConnectTimeout: HTTPConnectionPool(host='127.0.0.1', port=5001): Max retries exceeded with url: /add_order (Caused by ConnectTimeoutError(<HTTPConnection(host='127.0.0.1', port=5001) at 0x14710383460>, 'Connection to 127.0.0.1 timed out. (connect timeout=2.0)'))",False,,False,none,2.006748,Complete Service Failure
2026-08-22 18:37:12.687,4.1,TC04-batch-20260822T182655-4efa0a,TC04-20260822T183631034284-run9-a35395,TC04,complete_service_failure,9,workload,18,v41-TC04-9-18-8f5cb5f6,0.2,SERVICE_UNAVAILABLE,SERVICE_UNAVAILABLE,True,failed,failed,,,not_attempted,False,,,2.009954,"ConnectTimeout: HTTPConnectionPool(host='127.0.0.1', port=5001): Max retries exceeded with url: /add_order (Caused by ConnectTimeoutError(<HTTPConnection(host='127.0.0.1', port=5001) at 0x147103839b0>, 'Connection to 127.0.0.1 timed out. (connect timeout=2.0)'))",False,,False,none,2.009999,Complete Service Failure
2026-08-22 18:37:14.891,4.1,TC04-batch-20260822T182655-4efa0a,TC04-20260822T183631034284-run9-a35395,TC04,complete_service_failure,9,workload,19,v41-TC04-9-19-61ee5745,0.2,SERVICE_UNAVAILABLE,SERVICE_UNAVAILABLE,True,failed,failed,,,not_attempted,False,,,2.001245,"ConnectTimeout: HTTPConnectionPool(host='127.0.0.1', port=5001): Max retries exceeded with url: /add_order (Caused by ConnectTimeoutError(<HTTPConnection(host='127.0.0.1', port=5001) at 0x1471046bbd0>, 'Connection to 127.0.0.1 timed out. (connect timeout=2.0)'))",False,,False,none,2.001289,Complete Service Failure
2026-08-22 18:37:17.109,4.1,TC04-batch-20260822T182655-4efa0a,TC04-20260822T183631034284-run9-a35395,TC04,complete_service_failure,9,workload,20,v41-TC04-9-20-48271183,0.2,SERVICE_UNAVAILABLE,SERVICE_UNAVAILABLE,True,failed,failed,,,not_attempted,False,,,2.015782,"ConnectTimeout: HTTPConnectionPool(host='127.0.0.1', port=5001): Max retries exceeded with url: /add_order (Caused by ConnectTimeoutError(<HTTPConnection(host='127.0.0.1', port=5001) at 0x14710383680>, 'Connection to 127.0.0.1 timed out. (connect timeout=2.0)'))",False,,False,none,2.015827,Complete Service Failure
2026-08-22 18:37:19.328,4.1,TC04-batch-20260822T182655-4efa0a,TC04-20260822T183631034284-run9-a35395,TC04,complete_service_failure,9,workload,21,v41-TC04-9-21-4acff740,0.2,SERVICE_UNAVAILABLE,SERVICE_UNAVAILABLE,True,failed,failed,,,not_attempted,False,,,2.015738,"ConnectTimeout: HTTPConnectionPool(host='127.0.0.1', port=5001): Max retries exceeded with url: /add_order (Caused by ConnectTimeoutError(<HTTPConnection(host='127.0.0.1', port=5001) at 0x14710380490>, 'Connection to 127.0.0.1 timed out. (connect timeout=2.0)'))",False,,False,none,2.015785,Complete Service Failure
2026-08-22 18:37:21.547,4.1,TC04-batch-20260822T182655-4efa0a,TC04-20260822T183631034284-run9-a35395,TC04,complete_service_failure,9,workload,22,v41-TC04-9-22-83b4b8eb,0.2,SERVICE_UNAVAILABLE,SERVICE_UNAVAILABLE,True,failed,failed,,,not_attempted,False,,,2.015962,"ConnectTimeout: HTTPConnectionPool(host='127.0.0.1', port=5001): Max retries exceeded with url: /add_order (Caused by ConnectTimeoutError(<HTTPConnection(host='127.0.0.1', port=5001) at 0x14710381590>, 'Connection to 127.0.0.1 timed out. (connect timeout=2.0)'))",False,,False,none,2.016005,Complete Service Failure
2026-08-22 18:37:23.765,4.1,TC04-batch-20260822T182655-4efa0a,TC04-20260822T183631034284-run9-a35395,TC04,complete_service_failure,9,workload,23,v41-TC04-9-23-16dcdead,0.2,SERVICE_UNAVAILABLE,SERVICE_UNAVAILABLE,True,failed,failed,,,not_attempted,False,,,2.015255,"ConnectTimeout: HTTPConnectionPool(host='127.0.0.1', port=5001): Max retries exceeded with url: /add_order (Caused by ConnectTimeoutError(<HTTPConnection(host='127.0.0.1', port=5001) at 0x1471046b9b0>, 'Connection to 127.0.0.1 timed out. (connect timeout=2.0)'))",False,,False,none,2.015301,Complete Service Failure
2026-08-22 18:37:25.984,4.1,TC04-batch-20260822T182655-4efa0a,TC04-20260822T183631034284-run9-a35395,TC04,complete_service_failure,9,workload,24,v41-TC04-9-24-8a147e79,0.2,SERVICE_UNAVAILABLE,SERVICE_UNAVAILABLE,True,failed,failed,,,not_attempted,False,,,2.016701,"ConnectTimeout: HTTPConnectionPool(host='127.0.0.1', port=5001): Max retries exceeded with url: /add_order (Caused by ConnectTimeoutError(<HTTPConnection(host='127.0.0.1', port=5001) at 0x14710382030>, 'Connection to 127.0.0.1 timed out. (connect timeout=2.0)'))",False,,False,none,2.016751,Complete Service Failure
2026-08-22 18:37:28.203,4.1,TC04-batch-20260822T182655-4efa0a,TC04-20260822T183631034284-run9-a35395,TC04,complete_service_failure,9,workload,25,v41-TC04-9-25-2d3f9ce3,0.2,SERVICE_UNAVAILABLE,SERVICE_UNAVAILABLE,True,failed,failed,,,not_attempted,False,,,2.015658,"ConnectTimeout: HTTPConnectionPool(host='127.0.0.1', port=5001): Max retries exceeded with url: /add_order (Caused by ConnectTimeoutError(<HTTPConnection(host='127.0.0.1', port=5001) at 0x14710380270>, 'Connection to 127.0.0.1 timed out. (connect timeout=2.0)'))",False,,False,none,2.015705,Complete Service Failure
2026-08-22 18:37:30.422,4.1,TC04-batch-20260822T182655-4efa0a,TC04-20260822T183631034284-run9-a35395,TC04,complete_service_failure,9,workload,26,v41-TC04-9-26-04da2986,0.2,SERVICE_UNAVAILABLE,SERVICE_UNAVAILABLE,True,failed,failed,,,not_attempted,False,,,2.015522,"ConnectTimeout: HTTPConnectionPool(host='127.0.0.1', port=5001): Max retries exceeded with url: /add_order (Caused by ConnectTimeoutError(<HTTPConnection(host='127.0.0.1', port=5001) at 0x1471046b9b0>, 'Connection to 127.0.0.1 timed out. (connect timeout=2.0)'))",False,,False,none,2.015564,Complete Service Failure
2026-08-22 18:37:32.640,4.1,TC04-batch-20260822T182655-4efa0a,TC04-20260822T183631034284-run9-a35395,TC04,complete_service_failure,9,workload,27,v41-TC04-9-27-59ab9391,0.2,SERVICE_UNAVAILABLE,SERVICE_UNAVAILABLE,True,failed,failed,,,not_attempted,False,,,2.009852,"ConnectTimeout: HTTPConnectionPool(host='127.0.0.1', port=5001): Max retries exceeded with url: /add_order (Caused by ConnectTimeoutError(<HTTPConnection(host='127.0.0.1', port=5001) at 0x1471046b570>, 'Connection to 127.0.0.1 timed out. (connect timeout=2.0)'))",False,,False,none,2.009897,Complete Service Failure
2026-08-22 18:37:34.844,4.1,TC04-batch-20260822T182655-4efa0a,TC04-20260822T183631034284-run9-a35395,TC04,complete_service_failure,9,workload,28,v41-TC04-9-28-82cbc4bc,0.2,SERVICE_UNAVAILABLE,SERVICE_UNAVAILABLE,True,failed,failed,,,not_attempted,False,,,2.001051,"ConnectTimeout: HTTPConnectionPool(host='127.0.0.1', port=5001): Max retries exceeded with url: /add_order (Caused by ConnectTimeoutError(<HTTPConnection(host='127.0.0.1', port=5001) at 0x14710383790>, 'Connection to 127.0.0.1 timed out. (connect timeout=2.0)'))",False,,False,none,2.001099,Complete Service Failure
2026-08-22 18:37:37.062,4.1,TC04-batch-20260822T182655-4efa0a,TC04-20260822T183631034284-run9-a35395,TC04,complete_service_failure,9,workload,29,v41-TC04-9-29-7d16a071,0.2,SERVICE_UNAVAILABLE,SERVICE_UNAVAILABLE,True,failed,failed,,,not_attempted,False,,,2.015868,"ConnectTimeout: HTTPConnectionPool(host='127.0.0.1', port=5001): Max retries exceeded with url: /add_order (Caused by ConnectTimeoutError(<HTTPConnection(host='127.0.0.1', port=5001) at 0x14710382690>, 'Connection to 127.0.0.1 timed out. (connect timeout=2.0)'))",False,,False,none,2.015909,Complete Service Failure
2026-08-22 18:37:39.281,4.1,TC04-batch-20260822T182655-4efa0a,TC04-20260822T183631034284-run9-a35395,TC04,complete_service_failure,9,workload,30,v41-TC04-9-30-6bd838a8,0.2,SERVICE_UNAVAILABLE,SERVICE_UNAVAILABLE,True,failed,failed,,,not_attempted,False,,,2.015899,"ConnectTimeout: HTTPConnectionPool(host='127.0.0.1', port=5001): Max retries exceeded with url: /add_order (Caused by ConnectTimeoutError(<HTTPConnection(host='127.0.0.1', port=5001) at 0x14710381e10>, 'Connection to 127.0.0.1 timed out. (connect timeout=2.0)'))",False,,False,none,2.015951,Complete Service Failure
2026-08-22 18:37:45.703,4.1,TC04-batch-20260822T182655-4efa0a,TC04-20260822T183741671021-run10-313fd2,TC04,complete_service_failure,10,workload,1,v41-TC04-10-1-25a7efe8,0.2,NORMAL,SERVICE_UNAVAILABLE,True,failed,failed,,2.012311,"ConnectTimeout: HTTPConnectionPool(host='127.0.0.1', port=5000): Max retries exceeded with url: /add_order (Caused by ConnectTimeoutError(<HTTPConnection(host='127.0.0.1', port=5000) at 0x14710381260>, 'Connection to 127.0.0.1 timed out. (connect timeout=2.0)'))",True,2.012311,,2.000973,"ConnectTimeout: HTTPConnectionPool(host='127.0.0.1', port=5001): Max retries exceeded with url: /add_order (Caused by ConnectTimeoutError(<HTTPConnection(host='127.0.0.1', port=5001) at 0x14710382360>, 'Connection to 127.0.0.1 timed out. (connect timeout=2.0)'))",True,,False,none,4.013363,Complete Service Failure
2026-08-22 18:37:47.921,4.1,TC04-batch-20260822T182655-4efa0a,TC04-20260822T183741671021-run10-313fd2,TC04,complete_service_failure,10,workload,2,v41-TC04-10-2-192bfef7,0.2,SERVICE_UNAVAILABLE,SERVICE_UNAVAILABLE,True,failed,failed,,,not_attempted,False,,,2.016395,"ConnectTimeout: HTTPConnectionPool(host='127.0.0.1', port=5001): Max retries exceeded with url: /add_order (Caused by ConnectTimeoutError(<HTTPConnection(host='127.0.0.1', port=5001) at 0x1471046b460>, 'Connection to 127.0.0.1 timed out. (connect timeout=2.0)'))",False,,False,none,2.016437,Complete Service Failure
2026-08-22 18:37:50.312,4.1,TC04-batch-20260822T182655-4efa0a,TC04-20260822T183741671021-run10-313fd2,TC04,complete_service_failure,10,workload,3,v41-TC04-10-3-dbb73318,0.2,SERVICE_UNAVAILABLE,SERVICE_UNAVAILABLE,True,failed,failed,,,not_attempted,False,,,2.006623,"ConnectTimeout: HTTPConnectionPool(host='127.0.0.1', port=5001): Max retries exceeded with url: /add_order (Caused by ConnectTimeoutError(<HTTPConnection(host='127.0.0.1', port=5001) at 0x1471046af10>, 'Connection to 127.0.0.1 timed out. (connect timeout=2.0)'))",False,,False,none,2.006653,Complete Service Failure
2026-08-22 18:37:52.522,4.1,TC04-batch-20260822T182655-4efa0a,TC04-20260822T183741671021-run10-313fd2,TC04,complete_service_failure,10,workload,4,v41-TC04-10-4-13842fbe,0.2,SERVICE_UNAVAILABLE,SERVICE_UNAVAILABLE,True,failed,failed,,,not_attempted,False,,,2.007049,"ConnectTimeout: HTTPConnectionPool(host='127.0.0.1', port=5001): Max retries exceeded with url: /add_order (Caused by ConnectTimeoutError(<HTTPConnection(host='127.0.0.1', port=5001) at 0x14710381150>, 'Connection to 127.0.0.1 timed out. (connect timeout=2.0)'))",False,,False,none,2.007076,Complete Service Failure
2026-08-22 18:37:54.728,4.1,TC04-batch-20260822T182655-4efa0a,TC04-20260822T183741671021-run10-313fd2,TC04,complete_service_failure,10,workload,5,v41-TC04-10-5-c58f0826,0.2,SERVICE_UNAVAILABLE,SERVICE_UNAVAILABLE,True,failed,failed,,,not_attempted,False,,,2.004613,"ConnectTimeout: HTTPConnectionPool(host='127.0.0.1', port=5001): Max retries exceeded with url: /add_order (Caused by ConnectTimeoutError(<HTTPConnection(host='127.0.0.1', port=5001) at 0x14710382250>, 'Connection to 127.0.0.1 timed out. (connect timeout=2.0)'))",False,,False,none,2.004655,Complete Service Failure
2026-08-22 18:37:56.937,4.1,TC04-batch-20260822T182655-4efa0a,TC04-20260822T183741671021-run10-313fd2,TC04,complete_service_failure,10,workload,6,v41-TC04-10-6-a02672f2,0.2,SERVICE_UNAVAILABLE,SERVICE_UNAVAILABLE,True,failed,failed,,,not_attempted,False,,,2.00646,"ConnectTimeout: HTTPConnectionPool(host='127.0.0.1', port=5001): Max retries exceeded with url: /add_order (Caused by ConnectTimeoutError(<HTTPConnection(host='127.0.0.1', port=5001) at 0x1471046a9c0>, 'Connection to 127.0.0.1 timed out. (connect timeout=2.0)'))",False,,False,none,2.006528,Complete Service Failure
2026-08-22 18:37:59.150,4.1,TC04-batch-20260822T182655-4efa0a,TC04-20260822T183741671021-run10-313fd2,TC04,complete_service_failure,10,workload,7,v41-TC04-10-7-91ffcb40,0.2,SERVICE_UNAVAILABLE,SERVICE_UNAVAILABLE,True,failed,failed,,,not_attempted,False,,,2.009619,"ConnectTimeout: HTTPConnectionPool(host='127.0.0.1', port=5001): Max retries exceeded with url: /add_order (Caused by ConnectTimeoutError(<HTTPConnection(host='127.0.0.1', port=5001) at 0x1471046b350>, 'Connection to 127.0.0.1 timed out. (connect timeout=2.0)'))",False,,False,none,2.00976,Complete Service Failure
2026-08-22 18:38:01.359,4.1,TC04-batch-20260822T182655-4efa0a,TC04-20260822T183741671021-run10-313fd2,TC04,complete_service_failure,10,workload,8,v41-TC04-10-8-66809657,0.2,SERVICE_UNAVAILABLE,SERVICE_UNAVAILABLE,True,failed,failed,,,not_attempted,False,,,2.005171,"ConnectTimeout: HTTPConnectionPool(host='127.0.0.1', port=5001): Max retries exceeded with url: /add_order (Caused by ConnectTimeoutError(<HTTPConnection(host='127.0.0.1', port=5001) at 0x14710382f10>, 'Connection to 127.0.0.1 timed out. (connect timeout=2.0)'))",False,,False,none,2.005221,Complete Service Failure
2026-08-22 18:38:03.577,4.1,TC04-batch-20260822T182655-4efa0a,TC04-20260822T183741671021-run10-313fd2,TC04,complete_service_failure,10,workload,9,v41-TC04-10-9-0941549f,0.2,SERVICE_UNAVAILABLE,SERVICE_UNAVAILABLE,True,failed,failed,,,not_attempted,False,,,2.015724,"ConnectTimeout: HTTPConnectionPool(host='127.0.0.1', port=5001): Max retries exceeded with url: /add_order (Caused by ConnectTimeoutError(<HTTPConnection(host='127.0.0.1', port=5001) at 0x14710380d10>, 'Connection to 127.0.0.1 timed out. (connect timeout=2.0)'))",False,,False,none,2.015768,Complete Service Failure
2026-08-22 18:38:05.783,4.1,TC04-batch-20260822T182655-4efa0a,TC04-20260822T183741671021-run10-313fd2,TC04,complete_service_failure,10,workload,10,v41-TC04-10-10-3e203564,0.2,SERVICE_UNAVAILABLE,SERVICE_UNAVAILABLE,True,failed,failed,,,not_attempted,False,,,2.002819,"ConnectTimeout: HTTPConnectionPool(host='127.0.0.1', port=5001): Max retries exceeded with url: /add_order (Caused by ConnectTimeoutError(<HTTPConnection(host='127.0.0.1', port=5001) at 0x1471046a7a0>, 'Connection to 127.0.0.1 timed out. (connect timeout=2.0)'))",False,,False,none,2.002865,Complete Service Failure
2026-08-22 18:38:07.992,4.1,TC04-batch-20260822T182655-4efa0a,TC04-20260822T183741671021-run10-313fd2,TC04,complete_service_failure,10,workload,11,v41-TC04-10-11-f8cb95d1,0.2,SERVICE_UNAVAILABLE,SERVICE_UNAVAILABLE,True,failed,failed,,,not_attempted,False,,,2.006075,"ConnectTimeout: HTTPConnectionPool(host='127.0.0.1', port=5001): Max retries exceeded with url: /add_order (Caused by ConnectTimeoutError(<HTTPConnection(host='127.0.0.1', port=5001) at 0x14710383ac0>, 'Connection to 127.0.0.1 timed out. (connect timeout=2.0)'))",False,,False,none,2.00612,Complete Service Failure
2026-08-22 18:38:10.205,4.1,TC04-batch-20260822T182655-4efa0a,TC04-20260822T183741671021-run10-313fd2,TC04,complete_service_failure,10,workload,12,v41-TC04-10-12-5328403c,0.2,SERVICE_UNAVAILABLE,SERVICE_UNAVAILABLE,True,failed,failed,,,not_attempted,False,,,2.007485,"ConnectTimeout: HTTPConnectionPool(host='127.0.0.1', port=5001): Max retries exceeded with url: /add_order (Caused by ConnectTimeoutError(<HTTPConnection(host='127.0.0.1', port=5001) at 0x14710383130>, 'Connection to 127.0.0.1 timed out. (connect timeout=2.0)'))",False,,False,none,2.007533,Complete Service Failure
2026-08-22 18:38:12.421,4.1,TC04-batch-20260822T182655-4efa0a,TC04-20260822T183741671021-run10-313fd2,TC04,complete_service_failure,10,workload,13,v41-TC04-10-13-af46efec,0.2,SERVICE_UNAVAILABLE,SERVICE_UNAVAILABLE,True,failed,failed,,,not_attempted,False,,,2.01369,"ConnectTimeout: HTTPConnectionPool(host='127.0.0.1', port=5001): Max retries exceeded with url: /add_order (Caused by ConnectTimeoutError(<HTTPConnection(host='127.0.0.1', port=5001) at 0x14710382690>, 'Connection to 127.0.0.1 timed out. (connect timeout=2.0)'))",False,,False,none,2.013735,Complete Service Failure
2026-08-22 18:38:14.641,4.1,TC04-batch-20260822T182655-4efa0a,TC04-20260822T183741671021-run10-313fd2,TC04,complete_service_failure,10,workload,14,v41-TC04-10-14-54fc2f5e,0.2,SERVICE_UNAVAILABLE,SERVICE_UNAVAILABLE,True,failed,failed,,,not_attempted,False,,,2.013603,"ConnectTimeout: HTTPConnectionPool(host='127.0.0.1', port=5001): Max retries exceeded with url: /add_order (Caused by ConnectTimeoutError(<HTTPConnection(host='127.0.0.1', port=5001) at 0x1471046bce0>, 'Connection to 127.0.0.1 timed out. (connect timeout=2.0)'))",False,,False,none,2.01365,Complete Service Failure
2026-08-22 18:38:16.844,4.1,TC04-batch-20260822T182655-4efa0a,TC04-20260822T183741671021-run10-313fd2,TC04,complete_service_failure,10,workload,15,v41-TC04-10-15-aea13dd0,0.2,SERVICE_UNAVAILABLE,SERVICE_UNAVAILABLE,True,failed,failed,,,not_attempted,False,,,2.000916,"ConnectTimeout: HTTPConnectionPool(host='127.0.0.1', port=5001): Max retries exceeded with url: /add_order (Caused by ConnectTimeoutError(<HTTPConnection(host='127.0.0.1', port=5001) at 0x1471046a690>, 'Connection to 127.0.0.1 timed out. (connect timeout=2.0)'))",False,,False,none,2.001005,Complete Service Failure
2026-08-22 18:38:19.063,4.1,TC04-batch-20260822T182655-4efa0a,TC04-20260822T183741671021-run10-313fd2,TC04,complete_service_failure,10,workload,16,v41-TC04-10-16-d9ab195a,0.2,SERVICE_UNAVAILABLE,SERVICE_UNAVAILABLE,True,failed,failed,,,not_attempted,False,,,2.014529,"ConnectTimeout: HTTPConnectionPool(host='127.0.0.1', port=5001): Max retries exceeded with url: /add_order (Caused by ConnectTimeoutError(<HTTPConnection(host='127.0.0.1', port=5001) at 0x14710380e20>, 'Connection to 127.0.0.1 timed out. (connect timeout=2.0)'))",False,,False,none,2.014559,Complete Service Failure
2026-08-22 18:38:21.288,4.1,TC04-batch-20260822T182655-4efa0a,TC04-20260822T183741671021-run10-313fd2,TC04,complete_service_failure,10,workload,17,v41-TC04-10-17-d9309180,0.2,SERVICE_UNAVAILABLE,SERVICE_UNAVAILABLE,True,failed,failed,,,not_attempted,False,,,2.020496,"ConnectTimeout: HTTPConnectionPool(host='127.0.0.1', port=5001): Max retries exceeded with url: /add_order (Caused by ConnectTimeoutError(<HTTPConnection(host='127.0.0.1', port=5001) at 0x14710382f10>, 'Connection to 127.0.0.1 timed out. (connect timeout=2.0)'))",False,,False,none,2.020557,Complete Service Failure
2026-08-22 18:38:23.500,4.1,TC04-batch-20260822T182655-4efa0a,TC04-20260822T183741671021-run10-313fd2,TC04,complete_service_failure,10,workload,18,v41-TC04-10-18-54fcb103,0.2,SERVICE_UNAVAILABLE,SERVICE_UNAVAILABLE,True,failed,failed,,,not_attempted,False,,,2.005368,"ConnectTimeout: HTTPConnectionPool(host='127.0.0.1', port=5001): Max retries exceeded with url: /add_order (Caused by ConnectTimeoutError(<HTTPConnection(host='127.0.0.1', port=5001) at 0x1471046a690>, 'Connection to 127.0.0.1 timed out. (connect timeout=2.0)'))",False,,False,none,2.005425,Complete Service Failure
2026-08-22 18:38:25.710,4.1,TC04-batch-20260822T182655-4efa0a,TC04-20260822T183741671021-run10-313fd2,TC04,complete_service_failure,10,workload,19,v41-TC04-10-19-f7669983,0.2,SERVICE_UNAVAILABLE,SERVICE_UNAVAILABLE,True,failed,failed,,,not_attempted,False,,,2.007274,"ConnectTimeout: HTTPConnectionPool(host='127.0.0.1', port=5001): Max retries exceeded with url: /add_order (Caused by ConnectTimeoutError(<HTTPConnection(host='127.0.0.1', port=5001) at 0x1471046b8a0>, 'Connection to 127.0.0.1 timed out. (connect timeout=2.0)'))",False,,False,none,2.007344,Complete Service Failure
2026-08-22 18:38:27.923,4.1,TC04-batch-20260822T182655-4efa0a,TC04-20260822T183741671021-run10-313fd2,TC04,complete_service_failure,10,workload,20,v41-TC04-10-20-879f3301,0.2,SERVICE_UNAVAILABLE,SERVICE_UNAVAILABLE,True,failed,failed,,,not_attempted,False,,,2.007719,"ConnectTimeout: HTTPConnectionPool(host='127.0.0.1', port=5001): Max retries exceeded with url: /add_order (Caused by ConnectTimeoutError(<HTTPConnection(host='127.0.0.1', port=5001) at 0x14710380270>, 'Connection to 127.0.0.1 timed out. (connect timeout=2.0)'))",False,,False,none,2.007779,Complete Service Failure
2026-08-22 18:38:30.148,4.1,TC04-batch-20260822T182655-4efa0a,TC04-20260822T183741671021-run10-313fd2,TC04,complete_service_failure,10,workload,21,v41-TC04-10-21-aaafc5c3,0.2,SERVICE_UNAVAILABLE,SERVICE_UNAVAILABLE,True,failed,failed,,,not_attempted,False,,,2.022054,"ConnectTimeout: HTTPConnectionPool(host='127.0.0.1', port=5001): Max retries exceeded with url: /add_order (Caused by ConnectTimeoutError(<HTTPConnection(host='127.0.0.1', port=5001) at 0x14710383680>, 'Connection to 127.0.0.1 timed out. (connect timeout=2.0)'))",False,,False,none,2.02208,Complete Service Failure
2026-08-22 18:38:32.375,4.1,TC04-batch-20260822T182655-4efa0a,TC04-20260822T183741671021-run10-313fd2,TC04,complete_service_failure,10,workload,22,v41-TC04-10-22-eae84f53,0.2,SERVICE_UNAVAILABLE,SERVICE_UNAVAILABLE,True,failed,failed,,,not_attempted,False,,,2.025603,"ConnectTimeout: HTTPConnectionPool(host='127.0.0.1', port=5001): Max retries exceeded with url: /add_order (Caused by ConnectTimeoutError(<HTTPConnection(host='127.0.0.1', port=5001) at 0x1471046b460>, 'Connection to 127.0.0.1 timed out. (connect timeout=2.0)'))",False,,False,none,2.025667,Complete Service Failure
2026-08-22 18:38:34.594,4.1,TC04-batch-20260822T182655-4efa0a,TC04-20260822T183741671021-run10-313fd2,TC04,complete_service_failure,10,workload,23,v41-TC04-10-23-00bbbfa3,0.2,SERVICE_UNAVAILABLE,SERVICE_UNAVAILABLE,True,failed,failed,,,not_attempted,False,,,2.016269,"ConnectTimeout: HTTPConnectionPool(host='127.0.0.1', port=5001): Max retries exceeded with url: /add_order (Caused by ConnectTimeoutError(<HTTPConnection(host='127.0.0.1', port=5001) at 0x14710383130>, 'Connection to 127.0.0.1 timed out. (connect timeout=2.0)'))",False,,False,none,2.016311,Complete Service Failure
2026-08-22 18:38:36.812,4.1,TC04-batch-20260822T182655-4efa0a,TC04-20260822T183741671021-run10-313fd2,TC04,complete_service_failure,10,workload,24,v41-TC04-10-24-bd367fb1,0.2,SERVICE_UNAVAILABLE,SERVICE_UNAVAILABLE,True,failed,failed,,,not_attempted,False,,,2.01563,"ConnectTimeout: HTTPConnectionPool(host='127.0.0.1', port=5001): Max retries exceeded with url: /add_order (Caused by ConnectTimeoutError(<HTTPConnection(host='127.0.0.1', port=5001) at 0x14710380e20>, 'Connection to 127.0.0.1 timed out. (connect timeout=2.0)'))",False,,False,none,2.015676,Complete Service Failure
2026-08-22 18:38:39.030,4.1,TC04-batch-20260822T182655-4efa0a,TC04-20260822T183741671021-run10-313fd2,TC04,complete_service_failure,10,workload,25,v41-TC04-10-25-6ed2d827,0.2,SERVICE_UNAVAILABLE,SERVICE_UNAVAILABLE,True,failed,failed,,,not_attempted,False,,,2.015616,"ConnectTimeout: HTTPConnectionPool(host='127.0.0.1', port=5001): Max retries exceeded with url: /add_order (Caused by ConnectTimeoutError(<HTTPConnection(host='127.0.0.1', port=5001) at 0x14710380160>, 'Connection to 127.0.0.1 timed out. (connect timeout=2.0)'))",False,,False,none,2.015662,Complete Service Failure
2026-08-22 18:38:41.249,4.1,TC04-batch-20260822T182655-4efa0a,TC04-20260822T183741671021-run10-313fd2,TC04,complete_service_failure,10,workload,26,v41-TC04-10-26-2c44afb9,0.2,SERVICE_UNAVAILABLE,SERVICE_UNAVAILABLE,True,failed,failed,,,not_attempted,False,,,2.016375,"ConnectTimeout: HTTPConnectionPool(host='127.0.0.1', port=5001): Max retries exceeded with url: /add_order (Caused by ConnectTimeoutError(<HTTPConnection(host='127.0.0.1', port=5001) at 0x1471046b680>, 'Connection to 127.0.0.1 timed out. (connect timeout=2.0)'))",False,,False,none,2.01642,Complete Service Failure
2026-08-22 18:38:43.453,4.1,TC04-batch-20260822T182655-4efa0a,TC04-20260822T183741671021-run10-313fd2,TC04,complete_service_failure,10,workload,27,v41-TC04-10-27-bcdbce46,0.2,SERVICE_UNAVAILABLE,SERVICE_UNAVAILABLE,True,failed,failed,,,not_attempted,False,,,2.001231,"ConnectTimeout: HTTPConnectionPool(host='127.0.0.1', port=5001): Max retries exceeded with url: /add_order (Caused by ConnectTimeoutError(<HTTPConnection(host='127.0.0.1', port=5001) at 0x1471046bac0>, 'Connection to 127.0.0.1 timed out. (connect timeout=2.0)'))",False,,False,none,2.001282,Complete Service Failure
2026-08-22 18:38:45.671,4.1,TC04-batch-20260822T182655-4efa0a,TC04-20260822T183741671021-run10-313fd2,TC04,complete_service_failure,10,workload,28,v41-TC04-10-28-f6f683dd,0.2,SERVICE_UNAVAILABLE,SERVICE_UNAVAILABLE,True,failed,failed,,,not_attempted,False,,,2.015133,"ConnectTimeout: HTTPConnectionPool(host='127.0.0.1', port=5001): Max retries exceeded with url: /add_order (Caused by ConnectTimeoutError(<HTTPConnection(host='127.0.0.1', port=5001) at 0x147103839b0>, 'Connection to 127.0.0.1 timed out. (connect timeout=2.0)'))",False,,False,none,2.01519,Complete Service Failure
2026-08-22 18:38:47.889,4.1,TC04-batch-20260822T182655-4efa0a,TC04-20260822T183741671021-run10-313fd2,TC04,complete_service_failure,10,workload,29,v41-TC04-10-29-c61f5028,0.2,SERVICE_UNAVAILABLE,SERVICE_UNAVAILABLE,True,failed,failed,,,not_attempted,False,,,2.014917,"ConnectTimeout: HTTPConnectionPool(host='127.0.0.1', port=5001): Max retries exceeded with url: /add_order (Caused by ConnectTimeoutError(<HTTPConnection(host='127.0.0.1', port=5001) at 0x147103829c0>, 'Connection to 127.0.0.1 timed out. (connect timeout=2.0)'))",False,,False,none,2.014969,Complete Service Failure
2026-08-22 18:38:50.093,4.1,TC04-batch-20260822T182655-4efa0a,TC04-20260822T183741671021-run10-313fd2,TC04,complete_service_failure,10,workload,30,v41-TC04-10-30-1ba9b17c,0.2,SERVICE_UNAVAILABLE,SERVICE_UNAVAILABLE,True,failed,failed,,,not_attempted,False,,,2.001485,"ConnectTimeout: HTTPConnectionPool(host='127.0.0.1', port=5001): Max retries exceeded with url: /add_order (Caused by ConnectTimeoutError(<HTTPConnection(host='127.0.0.1', port=5001) at 0x1471046b240>, 'Connection to 127.0.0.1 timed out. (connect timeout=2.0)'))",False,,False,none,2.00155,Complete Service Failure
2026-08-22 18:41:51.495,4.1,TC07-batch-20260822T184151-4d9be0,TC07-20260822T184151255278-run1-7354ec,TC07,end_to_end_recovery_lifecycle,1,normal_baseline,1,v41-TC07-1-1-2301fe9c,0.2,NORMAL,NORMAL,False,available,available,201.0,0.215792,,False,,,,not_attempted,False,,True,cloud,0.216069,End-to-End Recovery Lifecycle
2026-08-22 18:41:51.895,4.1,TC07-batch-20260822T184151-4d9be0,TC07-20260822T184151255278-run1-7354ec,TC07,end_to_end_recovery_lifecycle,1,normal_baseline,2,v41-TC07-1-2-03d5ab67,0.2,NORMAL,NORMAL,False,available,available,201.0,0.197189,,False,,,,not_attempted,False,,True,cloud,0.197378,End-to-End Recovery Lifecycle
2026-08-22 18:41:52.403,4.1,TC07-batch-20260822T184151-4d9be0,TC07-20260822T184151255278-run1-7354ec,TC07,end_to_end_recovery_lifecycle,1,normal_baseline,3,v41-TC07-1-3-a7759ac1,0.2,NORMAL,NORMAL,False,available,available,201.0,0.305259,,False,,,,not_attempted,False,,True,cloud,0.305379,End-to-End Recovery Lifecycle
2026-08-22 18:41:52.794,4.1,TC07-batch-20260822T184151-4d9be0,TC07-20260822T184151255278-run1-7354ec,TC07,end_to_end_recovery_lifecycle,1,normal_baseline,4,v41-TC07-1-4-ee144610,0.2,NORMAL,NORMAL,False,available,available,201.0,0.189246,,False,,,,not_attempted,False,,True,cloud,0.18937,End-to-End Recovery Lifecycle
2026-08-22 18:41:53.203,4.1,TC07-batch-20260822T184151-4d9be0,TC07-20260822T184151255278-run1-7354ec,TC07,end_to_end_recovery_lifecycle,1,normal_baseline,5,v41-TC07-1-5-4573536e,0.2,NORMAL,NORMAL,False,available,available,201.0,0.206842,,False,,,,not_attempted,False,,True,cloud,0.206906,End-to-End Recovery Lifecycle
2026-08-22 18:41:53.708,4.1,TC07-batch-20260822T184151-4d9be0,TC07-20260822T184151255278-run1-7354ec,TC07,end_to_end_recovery_lifecycle,1,normal_baseline,6,v41-TC07-1-6-66405e0c,0.2,NORMAL,NORMAL,False,available,available,201.0,0.303827,,False,,,,not_attempted,False,,True,cloud,0.303935,End-to-End Recovery Lifecycle
2026-08-22 18:41:54.083,4.1,TC07-batch-20260822T184151-4d9be0,TC07-20260822T184151255278-run1-7354ec,TC07,end_to_end_recovery_lifecycle,1,normal_baseline,7,v41-TC07-1-7-9200477f,0.2,NORMAL,NORMAL,False,available,available,201.0,0.172406,,False,,,,not_attempted,False,,True,cloud,0.172561,End-to-End Recovery Lifecycle
2026-08-22 18:41:54.470,4.1,TC07-batch-20260822T184151-4d9be0,TC07-20260822T184151255278-run1-7354ec,TC07,end_to_end_recovery_lifecycle,1,normal_baseline,8,v41-TC07-1-8-3220bb57,0.2,NORMAL,NORMAL,False,available,available,201.0,0.184351,,False,,,,not_attempted,False,,True,cloud,0.184452,End-to-End Recovery Lifecycle
2026-08-22 18:41:54.968,4.1,TC07-batch-20260822T184151-4d9be0,TC07-20260822T184151255278-run1-7354ec,TC07,end_to_end_recovery_lifecycle,1,normal_baseline,9,v41-TC07-1-9-833cea67,0.2,NORMAL,NORMAL,False,available,available,201.0,0.296555,,False,,,,not_attempted,False,,True,cloud,0.296856,End-to-End Recovery Lifecycle
2026-08-22 18:41:55.364,4.1,TC07-batch-20260822T184151-4d9be0,TC07-20260822T184151255278-run1-7354ec,TC07,end_to_end_recovery_lifecycle,1,normal_baseline,10,v41-TC07-1-10-b6276130,0.2,NORMAL,NORMAL,False,available,available,201.0,0.192665,,False,,,,not_attempted,False,,True,cloud,0.192972,End-to-End Recovery Lifecycle
2026-08-22 18:41:58.637,4.1,TC07-batch-20260822T184151-4d9be0,TC07-20260822T184151255278-run1-7354ec,TC07,end_to_end_recovery_lifecycle,1,cloud_outage,1,v41-TC07-1-1-51403923,0.2,NORMAL,EDGE_DEGRADED,True,failed,available,,2.019966,"ConnectTimeout: HTTPConnectionPool(host='127.0.0.1', port=5000): Max retries exceeded with url: /add_order (Caused by ConnectTimeoutError(<HTTPConnection(host='127.0.0.1', port=5000) at 0x1471046abe0>, 'Connection to 127.0.0.1 timed out. (connect timeout=2.0)'))",True,2.019966,201.0,0.309195,,True,2.329259,True,edge,2.329262,End-to-End Recovery Lifecycle
2026-08-22 18:41:59.059,4.1,TC07-batch-20260822T184151-4d9be0,TC07-20260822T184151255278-run1-7354ec,TC07,end_to_end_recovery_lifecycle,1,cloud_outage,2,v41-TC07-1-2-a11365de,0.2,EDGE_DEGRADED,EDGE_DEGRADED,True,failed,available,,,not_attempted,False,,201.0,0.220663,,False,,True,edge,0.220735,End-to-End Recovery Lifecycle
2026-08-22 18:41:59.627,4.1,TC07-batch-20260822T184151-4d9be0,TC07-20260822T184151255278-run1-7354ec,TC07,end_to_end_recovery_lifecycle,1,cloud_outage,3,v41-TC07-1-3-415fbc01,0.2,EDGE_DEGRADED,EDGE_DEGRADED,True,failed,available,,,not_attempted,False,,201.0,0.366584,,False,,True,edge,0.366695,End-to-End Recovery Lifecycle
2026-08-22 18:42:00.027,4.1,TC07-batch-20260822T184151-4d9be0,TC07-20260822T184151255278-run1-7354ec,TC07,end_to_end_recovery_lifecycle,1,cloud_outage,4,v41-TC07-1-4-dd62245f,0.2,EDGE_DEGRADED,EDGE_DEGRADED,True,failed,available,,,not_attempted,False,,201.0,0.199067,,False,,True,edge,0.199204,End-to-End Recovery Lifecycle
2026-08-22 18:42:00.426,4.1,TC07-batch-20260822T184151-4d9be0,TC07-20260822T184151255278-run1-7354ec,TC07,end_to_end_recovery_lifecycle,1,cloud_outage,5,v41-TC07-1-5-dbcebb76,0.2,EDGE_DEGRADED,EDGE_DEGRADED,True,failed,available,,,not_attempted,False,,201.0,0.197037,,False,,True,edge,0.197162,End-to-End Recovery Lifecycle
2026-08-22 18:42:00.951,4.1,TC07-batch-20260822T184151-4d9be0,TC07-20260822T184151255278-run1-7354ec,TC07,end_to_end_recovery_lifecycle,1,cloud_outage,6,v41-TC07-1-6-e2d87258,0.2,EDGE_DEGRADED,EDGE_DEGRADED,True,failed,available,,,not_attempted,False,,201.0,0.323123,,False,,True,edge,0.323226,End-to-End Recovery Lifecycle
2026-08-22 18:42:01.349,4.1,TC07-batch-20260822T184151-4d9be0,TC07-20260822T184151255278-run1-7354ec,TC07,end_to_end_recovery_lifecycle,1,cloud_outage,7,v41-TC07-1-7-2dcf30a0,0.2,EDGE_DEGRADED,EDGE_DEGRADED,True,failed,available,,,not_attempted,False,,201.0,0.196723,,False,,True,edge,0.196787,End-to-End Recovery Lifecycle
2026-08-22 18:42:01.755,4.1,TC07-batch-20260822T184151-4d9be0,TC07-20260822T184151255278-run1-7354ec,TC07,end_to_end_recovery_lifecycle,1,cloud_outage,8,v41-TC07-1-8-ff2a2d51,0.2,EDGE_DEGRADED,EDGE_DEGRADED,True,failed,available,,,not_attempted,False,,201.0,0.20498,,False,,True,edge,0.205152,End-to-End Recovery Lifecycle
2026-08-22 18:42:02.159,4.1,TC07-batch-20260822T184151-4d9be0,TC07-20260822T184151255278-run1-7354ec,TC07,end_to_end_recovery_lifecycle,1,cloud_outage,9,v41-TC07-1-9-f7a832dc,0.2,EDGE_DEGRADED,EDGE_DEGRADED,True,failed,available,,,not_attempted,False,,201.0,0.200977,,False,,True,edge,0.201068,End-to-End Recovery Lifecycle
2026-08-22 18:42:02.559,4.1,TC07-batch-20260822T184151-4d9be0,TC07-20260822T184151255278-run1-7354ec,TC07,end_to_end_recovery_lifecycle,1,cloud_outage,10,v41-TC07-1-10-3243d47d,0.2,EDGE_DEGRADED,EDGE_DEGRADED,True,failed,available,,,not_attempted,False,,201.0,0.19788,,False,,True,edge,0.19815,End-to-End Recovery Lifecycle
2026-08-22 18:42:10.004,4.1,TC07-batch-20260822T184151-4d9be0,TC07-20260822T184151255278-run1-7354ec,TC07,end_to_end_recovery_lifecycle,1,post_recovery_verification,1,v41-TC07-1-1-f4eeafbd,0.2,NORMAL,NORMAL,False,available,available,201.0,0.215531,,False,,,,not_attempted,False,,True,cloud,0.215621,End-to-End Recovery Lifecycle
2026-08-22 18:42:10.448,4.1,TC07-batch-20260822T184151-4d9be0,TC07-20260822T184151255278-run1-7354ec,TC07,end_to_end_recovery_lifecycle,1,post_recovery_verification,2,v41-TC07-1-2-08f50428,0.2,NORMAL,NORMAL,False,available,available,201.0,0.242634,,False,,,,not_attempted,False,,True,cloud,0.242721,End-to-End Recovery Lifecycle
2026-08-22 18:42:10.827,4.1,TC07-batch-20260822T184151-4d9be0,TC07-20260822T184151255278-run1-7354ec,TC07,end_to_end_recovery_lifecycle,1,post_recovery_verification,3,v41-TC07-1-3-71a1ad92,0.2,NORMAL,NORMAL,False,available,available,201.0,0.176943,,False,,,,not_attempted,False,,True,cloud,0.177082,End-to-End Recovery Lifecycle
2026-08-22 18:42:11.203,4.1,TC07-batch-20260822T184151-4d9be0,TC07-20260822T184151255278-run1-7354ec,TC07,end_to_end_recovery_lifecycle,1,post_recovery_verification,4,v41-TC07-1-4-2f34cf9a,0.2,NORMAL,NORMAL,False,available,available,201.0,0.174846,,False,,,,not_attempted,False,,True,cloud,0.174907,End-to-End Recovery Lifecycle
2026-08-22 18:42:11.582,4.1,TC07-batch-20260822T184151-4d9be0,TC07-20260822T184151255278-run1-7354ec,TC07,end_to_end_recovery_lifecycle,1,post_recovery_verification,5,v41-TC07-1-5-fed99e35,0.2,NORMAL,NORMAL,False,available,available,201.0,0.177576,,False,,,,not_attempted,False,,True,cloud,0.177679,End-to-End Recovery Lifecycle
2026-08-22 18:42:11.981,4.1,TC07-batch-20260822T184151-4d9be0,TC07-20260822T184151255278-run1-7354ec,TC07,end_to_end_recovery_lifecycle,1,post_recovery_verification,6,v41-TC07-1-6-21ba5120,0.2,NORMAL,NORMAL,False,available,available,201.0,0.197769,,False,,,,not_attempted,False,,True,cloud,0.197847,End-to-End Recovery Lifecycle
2026-08-22 18:42:12.361,4.1,TC07-batch-20260822T184151-4d9be0,TC07-20260822T184151255278-run1-7354ec,TC07,end_to_end_recovery_lifecycle,1,post_recovery_verification,7,v41-TC07-1-7-15bbbda3,0.2,NORMAL,NORMAL,False,available,available,201.0,0.178266,,False,,,,not_attempted,False,,True,cloud,0.178396,End-to-End Recovery Lifecycle
2026-08-22 18:42:12.739,4.1,TC07-batch-20260822T184151-4d9be0,TC07-20260822T184151255278-run1-7354ec,TC07,end_to_end_recovery_lifecycle,1,post_recovery_verification,8,v41-TC07-1-8-84f8b62b,0.2,NORMAL,NORMAL,False,available,available,201.0,0.176544,,False,,,,not_attempted,False,,True,cloud,0.17666,End-to-End Recovery Lifecycle
2026-08-22 18:42:13.151,4.1,TC07-batch-20260822T184151-4d9be0,TC07-20260822T184151255278-run1-7354ec,TC07,end_to_end_recovery_lifecycle,1,post_recovery_verification,9,v41-TC07-1-9-46af2f6b,0.2,NORMAL,NORMAL,False,available,available,201.0,0.209791,,False,,,,not_attempted,False,,True,cloud,0.209984,End-to-End Recovery Lifecycle
2026-08-22 18:42:13.537,4.1,TC07-batch-20260822T184151-4d9be0,TC07-20260822T184151255278-run1-7354ec,TC07,end_to_end_recovery_lifecycle,1,post_recovery_verification,10,v41-TC07-1-10-dc8e5f32,0.2,NORMAL,NORMAL,False,available,available,201.0,0.183615,,False,,,,not_attempted,False,,True,cloud,0.183887,End-to-End Recovery Lifecycle
2026-08-22 18:42:14.404,4.1,TC07-batch-20260822T184151-4d9be0,TC07-20260822T184214183587-run2-408c2c,TC07,end_to_end_recovery_lifecycle,2,normal_baseline,1,v41-TC07-2-1-e1948d93,0.2,NORMAL,NORMAL,False,available,available,201.0,0.206737,,False,,,,not_attempted,False,,True,cloud,0.206809,End-to-End Recovery Lifecycle
2026-08-22 18:42:14.781,4.1,TC07-batch-20260822T184151-4d9be0,TC07-20260822T184214183587-run2-408c2c,TC07,end_to_end_recovery_lifecycle,2,normal_baseline,2,v41-TC07-2-2-b0b6dfa7,0.2,NORMAL,NORMAL,False,available,available,201.0,0.175608,,False,,,,not_attempted,False,,True,cloud,0.175678,End-to-End Recovery Lifecycle
2026-08-22 18:42:15.196,4.1,TC07-batch-20260822T184151-4d9be0,TC07-20260822T184214183587-run2-408c2c,TC07,end_to_end_recovery_lifecycle,2,normal_baseline,3,v41-TC07-2-3-47f073e3,0.2,NORMAL,NORMAL,False,available,available,201.0,0.21354,,False,,,,not_attempted,False,,True,cloud,0.213732,End-to-End Recovery Lifecycle
2026-08-22 18:42:15.573,4.1,TC07-batch-20260822T184151-4d9be0,TC07-20260822T184214183587-run2-408c2c,TC07,end_to_end_recovery_lifecycle,2,normal_baseline,4,v41-TC07-2-4-dab0e3d3,0.2,NORMAL,NORMAL,False,available,available,201.0,0.174572,,False,,,,not_attempted,False,,True,cloud,0.174671,End-to-End Recovery Lifecycle
2026-08-22 18:42:15.972,4.1,TC07-batch-20260822T184151-4d9be0,TC07-20260822T184214183587-run2-408c2c,TC07,end_to_end_recovery_lifecycle,2,normal_baseline,5,v41-TC07-2-5-0dd43135,0.2,NORMAL,NORMAL,False,available,available,201.0,0.197491,,False,,,,not_attempted,False,,True,cloud,0.197601,End-to-End Recovery Lifecycle
2026-08-22 18:42:16.359,4.1,TC07-batch-20260822T184151-4d9be0,TC07-20260822T184214183587-run2-408c2c,TC07,end_to_end_recovery_lifecycle,2,normal_baseline,6,v41-TC07-2-6-44415cf5,0.2,NORMAL,NORMAL,False,available,available,201.0,0.18609,,False,,,,not_attempted,False,,True,cloud,0.186209,End-to-End Recovery Lifecycle
2026-08-22 18:42:16.730,4.1,TC07-batch-20260822T184151-4d9be0,TC07-20260822T184214183587-run2-408c2c,TC07,end_to_end_recovery_lifecycle,2,normal_baseline,7,v41-TC07-2-7-34b6de30,0.2,NORMAL,NORMAL,False,available,available,201.0,0.169304,,False,,,,not_attempted,False,,True,cloud,0.169478,End-to-End Recovery Lifecycle
2026-08-22 18:42:17.148,4.1,TC07-batch-20260822T184151-4d9be0,TC07-20260822T184214183587-run2-408c2c,TC07,end_to_end_recovery_lifecycle,2,normal_baseline,8,v41-TC07-2-8-75ede3ad,0.2,NORMAL,NORMAL,False,available,available,201.0,0.216008,,False,,,,not_attempted,False,,True,cloud,0.216103,End-to-End Recovery Lifecycle
2026-08-22 18:42:17.507,4.1,TC07-batch-20260822T184151-4d9be0,TC07-20260822T184214183587-run2-408c2c,TC07,end_to_end_recovery_lifecycle,2,normal_baseline,9,v41-TC07-2-9-72ca79e0,0.2,NORMAL,NORMAL,False,available,available,201.0,0.157507,,False,,,,not_attempted,False,,True,cloud,0.157613,End-to-End Recovery Lifecycle
2026-08-22 18:42:17.917,4.1,TC07-batch-20260822T184151-4d9be0,TC07-20260822T184214183587-run2-408c2c,TC07,end_to_end_recovery_lifecycle,2,normal_baseline,10,v41-TC07-2-10-3382af47,0.2,NORMAL,NORMAL,False,available,available,201.0,0.207761,,False,,,,not_attempted,False,,True,cloud,0.207883,End-to-End Recovery Lifecycle
2026-08-22 18:42:20.985,4.1,TC07-batch-20260822T184151-4d9be0,TC07-20260822T184214183587-run2-408c2c,TC07,end_to_end_recovery_lifecycle,2,cloud_outage,1,v41-TC07-2-1-991a45bb,0.2,NORMAL,EDGE_DEGRADED,True,failed,available,,2.014595,"ConnectTimeout: HTTPConnectionPool(host='127.0.0.1', port=5000): Max retries exceeded with url: /add_order (Caused by ConnectTimeoutError(<HTTPConnection(host='127.0.0.1', port=5000) at 0x14710382be0>, 'Connection to 127.0.0.1 timed out. (connect timeout=2.0)'))",True,2.014595,201.0,0.26631,,True,2.281124,True,edge,2.281133,End-to-End Recovery Lifecycle
2026-08-22 18:42:21.374,4.1,TC07-batch-20260822T184151-4d9be0,TC07-20260822T184214183587-run2-408c2c,TC07,end_to_end_recovery_lifecycle,2,cloud_outage,2,v41-TC07-2-2-f8463e1e,0.2,EDGE_DEGRADED,EDGE_DEGRADED,True,failed,available,,,not_attempted,False,,201.0,0.186212,,False,,True,edge,0.186372,End-to-End Recovery Lifecycle
2026-08-22 18:42:21.783,4.1,TC07-batch-20260822T184151-4d9be0,TC07-20260822T184214183587-run2-408c2c,TC07,end_to_end_recovery_lifecycle,2,cloud_outage,3,v41-TC07-2-3-121c6940,0.2,EDGE_DEGRADED,EDGE_DEGRADED,True,failed,available,,,not_attempted,False,,201.0,0.206697,,False,,True,edge,0.206851,End-to-End Recovery Lifecycle
2026-08-22 18:42:22.193,4.1,TC07-batch-20260822T184151-4d9be0,TC07-20260822T184214183587-run2-408c2c,TC07,end_to_end_recovery_lifecycle,2,cloud_outage,4,v41-TC07-2-4-2a025044,0.2,EDGE_DEGRADED,EDGE_DEGRADED,True,failed,available,,,not_attempted,False,,201.0,0.207746,,False,,True,edge,0.207839,End-to-End Recovery Lifecycle
2026-08-22 18:42:22.606,4.1,TC07-batch-20260822T184151-4d9be0,TC07-20260822T184214183587-run2-408c2c,TC07,end_to_end_recovery_lifecycle,2,cloud_outage,5,v41-TC07-2-5-cc166fe7,0.2,EDGE_DEGRADED,EDGE_DEGRADED,True,failed,available,,,not_attempted,False,,201.0,0.211629,,False,,True,edge,0.211719,End-to-End Recovery Lifecycle
2026-08-22 18:42:23.010,4.1,TC07-batch-20260822T184151-4d9be0,TC07-20260822T184214183587-run2-408c2c,TC07,end_to_end_recovery_lifecycle,2,cloud_outage,6,v41-TC07-2-6-8cc1f89f,0.2,EDGE_DEGRADED,EDGE_DEGRADED,True,failed,available,,,not_attempted,False,,201.0,0.20222,,False,,True,edge,0.202337,End-to-End Recovery Lifecycle
2026-08-22 18:42:23.417,4.1,TC07-batch-20260822T184151-4d9be0,TC07-20260822T184214183587-run2-408c2c,TC07,end_to_end_recovery_lifecycle,2,cloud_outage,7,v41-TC07-2-7-0cdc1284,0.2,EDGE_DEGRADED,EDGE_DEGRADED,True,failed,available,,,not_attempted,False,,201.0,0.2057,,False,,True,edge,0.205846,End-to-End Recovery Lifecycle
2026-08-22 18:42:23.804,4.1,TC07-batch-20260822T184151-4d9be0,TC07-20260822T184214183587-run2-408c2c,TC07,end_to_end_recovery_lifecycle,2,cloud_outage,8,v41-TC07-2-8-f9f332f3,0.2,EDGE_DEGRADED,EDGE_DEGRADED,True,failed,available,,,not_attempted,False,,201.0,0.184344,,False,,True,edge,0.184434,End-to-End Recovery Lifecycle
2026-08-22 18:42:24.195,4.1,TC07-batch-20260822T184151-4d9be0,TC07-20260822T184214183587-run2-408c2c,TC07,end_to_end_recovery_lifecycle,2,cloud_outage,9,v41-TC07-2-9-94b42f34,0.2,EDGE_DEGRADED,EDGE_DEGRADED,True,failed,available,,,not_attempted,False,,201.0,0.1894,,False,,True,edge,0.189591,End-to-End Recovery Lifecycle
2026-08-22 18:42:24.594,4.1,TC07-batch-20260822T184151-4d9be0,TC07-20260822T184214183587-run2-408c2c,TC07,end_to_end_recovery_lifecycle,2,cloud_outage,10,v41-TC07-2-10-45717c91,0.2,EDGE_DEGRADED,EDGE_DEGRADED,True,failed,available,,,not_attempted,False,,201.0,0.195991,,False,,True,edge,0.196095,End-to-End Recovery Lifecycle
2026-08-22 18:42:33.028,4.1,TC07-batch-20260822T184151-4d9be0,TC07-20260822T184214183587-run2-408c2c,TC07,end_to_end_recovery_lifecycle,2,post_recovery_verification,1,v41-TC07-2-1-d2b8ccbf,0.2,NORMAL,NORMAL,False,available,available,201.0,0.219418,,False,,,,not_attempted,False,,True,cloud,0.219556,End-to-End Recovery Lifecycle
2026-08-22 18:42:33.404,4.1,TC07-batch-20260822T184151-4d9be0,TC07-20260822T184214183587-run2-408c2c,TC07,end_to_end_recovery_lifecycle,2,post_recovery_verification,2,v41-TC07-2-2-d2d42e59,0.2,NORMAL,NORMAL,False,available,available,201.0,0.175076,,False,,,,not_attempted,False,,True,cloud,0.175177,End-to-End Recovery Lifecycle
2026-08-22 18:42:33.794,4.1,TC07-batch-20260822T184151-4d9be0,TC07-20260822T184214183587-run2-408c2c,TC07,end_to_end_recovery_lifecycle,2,post_recovery_verification,3,v41-TC07-2-3-20465882,0.2,NORMAL,NORMAL,False,available,available,201.0,0.188063,,False,,,,not_attempted,False,,True,cloud,0.188133,End-to-End Recovery Lifecycle
2026-08-22 18:42:34.194,4.1,TC07-batch-20260822T184151-4d9be0,TC07-20260822T184214183587-run2-408c2c,TC07,end_to_end_recovery_lifecycle,2,post_recovery_verification,4,v41-TC07-2-4-c7053005,0.2,NORMAL,NORMAL,False,available,available,201.0,0.198623,,False,,,,not_attempted,False,,True,cloud,0.198725,End-to-End Recovery Lifecycle
2026-08-22 18:42:34.594,4.1,TC07-batch-20260822T184151-4d9be0,TC07-20260822T184214183587-run2-408c2c,TC07,end_to_end_recovery_lifecycle,2,post_recovery_verification,5,v41-TC07-2-5-c81b4aaa,0.2,NORMAL,NORMAL,False,available,available,201.0,0.198533,,False,,,,not_attempted,False,,True,cloud,0.198596,End-to-End Recovery Lifecycle
2026-08-22 18:42:34.997,4.1,TC07-batch-20260822T184151-4d9be0,TC07-20260822T184214183587-run2-408c2c,TC07,end_to_end_recovery_lifecycle,2,post_recovery_verification,6,v41-TC07-2-6-4d5116d4,0.2,NORMAL,NORMAL,False,available,available,201.0,0.20043,,False,,,,not_attempted,False,,True,cloud,0.20062,End-to-End Recovery Lifecycle
2026-08-22 18:42:35.396,4.1,TC07-batch-20260822T184151-4d9be0,TC07-20260822T184214183587-run2-408c2c,TC07,end_to_end_recovery_lifecycle,2,post_recovery_verification,7,v41-TC07-2-7-2513d749,0.2,NORMAL,NORMAL,False,available,available,201.0,0.197182,,False,,,,not_attempted,False,,True,cloud,0.19728,End-to-End Recovery Lifecycle
2026-08-22 18:42:35.783,4.1,TC07-batch-20260822T184151-4d9be0,TC07-20260822T184214183587-run2-408c2c,TC07,end_to_end_recovery_lifecycle,2,post_recovery_verification,8,v41-TC07-2-8-ee9f87bc,0.2,NORMAL,NORMAL,False,available,available,201.0,0.1855,,False,,,,not_attempted,False,,True,cloud,0.185614,End-to-End Recovery Lifecycle
2026-08-22 18:42:36.150,4.1,TC07-batch-20260822T184151-4d9be0,TC07-20260822T184214183587-run2-408c2c,TC07,end_to_end_recovery_lifecycle,2,post_recovery_verification,9,v41-TC07-2-9-4f393c53,0.2,NORMAL,NORMAL,False,available,available,201.0,0.165845,,False,,,,not_attempted,False,,True,cloud,0.166021,End-to-End Recovery Lifecycle
2026-08-22 18:42:36.554,4.1,TC07-batch-20260822T184151-4d9be0,TC07-20260822T184214183587-run2-408c2c,TC07,end_to_end_recovery_lifecycle,2,post_recovery_verification,10,v41-TC07-2-10-e737ada1,0.2,NORMAL,NORMAL,False,available,available,201.0,0.19991,,False,,,,not_attempted,False,,True,cloud,0.200146,End-to-End Recovery Lifecycle
2026-08-22 18:42:37.405,4.1,TC07-batch-20260822T184151-4d9be0,TC07-20260822T184237197894-run3-c4c88e,TC07,end_to_end_recovery_lifecycle,3,normal_baseline,1,v41-TC07-3-1-42773701,0.2,NORMAL,NORMAL,False,available,available,201.0,0.190627,,False,,,,not_attempted,False,,True,cloud,0.190739,End-to-End Recovery Lifecycle
2026-08-22 18:42:37.819,4.1,TC07-batch-20260822T184151-4d9be0,TC07-20260822T184237197894-run3-c4c88e,TC07,end_to_end_recovery_lifecycle,3,normal_baseline,2,v41-TC07-3-2-0efa6038,0.2,NORMAL,NORMAL,False,available,available,201.0,0.209287,,False,,,,not_attempted,False,,True,cloud,0.209442,End-to-End Recovery Lifecycle
2026-08-22 18:42:38.219,4.1,TC07-batch-20260822T184151-4d9be0,TC07-20260822T184237197894-run3-c4c88e,TC07,end_to_end_recovery_lifecycle,3,normal_baseline,3,v41-TC07-3-3-ecbfa2be,0.2,NORMAL,NORMAL,False,available,available,201.0,0.197373,,False,,,,not_attempted,False,,True,cloud,0.197568,End-to-End Recovery Lifecycle
2026-08-22 18:42:38.639,4.1,TC07-batch-20260822T184151-4d9be0,TC07-20260822T184237197894-run3-c4c88e,TC07,end_to_end_recovery_lifecycle,3,normal_baseline,4,v41-TC07-3-4-c10a8c90,0.2,NORMAL,NORMAL,False,available,available,201.0,0.217887,,False,,,,not_attempted,False,,True,cloud,0.21798,End-to-End Recovery Lifecycle
2026-08-22 18:42:39.052,4.1,TC07-batch-20260822T184151-4d9be0,TC07-20260822T184237197894-run3-c4c88e,TC07,end_to_end_recovery_lifecycle,3,normal_baseline,5,v41-TC07-3-5-945eb68a,0.2,NORMAL,NORMAL,False,available,available,201.0,0.211643,,False,,,,not_attempted,False,,True,cloud,0.21183,End-to-End Recovery Lifecycle
2026-08-22 18:42:39.472,4.1,TC07-batch-20260822T184151-4d9be0,TC07-20260822T184237197894-run3-c4c88e,TC07,end_to_end_recovery_lifecycle,3,normal_baseline,6,v41-TC07-3-6-20b04260,0.2,NORMAL,NORMAL,False,available,available,201.0,0.21328,,False,,,,not_attempted,False,,True,cloud,0.213401,End-to-End Recovery Lifecycle
2026-08-22 18:42:39.873,4.1,TC07-batch-20260822T184151-4d9be0,TC07-20260822T184237197894-run3-c4c88e,TC07,end_to_end_recovery_lifecycle,3,normal_baseline,7,v41-TC07-3-7-df75ac68,0.2,NORMAL,NORMAL,False,available,available,201.0,0.199097,,False,,,,not_attempted,False,,True,cloud,0.19919,End-to-End Recovery Lifecycle
2026-08-22 18:42:40.271,4.1,TC07-batch-20260822T184151-4d9be0,TC07-20260822T184237197894-run3-c4c88e,TC07,end_to_end_recovery_lifecycle,3,normal_baseline,8,v41-TC07-3-8-dee13439,0.2,NORMAL,NORMAL,False,available,available,201.0,0.197346,,False,,,,not_attempted,False,,True,cloud,0.197453,End-to-End Recovery Lifecycle
2026-08-22 18:42:40.665,4.1,TC07-batch-20260822T184151-4d9be0,TC07-20260822T184237197894-run3-c4c88e,TC07,end_to_end_recovery_lifecycle,3,normal_baseline,9,v41-TC07-3-9-b0ebc089,0.2,NORMAL,NORMAL,False,available,available,201.0,0.192465,,False,,,,not_attempted,False,,True,cloud,0.192734,End-to-End Recovery Lifecycle
2026-08-22 18:42:41.049,4.1,TC07-batch-20260822T184151-4d9be0,TC07-20260822T184237197894-run3-c4c88e,TC07,end_to_end_recovery_lifecycle,3,normal_baseline,10,v41-TC07-3-10-21f7a1c7,0.2,NORMAL,NORMAL,False,available,available,201.0,0.180772,,False,,,,not_attempted,False,,True,cloud,0.180858,End-to-End Recovery Lifecycle
2026-08-22 18:42:44.005,4.1,TC07-batch-20260822T184151-4d9be0,TC07-20260822T184237197894-run3-c4c88e,TC07,end_to_end_recovery_lifecycle,3,cloud_outage,1,v41-TC07-3-1-ae5b2764,0.2,NORMAL,EDGE_DEGRADED,True,failed,available,,2.013448,"ConnectTimeout: HTTPConnectionPool(host='127.0.0.1', port=5000): Max retries exceeded with url: /add_order (Caused by ConnectTimeoutError(<HTTPConnection(host='127.0.0.1', port=5000) at 0x14710382250>, 'Connection to 127.0.0.1 timed out. (connect timeout=2.0)'))",True,2.013448,201.0,0.19297,,True,2.20656,True,edge,2.206569,End-to-End Recovery Lifecycle
2026-08-22 18:42:49.213,4.1,TC07-batch-20260822T184151-4d9be0,TC07-20260822T184237197894-run3-c4c88e,TC07,end_to_end_recovery_lifecycle,3,cloud_outage,2,v41-TC07-3-2-b9b6cdae,0.2,EDGE_DEGRADED,SERVICE_UNAVAILABLE,True,failed,available,,,not_attempted,False,,,5.006992,"ReadTimeout: HTTPConnectionPool(host='127.0.0.1', port=5001): Read timed out. (read timeout=5.0)",False,,False,none,5.007033,End-to-End Recovery Lifecycle
2026-08-22 18:42:49.610,4.1,TC07-batch-20260822T184151-4d9be0,TC07-20260822T184237197894-run3-c4c88e,TC07,end_to_end_recovery_lifecycle,3,cloud_outage,3,v41-TC07-3-3-b1c7ff34,0.2,SERVICE_UNAVAILABLE,EDGE_DEGRADED,True,failed,available,,,not_attempted,False,,201.0,0.193746,,False,,True,edge,0.194041,End-to-End Recovery Lifecycle
2026-08-22 18:42:50.018,4.1,TC07-batch-20260822T184151-4d9be0,TC07-20260822T184237197894-run3-c4c88e,TC07,end_to_end_recovery_lifecycle,3,cloud_outage,4,v41-TC07-3-4-fb223253,0.2,EDGE_DEGRADED,EDGE_DEGRADED,True,failed,available,,,not_attempted,False,,201.0,0.204942,,False,,True,edge,0.205095,End-to-End Recovery Lifecycle
2026-08-22 18:42:50.440,4.1,TC07-batch-20260822T184151-4d9be0,TC07-20260822T184237197894-run3-c4c88e,TC07,end_to_end_recovery_lifecycle,3,cloud_outage,5,v41-TC07-3-5-bb1fcd40,0.2,EDGE_DEGRADED,EDGE_DEGRADED,True,failed,available,,,not_attempted,False,,201.0,0.219483,,False,,True,edge,0.219599,End-to-End Recovery Lifecycle
2026-08-22 18:42:50.828,4.1,TC07-batch-20260822T184151-4d9be0,TC07-20260822T184237197894-run3-c4c88e,TC07,end_to_end_recovery_lifecycle,3,cloud_outage,6,v41-TC07-3-6-d20cb109,0.2,EDGE_DEGRADED,EDGE_DEGRADED,True,failed,available,,,not_attempted,False,,201.0,0.186313,,False,,True,edge,0.186411,End-to-End Recovery Lifecycle
2026-08-22 18:42:51.264,4.1,TC07-batch-20260822T184151-4d9be0,TC07-20260822T184237197894-run3-c4c88e,TC07,end_to_end_recovery_lifecycle,3,cloud_outage,7,v41-TC07-3-7-ca53da79,0.2,EDGE_DEGRADED,EDGE_DEGRADED,True,failed,available,,,not_attempted,False,,201.0,0.232523,,False,,True,edge,0.23267,End-to-End Recovery Lifecycle
2026-08-22 18:42:51.671,4.1,TC07-batch-20260822T184151-4d9be0,TC07-20260822T184237197894-run3-c4c88e,TC07,end_to_end_recovery_lifecycle,3,cloud_outage,8,v41-TC07-3-8-e698800c,0.2,EDGE_DEGRADED,EDGE_DEGRADED,True,failed,available,,,not_attempted,False,,201.0,0.206277,,False,,True,edge,0.206362,End-to-End Recovery Lifecycle
2026-08-22 18:42:52.086,4.1,TC07-batch-20260822T184151-4d9be0,TC07-20260822T184237197894-run3-c4c88e,TC07,end_to_end_recovery_lifecycle,3,cloud_outage,9,v41-TC07-3-9-e08de69a,0.2,EDGE_DEGRADED,EDGE_DEGRADED,True,failed,available,,,not_attempted,False,,201.0,0.213958,,False,,True,edge,0.214147,End-to-End Recovery Lifecycle
2026-08-22 18:42:52.462,4.1,TC07-batch-20260822T184151-4d9be0,TC07-20260822T184237197894-run3-c4c88e,TC07,end_to_end_recovery_lifecycle,3,cloud_outage,10,v41-TC07-3-10-58360b6f,0.2,EDGE_DEGRADED,EDGE_DEGRADED,True,failed,available,,,not_attempted,False,,201.0,0.173061,,False,,True,edge,0.173149,End-to-End Recovery Lifecycle
2026-08-22 18:42:58.772,4.1,TC07-batch-20260822T184151-4d9be0,TC07-20260822T184237197894-run3-c4c88e,TC07,end_to_end_recovery_lifecycle,3,post_recovery_verification,1,v41-TC07-3-1-553d8c2e,0.2,NORMAL,NORMAL,False,available,available,201.0,0.186954,,False,,,,not_attempted,False,,True,cloud,0.187017,End-to-End Recovery Lifecycle
2026-08-22 18:42:59.159,4.1,TC07-batch-20260822T184151-4d9be0,TC07-20260822T184237197894-run3-c4c88e,TC07,end_to_end_recovery_lifecycle,3,post_recovery_verification,2,v41-TC07-3-2-ef48bbb4,0.2,NORMAL,NORMAL,False,available,available,201.0,0.185061,,False,,,,not_attempted,False,,True,cloud,0.185271,End-to-End Recovery Lifecycle
2026-08-22 18:42:59.563,4.1,TC07-batch-20260822T184151-4d9be0,TC07-20260822T184237197894-run3-c4c88e,TC07,end_to_end_recovery_lifecycle,3,post_recovery_verification,3,v41-TC07-3-3-450e150b,0.2,NORMAL,NORMAL,False,available,available,201.0,0.201788,,False,,,,not_attempted,False,,True,cloud,0.201937,End-to-End Recovery Lifecycle
2026-08-22 18:42:59.950,4.1,TC07-batch-20260822T184151-4d9be0,TC07-20260822T184237197894-run3-c4c88e,TC07,end_to_end_recovery_lifecycle,3,post_recovery_verification,4,v41-TC07-3-4-9c3e7e03,0.2,NORMAL,NORMAL,False,available,available,201.0,0.185523,,False,,,,not_attempted,False,,True,cloud,0.185621,End-to-End Recovery Lifecycle
2026-08-22 18:43:00.365,4.1,TC07-batch-20260822T184151-4d9be0,TC07-20260822T184237197894-run3-c4c88e,TC07,end_to_end_recovery_lifecycle,3,post_recovery_verification,5,v41-TC07-3-5-72b185ba,0.2,NORMAL,NORMAL,False,available,available,201.0,0.212869,,False,,,,not_attempted,False,,True,cloud,0.212992,End-to-End Recovery Lifecycle
2026-08-22 18:43:00.773,4.1,TC07-batch-20260822T184151-4d9be0,TC07-20260822T184237197894-run3-c4c88e,TC07,end_to_end_recovery_lifecycle,3,post_recovery_verification,6,v41-TC07-3-6-56049523,0.2,NORMAL,NORMAL,False,available,available,201.0,0.204611,,False,,,,not_attempted,False,,True,cloud,0.204764,End-to-End Recovery Lifecycle
2026-08-22 18:43:01.163,4.1,TC07-batch-20260822T184151-4d9be0,TC07-20260822T184237197894-run3-c4c88e,TC07,end_to_end_recovery_lifecycle,3,post_recovery_verification,7,v41-TC07-3-7-0522cda7,0.2,NORMAL,NORMAL,False,available,available,201.0,0.188683,,False,,,,not_attempted,False,,True,cloud,0.188817,End-to-End Recovery Lifecycle
2026-08-22 18:43:01.544,4.1,TC07-batch-20260822T184151-4d9be0,TC07-20260822T184237197894-run3-c4c88e,TC07,end_to_end_recovery_lifecycle,3,post_recovery_verification,8,v41-TC07-3-8-e43f775b,0.2,NORMAL,NORMAL,False,available,available,201.0,0.179512,,False,,,,not_attempted,False,,True,cloud,0.179795,End-to-End Recovery Lifecycle
2026-08-22 18:43:01.950,4.1,TC07-batch-20260822T184151-4d9be0,TC07-20260822T184237197894-run3-c4c88e,TC07,end_to_end_recovery_lifecycle,3,post_recovery_verification,9,v41-TC07-3-9-723630e8,0.2,NORMAL,NORMAL,False,available,available,201.0,0.202413,,False,,,,not_attempted,False,,True,cloud,0.202526,End-to-End Recovery Lifecycle
2026-08-22 18:43:02.361,4.1,TC07-batch-20260822T184151-4d9be0,TC07-20260822T184237197894-run3-c4c88e,TC07,end_to_end_recovery_lifecycle,3,post_recovery_verification,10,v41-TC07-3-10-478583d3,0.2,NORMAL,NORMAL,False,available,available,201.0,0.208412,,False,,,,not_attempted,False,,True,cloud,0.208502,End-to-End Recovery Lifecycle
2026-08-22 18:43:03.251,4.1,TC07-batch-20260822T184151-4d9be0,TC07-20260822T184303016055-run4-de86c9,TC07,end_to_end_recovery_lifecycle,4,normal_baseline,1,v41-TC07-4-1-a6292236,0.2,NORMAL,NORMAL,False,available,available,201.0,0.199855,,False,,,,not_attempted,False,,True,cloud,0.19997,End-to-End Recovery Lifecycle
2026-08-22 18:43:03.641,4.1,TC07-batch-20260822T184151-4d9be0,TC07-20260822T184303016055-run4-de86c9,TC07,end_to_end_recovery_lifecycle,4,normal_baseline,2,v41-TC07-4-2-11990c1b,0.2,NORMAL,NORMAL,False,available,available,201.0,0.188296,,False,,,,not_attempted,False,,True,cloud,0.188405,End-to-End Recovery Lifecycle
2026-08-22 18:43:04.052,4.1,TC07-batch-20260822T184151-4d9be0,TC07-20260822T184303016055-run4-de86c9,TC07,end_to_end_recovery_lifecycle,4,normal_baseline,3,v41-TC07-4-3-f52cbd0e,0.2,NORMAL,NORMAL,False,available,available,201.0,0.209832,,False,,,,not_attempted,False,,True,cloud,0.209939,End-to-End Recovery Lifecycle
2026-08-22 18:43:04.463,4.1,TC07-batch-20260822T184151-4d9be0,TC07-20260822T184303016055-run4-de86c9,TC07,end_to_end_recovery_lifecycle,4,normal_baseline,4,v41-TC07-4-4-7b68b652,0.2,NORMAL,NORMAL,False,available,available,201.0,0.209292,,False,,,,not_attempted,False,,True,cloud,0.209397,End-to-End Recovery Lifecycle
2026-08-22 18:43:04.862,4.1,TC07-batch-20260822T184151-4d9be0,TC07-20260822T184303016055-run4-de86c9,TC07,end_to_end_recovery_lifecycle,4,normal_baseline,5,v41-TC07-4-5-ba6a5946,0.2,NORMAL,NORMAL,False,available,available,201.0,0.197172,,False,,,,not_attempted,False,,True,cloud,0.197269,End-to-End Recovery Lifecycle
2026-08-22 18:43:05.273,4.1,TC07-batch-20260822T184151-4d9be0,TC07-20260822T184303016055-run4-de86c9,TC07,end_to_end_recovery_lifecycle,4,normal_baseline,6,v41-TC07-4-6-85e19c10,0.2,NORMAL,NORMAL,False,available,available,201.0,0.209138,,False,,,,not_attempted,False,,True,cloud,0.209238,End-to-End Recovery Lifecycle
2026-08-22 18:43:05.717,4.1,TC07-batch-20260822T184151-4d9be0,TC07-20260822T184303016055-run4-de86c9,TC07,end_to_end_recovery_lifecycle,4,normal_baseline,7,v41-TC07-4-7-91bb5477,0.2,NORMAL,NORMAL,False,available,available,201.0,0.24328,,False,,,,not_attempted,False,,True,cloud,0.243378,End-to-End Recovery Lifecycle
2026-08-22 18:43:06.105,4.1,TC07-batch-20260822T184151-4d9be0,TC07-20260822T184303016055-run4-de86c9,TC07,end_to_end_recovery_lifecycle,4,normal_baseline,8,v41-TC07-4-8-b60843a6,0.2,NORMAL,NORMAL,False,available,available,201.0,0.186428,,False,,,,not_attempted,False,,True,cloud,0.186537,End-to-End Recovery Lifecycle
2026-08-22 18:43:06.506,4.1,TC07-batch-20260822T184151-4d9be0,TC07-20260822T184303016055-run4-de86c9,TC07,end_to_end_recovery_lifecycle,4,normal_baseline,9,v41-TC07-4-9-d9226d32,0.2,NORMAL,NORMAL,False,available,available,201.0,0.199091,,False,,,,not_attempted,False,,True,cloud,0.199166,End-to-End Recovery Lifecycle
2026-08-22 18:43:06.894,4.1,TC07-batch-20260822T184151-4d9be0,TC07-20260822T184303016055-run4-de86c9,TC07,end_to_end_recovery_lifecycle,4,normal_baseline,10,v41-TC07-4-10-3543028e,0.2,NORMAL,NORMAL,False,available,available,201.0,0.186821,,False,,,,not_attempted,False,,True,cloud,0.186885,End-to-End Recovery Lifecycle
2026-08-22 18:43:09.905,4.1,TC07-batch-20260822T184151-4d9be0,TC07-20260822T184303016055-run4-de86c9,TC07,end_to_end_recovery_lifecycle,4,cloud_outage,1,v41-TC07-4-1-c068ec71,0.2,NORMAL,EDGE_DEGRADED,True,failed,available,,1.998647,"ConnectTimeout: HTTPConnectionPool(host='127.0.0.1', port=5000): Max retries exceeded with url: /add_order (Caused by ConnectTimeoutError(<HTTPConnection(host='127.0.0.1', port=5000) at 0x1471046b240>, 'Connection to 127.0.0.1 timed out. (connect timeout=2.0)'))",True,1.998647,201.0,0.23322,,True,2.231966,True,edge,2.231968,End-to-End Recovery Lifecycle
2026-08-22 18:43:10.309,4.1,TC07-batch-20260822T184151-4d9be0,TC07-20260822T184303016055-run4-de86c9,TC07,end_to_end_recovery_lifecycle,4,cloud_outage,2,v41-TC07-4-2-d9021c37,0.2,EDGE_DEGRADED,EDGE_DEGRADED,True,failed,available,,,not_attempted,False,,201.0,0.202659,,False,,True,edge,0.203205,End-to-End Recovery Lifecycle
2026-08-22 18:43:10.706,4.1,TC07-batch-20260822T184151-4d9be0,TC07-20260822T184303016055-run4-de86c9,TC07,end_to_end_recovery_lifecycle,4,cloud_outage,3,v41-TC07-4-3-22cedca7,0.2,EDGE_DEGRADED,EDGE_DEGRADED,True,failed,available,,,not_attempted,False,,201.0,0.194,,False,,True,edge,0.194124,End-to-End Recovery Lifecycle
2026-08-22 18:43:11.107,4.1,TC07-batch-20260822T184151-4d9be0,TC07-20260822T184303016055-run4-de86c9,TC07,end_to_end_recovery_lifecycle,4,cloud_outage,4,v41-TC07-4-4-3d65ae45,0.2,EDGE_DEGRADED,EDGE_DEGRADED,True,failed,available,,,not_attempted,False,,201.0,0.19967,,False,,True,edge,0.199729,End-to-End Recovery Lifecycle
2026-08-22 18:43:11.529,4.1,TC07-batch-20260822T184151-4d9be0,TC07-20260822T184303016055-run4-de86c9,TC07,end_to_end_recovery_lifecycle,4,cloud_outage,5,v41-TC07-4-5-b2fb57b6,0.2,EDGE_DEGRADED,EDGE_DEGRADED,True,failed,available,,,not_attempted,False,,201.0,0.219894,,False,,True,edge,0.220021,End-to-End Recovery Lifecycle
2026-08-22 18:43:11.929,4.1,TC07-batch-20260822T184151-4d9be0,TC07-20260822T184303016055-run4-de86c9,TC07,end_to_end_recovery_lifecycle,4,cloud_outage,6,v41-TC07-4-6-c8448635,0.2,EDGE_DEGRADED,EDGE_DEGRADED,True,failed,available,,,not_attempted,False,,201.0,0.198383,,False,,True,edge,0.198506,End-to-End Recovery Lifecycle
2026-08-22 18:43:12.321,4.1,TC07-batch-20260822T184151-4d9be0,TC07-20260822T184303016055-run4-de86c9,TC07,end_to_end_recovery_lifecycle,4,cloud_outage,7,v41-TC07-4-7-4b2ca2bb,0.2,EDGE_DEGRADED,EDGE_DEGRADED,True,failed,available,,,not_attempted,False,,201.0,0.190315,,False,,True,edge,0.190503,End-to-End Recovery Lifecycle
2026-08-22 18:43:12.707,4.1,TC07-batch-20260822T184151-4d9be0,TC07-20260822T184303016055-run4-de86c9,TC07,end_to_end_recovery_lifecycle,4,cloud_outage,8,v41-TC07-4-8-36da4f8d,0.2,EDGE_DEGRADED,EDGE_DEGRADED,True,failed,available,,,not_attempted,False,,201.0,0.183816,,False,,True,edge,0.183905,End-to-End Recovery Lifecycle
2026-08-22 18:43:13.105,4.1,TC07-batch-20260822T184151-4d9be0,TC07-20260822T184303016055-run4-de86c9,TC07,end_to_end_recovery_lifecycle,4,cloud_outage,9,v41-TC07-4-9-7d4c876e,0.2,EDGE_DEGRADED,EDGE_DEGRADED,True,failed,available,,,not_attempted,False,,201.0,0.19717,,False,,True,edge,0.197233,End-to-End Recovery Lifecycle
2026-08-22 18:43:13.520,4.1,TC07-batch-20260822T184151-4d9be0,TC07-20260822T184303016055-run4-de86c9,TC07,end_to_end_recovery_lifecycle,4,cloud_outage,10,v41-TC07-4-10-cccd0559,0.2,EDGE_DEGRADED,EDGE_DEGRADED,True,failed,available,,,not_attempted,False,,201.0,0.213025,,False,,True,edge,0.21315,End-to-End Recovery Lifecycle
2026-08-22 18:43:20.495,4.1,TC07-batch-20260822T184151-4d9be0,TC07-20260822T184303016055-run4-de86c9,TC07,end_to_end_recovery_lifecycle,4,post_recovery_verification,1,v41-TC07-4-1-2fd11276,0.2,NORMAL,NORMAL,False,available,available,201.0,0.170836,,False,,,,not_attempted,False,,True,cloud,0.170909,End-to-End Recovery Lifecycle
2026-08-22 18:43:20.896,4.1,TC07-batch-20260822T184151-4d9be0,TC07-20260822T184303016055-run4-de86c9,TC07,end_to_end_recovery_lifecycle,4,post_recovery_verification,2,v41-TC07-4-2-9d25a7f2,0.2,NORMAL,NORMAL,False,available,available,201.0,0.199617,,False,,,,not_attempted,False,,True,cloud,0.199706,End-to-End Recovery Lifecycle
2026-08-22 18:43:21.429,4.1,TC07-batch-20260822T184151-4d9be0,TC07-20260822T184303016055-run4-de86c9,TC07,end_to_end_recovery_lifecycle,4,post_recovery_verification,3,v41-TC07-4-3-31283b9e,0.2,NORMAL,NORMAL,False,available,available,201.0,0.293109,,False,,,,not_attempted,False,,True,cloud,0.293212,End-to-End Recovery Lifecycle
2026-08-22 18:43:21.920,4.1,TC07-batch-20260822T184151-4d9be0,TC07-20260822T184303016055-run4-de86c9,TC07,end_to_end_recovery_lifecycle,4,post_recovery_verification,4,v41-TC07-4-4-32d1353d,0.2,NORMAL,NORMAL,False,available,available,201.0,0.290131,,False,,,,not_attempted,False,,True,cloud,0.290265,End-to-End Recovery Lifecycle
2026-08-22 18:43:22.328,4.1,TC07-batch-20260822T184151-4d9be0,TC07-20260822T184303016055-run4-de86c9,TC07,end_to_end_recovery_lifecycle,4,post_recovery_verification,5,v41-TC07-4-5-ea9befb1,0.2,NORMAL,NORMAL,False,available,available,201.0,0.206423,,False,,,,not_attempted,False,,True,cloud,0.206574,End-to-End Recovery Lifecycle
2026-08-22 18:43:22.707,4.1,TC07-batch-20260822T184151-4d9be0,TC07-20260822T184303016055-run4-de86c9,TC07,end_to_end_recovery_lifecycle,4,post_recovery_verification,6,v41-TC07-4-6-56d5e09d,0.2,NORMAL,NORMAL,False,available,available,201.0,0.177553,,False,,,,not_attempted,False,,True,cloud,0.177657,End-to-End Recovery Lifecycle
2026-08-22 18:43:23.221,4.1,TC07-batch-20260822T184151-4d9be0,TC07-20260822T184303016055-run4-de86c9,TC07,end_to_end_recovery_lifecycle,4,post_recovery_verification,7,v41-TC07-4-7-e2d6525b,0.2,NORMAL,NORMAL,False,available,available,201.0,0.312065,,False,,,,not_attempted,False,,True,cloud,0.312171,End-to-End Recovery Lifecycle
2026-08-22 18:43:23.608,4.1,TC07-batch-20260822T184151-4d9be0,TC07-20260822T184303016055-run4-de86c9,TC07,end_to_end_recovery_lifecycle,4,post_recovery_verification,8,v41-TC07-4-8-f19d0d93,0.2,NORMAL,NORMAL,False,available,available,201.0,0.186009,,False,,,,not_attempted,False,,True,cloud,0.186119,End-to-End Recovery Lifecycle
2026-08-22 18:43:24.125,4.1,TC07-batch-20260822T184151-4d9be0,TC07-20260822T184303016055-run4-de86c9,TC07,end_to_end_recovery_lifecycle,4,post_recovery_verification,9,v41-TC07-4-9-e1e8fd2f,0.2,NORMAL,NORMAL,False,available,available,201.0,0.314989,,False,,,,not_attempted,False,,True,cloud,0.315112,End-to-End Recovery Lifecycle
2026-08-22 18:43:24.546,4.1,TC07-batch-20260822T184151-4d9be0,TC07-20260822T184303016055-run4-de86c9,TC07,end_to_end_recovery_lifecycle,4,post_recovery_verification,10,v41-TC07-4-10-b5f3ccab,0.2,NORMAL,NORMAL,False,available,available,201.0,0.219282,,False,,,,not_attempted,False,,True,cloud,0.219987,End-to-End Recovery Lifecycle
2026-08-22 18:43:25.510,4.1,TC07-batch-20260822T184151-4d9be0,TC07-20260822T184325225993-run5-95a7a2,TC07,end_to_end_recovery_lifecycle,5,normal_baseline,1,v41-TC07-5-1-98c06928,0.2,NORMAL,NORMAL,False,available,available,201.0,0.269448,,False,,,,not_attempted,False,,True,cloud,0.269644,End-to-End Recovery Lifecycle
2026-08-22 18:43:25.928,4.1,TC07-batch-20260822T184151-4d9be0,TC07-20260822T184325225993-run5-95a7a2,TC07,end_to_end_recovery_lifecycle,5,normal_baseline,2,v41-TC07-5-2-77bbbfed,0.2,NORMAL,NORMAL,False,available,available,201.0,0.215357,,False,,,,not_attempted,False,,True,cloud,0.215457,End-to-End Recovery Lifecycle
2026-08-22 18:43:26.435,4.1,TC07-batch-20260822T184151-4d9be0,TC07-20260822T184325225993-run5-95a7a2,TC07,end_to_end_recovery_lifecycle,5,normal_baseline,3,v41-TC07-5-3-13da3cba,0.2,NORMAL,NORMAL,False,available,available,201.0,0.305102,,False,,,,not_attempted,False,,True,cloud,0.30517,End-to-End Recovery Lifecycle
2026-08-22 18:43:28.187,4.1,TC07-batch-20260822T184151-4d9be0,TC07-20260822T184325225993-run5-95a7a2,TC07,end_to_end_recovery_lifecycle,5,normal_baseline,4,v41-TC07-5-4-5c338f10,0.2,NORMAL,NORMAL,False,available,available,201.0,1.550662,,False,,,,not_attempted,False,,True,cloud,1.550854,End-to-End Recovery Lifecycle
2026-08-22 18:43:28.644,4.1,TC07-batch-20260822T184151-4d9be0,TC07-20260822T184325225993-run5-95a7a2,TC07,end_to_end_recovery_lifecycle,5,normal_baseline,5,v41-TC07-5-5-79e6677d,0.2,NORMAL,NORMAL,False,available,available,201.0,0.252496,,False,,,,not_attempted,False,,True,cloud,0.252689,End-to-End Recovery Lifecycle
2026-08-22 18:43:29.180,4.1,TC07-batch-20260822T184151-4d9be0,TC07-20260822T184325225993-run5-95a7a2,TC07,end_to_end_recovery_lifecycle,5,normal_baseline,6,v41-TC07-5-6-b0700714,0.2,NORMAL,NORMAL,False,available,available,201.0,0.33214,,False,,,,not_attempted,False,,True,cloud,0.332216,End-to-End Recovery Lifecycle
2026-08-22 18:43:29.597,4.1,TC07-batch-20260822T184151-4d9be0,TC07-20260822T184325225993-run5-95a7a2,TC07,end_to_end_recovery_lifecycle,5,normal_baseline,7,v41-TC07-5-7-0ebc90dc,0.2,NORMAL,NORMAL,False,available,available,201.0,0.216094,,False,,,,not_attempted,False,,True,cloud,0.216232,End-to-End Recovery Lifecycle
2026-08-22 18:43:30.020,4.1,TC07-batch-20260822T184151-4d9be0,TC07-20260822T184325225993-run5-95a7a2,TC07,end_to_end_recovery_lifecycle,5,normal_baseline,8,v41-TC07-5-8-81d9db0b,0.2,NORMAL,NORMAL,False,available,available,201.0,0.220834,,False,,,,not_attempted,False,,True,cloud,0.220994,End-to-End Recovery Lifecycle
2026-08-22 18:43:30.509,4.1,TC07-batch-20260822T184151-4d9be0,TC07-20260822T184325225993-run5-95a7a2,TC07,end_to_end_recovery_lifecycle,5,normal_baseline,9,v41-TC07-5-9-28e1ad20,0.2,NORMAL,NORMAL,False,available,available,201.0,0.287721,,False,,,,not_attempted,False,,True,cloud,0.287911,End-to-End Recovery Lifecycle
2026-08-22 18:43:30.968,4.1,TC07-batch-20260822T184151-4d9be0,TC07-20260822T184325225993-run5-95a7a2,TC07,end_to_end_recovery_lifecycle,5,normal_baseline,10,v41-TC07-5-10-3ec63258,0.2,NORMAL,NORMAL,False,available,available,201.0,0.255944,,False,,,,not_attempted,False,,True,cloud,0.256095,End-to-End Recovery Lifecycle
2026-08-22 18:43:34.243,4.1,TC07-batch-20260822T184151-4d9be0,TC07-20260822T184325225993-run5-95a7a2,TC07,end_to_end_recovery_lifecycle,5,cloud_outage,1,v41-TC07-5-1-5dd4658f,0.2,NORMAL,EDGE_DEGRADED,True,failed,available,,2.014232,"ConnectTimeout: HTTPConnectionPool(host='127.0.0.1', port=5000): Max retries exceeded with url: /add_order (Caused by ConnectTimeoutError(<HTTPConnection(host='127.0.0.1', port=5000) at 0x1471046bdf0>, 'Connection to 127.0.0.1 timed out. (connect timeout=2.0)'))",True,2.014232,201.0,0.35237,,True,2.366843,True,edge,2.366852,End-to-End Recovery Lifecycle
2026-08-22 18:43:34.664,4.1,TC07-batch-20260822T184151-4d9be0,TC07-20260822T184325225993-run5-95a7a2,TC07,end_to_end_recovery_lifecycle,5,cloud_outage,2,v41-TC07-5-2-b4b89ace,0.2,EDGE_DEGRADED,EDGE_DEGRADED,True,failed,available,,,not_attempted,False,,201.0,0.218746,,False,,True,edge,0.218872,End-to-End Recovery Lifecycle
2026-08-22 18:43:35.159,4.1,TC07-batch-20260822T184151-4d9be0,TC07-20260822T184325225993-run5-95a7a2,TC07,end_to_end_recovery_lifecycle,5,cloud_outage,3,v41-TC07-5-3-15ba04fa,0.2,EDGE_DEGRADED,EDGE_DEGRADED,True,failed,available,,,not_attempted,False,,201.0,0.293568,,False,,True,edge,0.29369,End-to-End Recovery Lifecycle
2026-08-22 18:43:35.552,4.1,TC07-batch-20260822T184151-4d9be0,TC07-20260822T184325225993-run5-95a7a2,TC07,end_to_end_recovery_lifecycle,5,cloud_outage,4,v41-TC07-5-4-e05fff01,0.2,EDGE_DEGRADED,EDGE_DEGRADED,True,failed,available,,,not_attempted,False,,201.0,0.19087,,False,,True,edge,0.190948,End-to-End Recovery Lifecycle
2026-08-22 18:43:35.951,4.1,TC07-batch-20260822T184151-4d9be0,TC07-20260822T184325225993-run5-95a7a2,TC07,end_to_end_recovery_lifecycle,5,cloud_outage,5,v41-TC07-5-5-be7f9c4b,0.2,EDGE_DEGRADED,EDGE_DEGRADED,True,failed,available,,,not_attempted,False,,201.0,0.197695,,False,,True,edge,0.197785,End-to-End Recovery Lifecycle
2026-08-22 18:43:36.463,4.1,TC07-batch-20260822T184151-4d9be0,TC07-20260822T184325225993-run5-95a7a2,TC07,end_to_end_recovery_lifecycle,5,cloud_outage,6,v41-TC07-5-6-536a5286,0.2,EDGE_DEGRADED,EDGE_DEGRADED,True,failed,available,,,not_attempted,False,,201.0,0.310599,,False,,True,edge,0.310697,End-to-End Recovery Lifecycle
2026-08-22 18:43:36.862,4.1,TC07-batch-20260822T184151-4d9be0,TC07-20260822T184325225993-run5-95a7a2,TC07,end_to_end_recovery_lifecycle,5,cloud_outage,7,v41-TC07-5-7-5a83c80f,0.2,EDGE_DEGRADED,EDGE_DEGRADED,True,failed,available,,,not_attempted,False,,201.0,0.197742,,False,,True,edge,0.197853,End-to-End Recovery Lifecycle
2026-08-22 18:43:37.395,4.1,TC07-batch-20260822T184151-4d9be0,TC07-20260822T184325225993-run5-95a7a2,TC07,end_to_end_recovery_lifecycle,5,cloud_outage,8,v41-TC07-5-8-4bccbe0f,0.2,EDGE_DEGRADED,EDGE_DEGRADED,True,failed,available,,,not_attempted,False,,201.0,0.331067,,False,,True,edge,0.331254,End-to-End Recovery Lifecycle
2026-08-22 18:43:37.808,4.1,TC07-batch-20260822T184151-4d9be0,TC07-20260822T184325225993-run5-95a7a2,TC07,end_to_end_recovery_lifecycle,5,cloud_outage,9,v41-TC07-5-9-2edcd0d4,0.2,EDGE_DEGRADED,EDGE_DEGRADED,True,failed,available,,,not_attempted,False,,201.0,0.210702,,False,,True,edge,0.210881,End-to-End Recovery Lifecycle
2026-08-22 18:43:38.201,4.1,TC07-batch-20260822T184151-4d9be0,TC07-20260822T184325225993-run5-95a7a2,TC07,end_to_end_recovery_lifecycle,5,cloud_outage,10,v41-TC07-5-10-3afe3375,0.2,EDGE_DEGRADED,EDGE_DEGRADED,True,failed,available,,,not_attempted,False,,201.0,0.19101,,False,,True,edge,0.191178,End-to-End Recovery Lifecycle
2026-08-22 18:43:44.852,4.1,TC07-batch-20260822T184151-4d9be0,TC07-20260822T184325225993-run5-95a7a2,TC07,end_to_end_recovery_lifecycle,5,post_recovery_verification,1,v41-TC07-5-1-40469854,0.2,NORMAL,NORMAL,False,available,available,201.0,0.249214,,False,,,,not_attempted,False,,True,cloud,0.249323,End-to-End Recovery Lifecycle
2026-08-22 18:43:45.396,4.1,TC07-batch-20260822T184151-4d9be0,TC07-20260822T184325225993-run5-95a7a2,TC07,end_to_end_recovery_lifecycle,5,post_recovery_verification,2,v41-TC07-5-2-9a7f8c45,0.2,NORMAL,NORMAL,False,available,available,201.0,0.342701,,False,,,,not_attempted,False,,True,cloud,0.342766,End-to-End Recovery Lifecycle
2026-08-22 18:43:45.797,4.1,TC07-batch-20260822T184151-4d9be0,TC07-20260822T184325225993-run5-95a7a2,TC07,end_to_end_recovery_lifecycle,5,post_recovery_verification,3,v41-TC07-5-3-c7758bf4,0.2,NORMAL,NORMAL,False,available,available,201.0,0.199659,,False,,,,not_attempted,False,,True,cloud,0.199765,End-to-End Recovery Lifecycle
2026-08-22 18:43:46.293,4.1,TC07-batch-20260822T184151-4d9be0,TC07-20260822T184325225993-run5-95a7a2,TC07,end_to_end_recovery_lifecycle,5,post_recovery_verification,4,v41-TC07-5-4-1f8af4dc,0.2,NORMAL,NORMAL,False,available,available,201.0,0.294229,,False,,,,not_attempted,False,,True,cloud,0.294334,End-to-End Recovery Lifecycle
2026-08-22 18:43:46.728,4.1,TC07-batch-20260822T184151-4d9be0,TC07-20260822T184325225993-run5-95a7a2,TC07,end_to_end_recovery_lifecycle,5,post_recovery_verification,5,v41-TC07-5-5-1d644e4e,0.2,NORMAL,NORMAL,False,available,available,201.0,0.233957,,False,,,,not_attempted,False,,True,cloud,0.234269,End-to-End Recovery Lifecycle
2026-08-22 18:43:47.119,4.1,TC07-batch-20260822T184151-4d9be0,TC07-20260822T184325225993-run5-95a7a2,TC07,end_to_end_recovery_lifecycle,5,post_recovery_verification,6,v41-TC07-5-6-e169c434,0.2,NORMAL,NORMAL,False,available,available,201.0,0.188058,,False,,,,not_attempted,False,,True,cloud,0.188199,End-to-End Recovery Lifecycle
2026-08-22 18:43:47.665,4.1,TC07-batch-20260822T184151-4d9be0,TC07-20260822T184325225993-run5-95a7a2,TC07,end_to_end_recovery_lifecycle,5,post_recovery_verification,7,v41-TC07-5-7-128877ec,0.2,NORMAL,NORMAL,False,available,available,201.0,0.344259,,False,,,,not_attempted,False,,True,cloud,0.344412,End-to-End Recovery Lifecycle
2026-08-22 18:43:48.085,4.1,TC07-batch-20260822T184151-4d9be0,TC07-20260822T184325225993-run5-95a7a2,TC07,end_to_end_recovery_lifecycle,5,post_recovery_verification,8,v41-TC07-5-8-0853fe35,0.2,NORMAL,NORMAL,False,available,available,201.0,0.218055,,False,,,,not_attempted,False,,True,cloud,0.218133,End-to-End Recovery Lifecycle
2026-08-22 18:43:48.597,4.1,TC07-batch-20260822T184151-4d9be0,TC07-20260822T184325225993-run5-95a7a2,TC07,end_to_end_recovery_lifecycle,5,post_recovery_verification,9,v41-TC07-5-9-85cc3871,0.2,NORMAL,NORMAL,False,available,available,201.0,0.310314,,False,,,,not_attempted,False,,True,cloud,0.31043,End-to-End Recovery Lifecycle
2026-08-22 18:43:49.010,4.1,TC07-batch-20260822T184151-4d9be0,TC07-20260822T184325225993-run5-95a7a2,TC07,end_to_end_recovery_lifecycle,5,post_recovery_verification,10,v41-TC07-5-10-1aec2853,0.2,NORMAL,NORMAL,False,available,available,201.0,0.211317,,False,,,,not_attempted,False,,True,cloud,0.211507,End-to-End Recovery Lifecycle
2026-08-22 18:43:49.977,4.1,TC07-batch-20260822T184151-4d9be0,TC07-20260822T184349680910-run6-999928,TC07,end_to_end_recovery_lifecycle,6,normal_baseline,1,v41-TC07-6-1-698e0620,0.2,NORMAL,NORMAL,False,available,available,201.0,0.27371,,False,,,,not_attempted,False,,True,cloud,0.273911,End-to-End Recovery Lifecycle
2026-08-22 18:43:50.407,4.1,TC07-batch-20260822T184151-4d9be0,TC07-20260822T184349680910-run6-999928,TC07,end_to_end_recovery_lifecycle,6,normal_baseline,2,v41-TC07-6-2-83354940,0.2,NORMAL,NORMAL,False,available,available,201.0,0.221385,,False,,,,not_attempted,False,,True,cloud,0.221459,End-to-End Recovery Lifecycle
2026-08-22 18:43:50.840,4.1,TC07-batch-20260822T184151-4d9be0,TC07-20260822T184349680910-run6-999928,TC07,end_to_end_recovery_lifecycle,6,normal_baseline,3,v41-TC07-6-3-ab8ddadc,0.2,NORMAL,NORMAL,False,available,available,201.0,0.231448,,False,,,,not_attempted,False,,True,cloud,0.231535,End-to-End Recovery Lifecycle
2026-08-22 18:43:51.252,4.1,TC07-batch-20260822T184151-4d9be0,TC07-20260822T184349680910-run6-999928,TC07,end_to_end_recovery_lifecycle,6,normal_baseline,4,v41-TC07-6-4-8af88fac,0.2,NORMAL,NORMAL,False,available,available,201.0,0.210536,,False,,,,not_attempted,False,,True,cloud,0.210608,End-to-End Recovery Lifecycle
2026-08-22 18:43:51.652,4.1,TC07-batch-20260822T184151-4d9be0,TC07-20260822T184349680910-run6-999928,TC07,end_to_end_recovery_lifecycle,6,normal_baseline,5,v41-TC07-6-5-166eb5ba,0.2,NORMAL,NORMAL,False,available,available,201.0,0.198749,,False,,,,not_attempted,False,,True,cloud,0.198904,End-to-End Recovery Lifecycle
2026-08-22 18:43:52.019,4.1,TC07-batch-20260822T184151-4d9be0,TC07-20260822T184349680910-run6-999928,TC07,end_to_end_recovery_lifecycle,6,normal_baseline,6,v41-TC07-6-6-62ea5415,0.2,NORMAL,NORMAL,False,available,available,201.0,0.164672,,False,,,,not_attempted,False,,True,cloud,0.164763,End-to-End Recovery Lifecycle
2026-08-22 18:43:52.397,4.1,TC07-batch-20260822T184151-4d9be0,TC07-20260822T184349680910-run6-999928,TC07,end_to_end_recovery_lifecycle,6,normal_baseline,7,v41-TC07-6-7-5149dd52,0.2,NORMAL,NORMAL,False,available,available,201.0,0.176293,,False,,,,not_attempted,False,,True,cloud,0.17642,End-to-End Recovery Lifecycle
2026-08-22 18:43:52.809,4.1,TC07-batch-20260822T184151-4d9be0,TC07-20260822T184349680910-run6-999928,TC07,end_to_end_recovery_lifecycle,6,normal_baseline,8,v41-TC07-6-8-7679cb50,0.2,NORMAL,NORMAL,False,available,available,201.0,0.208641,,False,,,,not_attempted,False,,True,cloud,0.208702,End-to-End Recovery Lifecycle
2026-08-22 18:43:53.243,4.1,TC07-batch-20260822T184151-4d9be0,TC07-20260822T184349680910-run6-999928,TC07,end_to_end_recovery_lifecycle,6,normal_baseline,9,v41-TC07-6-9-658eccd0,0.2,NORMAL,NORMAL,False,available,available,201.0,0.233749,,False,,,,not_attempted,False,,True,cloud,0.233815,End-to-End Recovery Lifecycle
2026-08-22 18:43:53.630,4.1,TC07-batch-20260822T184151-4d9be0,TC07-20260822T184349680910-run6-999928,TC07,end_to_end_recovery_lifecycle,6,normal_baseline,10,v41-TC07-6-10-75ffb7d5,0.2,NORMAL,NORMAL,False,available,available,201.0,0.184675,,False,,,,not_attempted,False,,True,cloud,0.184736,End-to-End Recovery Lifecycle
2026-08-22 18:43:56.767,4.1,TC07-batch-20260822T184151-4d9be0,TC07-20260822T184349680910-run6-999928,TC07,end_to_end_recovery_lifecycle,6,cloud_outage,1,v41-TC07-6-1-c9ff9e9e,0.2,NORMAL,EDGE_DEGRADED,True,failed,available,,2.013912,"ConnectTimeout: HTTPConnectionPool(host='127.0.0.1', port=5000): Max retries exceeded with url: /add_order (Caused by ConnectTimeoutError(<HTTPConnection(host='127.0.0.1', port=5000) at 0x1471046b9b0>, 'Connection to 127.0.0.1 timed out. (connect timeout=2.0)'))",True,2.013912,201.0,0.204175,,True,2.218287,True,edge,2.218295,End-to-End Recovery Lifecycle
2026-08-22 18:43:57.174,4.1,TC07-batch-20260822T184151-4d9be0,TC07-20260822T184349680910-run6-999928,TC07,end_to_end_recovery_lifecycle,6,cloud_outage,2,v41-TC07-6-2-aacad55d,0.2,EDGE_DEGRADED,EDGE_DEGRADED,True,failed,available,,,not_attempted,False,,201.0,0.20499,,False,,True,edge,0.205102,End-to-End Recovery Lifecycle
2026-08-22 18:43:57.575,4.1,TC07-batch-20260822T184151-4d9be0,TC07-20260822T184349680910-run6-999928,TC07,end_to_end_recovery_lifecycle,6,cloud_outage,3,v41-TC07-6-3-dfb09ea3,0.2,EDGE_DEGRADED,EDGE_DEGRADED,True,failed,available,,,not_attempted,False,,201.0,0.199534,,False,,True,edge,0.19964,End-to-End Recovery Lifecycle
2026-08-22 18:43:57.978,4.1,TC07-batch-20260822T184151-4d9be0,TC07-20260822T184349680910-run6-999928,TC07,end_to_end_recovery_lifecycle,6,cloud_outage,4,v41-TC07-6-4-467f252a,0.2,EDGE_DEGRADED,EDGE_DEGRADED,True,failed,available,,,not_attempted,False,,201.0,0.201223,,False,,True,edge,0.201385,End-to-End Recovery Lifecycle
2026-08-22 18:43:58.368,4.1,TC07-batch-20260822T184151-4d9be0,TC07-20260822T184349680910-run6-999928,TC07,end_to_end_recovery_lifecycle,6,cloud_outage,5,v41-TC07-6-5-47acbcd3,0.2,EDGE_DEGRADED,EDGE_DEGRADED,True,failed,available,,,not_attempted,False,,201.0,0.187913,,False,,True,edge,0.188008,End-to-End Recovery Lifecycle
2026-08-22 18:43:58.798,4.1,TC07-batch-20260822T184151-4d9be0,TC07-20260822T184349680910-run6-999928,TC07,end_to_end_recovery_lifecycle,6,cloud_outage,6,v41-TC07-6-6-2ed09bf7,0.2,EDGE_DEGRADED,EDGE_DEGRADED,True,failed,available,,,not_attempted,False,,201.0,0.228578,,False,,True,edge,0.228691,End-to-End Recovery Lifecycle
2026-08-22 18:43:59.197,4.1,TC07-batch-20260822T184151-4d9be0,TC07-20260822T184349680910-run6-999928,TC07,end_to_end_recovery_lifecycle,6,cloud_outage,7,v41-TC07-6-7-3d26205a,0.2,EDGE_DEGRADED,EDGE_DEGRADED,True,failed,available,,,not_attempted,False,,201.0,0.19729,,False,,True,edge,0.197399,End-to-End Recovery Lifecycle
2026-08-22 18:43:59.596,4.1,TC07-batch-20260822T184151-4d9be0,TC07-20260822T184349680910-run6-999928,TC07,end_to_end_recovery_lifecycle,6,cloud_outage,8,v41-TC07-6-8-4e779a84,0.2,EDGE_DEGRADED,EDGE_DEGRADED,True,failed,available,,,not_attempted,False,,201.0,0.19803,,False,,True,edge,0.198092,End-to-End Recovery Lifecycle
2026-08-22 18:44:00.022,4.1,TC07-batch-20260822T184151-4d9be0,TC07-20260822T184349680910-run6-999928,TC07,end_to_end_recovery_lifecycle,6,cloud_outage,9,v41-TC07-6-9-9a56e487,0.2,EDGE_DEGRADED,EDGE_DEGRADED,True,failed,available,,,not_attempted,False,,201.0,0.22485,,False,,True,edge,0.224997,End-to-End Recovery Lifecycle
2026-08-22 18:44:00.441,4.1,TC07-batch-20260822T184151-4d9be0,TC07-20260822T184349680910-run6-999928,TC07,end_to_end_recovery_lifecycle,6,cloud_outage,10,v41-TC07-6-10-0bb47d26,0.2,EDGE_DEGRADED,EDGE_DEGRADED,True,failed,available,,,not_attempted,False,,201.0,0.217085,,False,,True,edge,0.217178,End-to-End Recovery Lifecycle
2026-08-22 18:44:07.466,4.1,TC07-batch-20260822T184151-4d9be0,TC07-20260822T184349680910-run6-999928,TC07,end_to_end_recovery_lifecycle,6,post_recovery_verification,1,v41-TC07-6-1-680bafb7,0.2,NORMAL,NORMAL,False,available,available,201.0,0.303385,,False,,,,not_attempted,False,,True,cloud,0.3035,End-to-End Recovery Lifecycle
2026-08-22 18:44:07.897,4.1,TC07-batch-20260822T184151-4d9be0,TC07-20260822T184349680910-run6-999928,TC07,end_to_end_recovery_lifecycle,6,post_recovery_verification,2,v41-TC07-6-2-0bf8effe,0.2,NORMAL,NORMAL,False,available,available,201.0,0.229717,,False,,,,not_attempted,False,,True,cloud,0.229812,End-to-End Recovery Lifecycle
2026-08-22 18:44:08.280,4.1,TC07-batch-20260822T184151-4d9be0,TC07-20260822T184349680910-run6-999928,TC07,end_to_end_recovery_lifecycle,6,post_recovery_verification,3,v41-TC07-6-3-14602e6a,0.2,NORMAL,NORMAL,False,available,available,201.0,0.180711,,False,,,,not_attempted,False,,True,cloud,0.18116,End-to-End Recovery Lifecycle
2026-08-22 18:44:08.688,4.1,TC07-batch-20260822T184151-4d9be0,TC07-20260822T184349680910-run6-999928,TC07,end_to_end_recovery_lifecycle,6,post_recovery_verification,4,v41-TC07-6-4-c05b7f34,0.2,NORMAL,NORMAL,False,available,available,201.0,0.204861,,False,,,,not_attempted,False,,True,cloud,0.204972,End-to-End Recovery Lifecycle
2026-08-22 18:44:09.086,4.1,TC07-batch-20260822T184151-4d9be0,TC07-20260822T184349680910-run6-999928,TC07,end_to_end_recovery_lifecycle,6,post_recovery_verification,5,v41-TC07-6-5-576255a7,0.2,NORMAL,NORMAL,False,available,available,201.0,0.196622,,False,,,,not_attempted,False,,True,cloud,0.196689,End-to-End Recovery Lifecycle
2026-08-22 18:44:09.486,4.1,TC07-batch-20260822T184151-4d9be0,TC07-20260822T184349680910-run6-999928,TC07,end_to_end_recovery_lifecycle,6,post_recovery_verification,6,v41-TC07-6-6-50ec7926,0.2,NORMAL,NORMAL,False,available,available,201.0,0.199185,,False,,,,not_attempted,False,,True,cloud,0.199268,End-to-End Recovery Lifecycle
2026-08-22 18:44:09.913,4.1,TC07-batch-20260822T184151-4d9be0,TC07-20260822T184349680910-run6-999928,TC07,end_to_end_recovery_lifecycle,6,post_recovery_verification,7,v41-TC07-6-7-36c26d4e,0.2,NORMAL,NORMAL,False,available,available,201.0,0.224954,,False,,,,not_attempted,False,,True,cloud,0.225099,End-to-End Recovery Lifecycle
2026-08-22 18:44:10.323,4.1,TC07-batch-20260822T184151-4d9be0,TC07-20260822T184349680910-run6-999928,TC07,end_to_end_recovery_lifecycle,6,post_recovery_verification,8,v41-TC07-6-8-48ccc85f,0.2,NORMAL,NORMAL,False,available,available,201.0,0.207686,,False,,,,not_attempted,False,,True,cloud,0.207849,End-to-End Recovery Lifecycle
2026-08-22 18:44:10.720,4.1,TC07-batch-20260822T184151-4d9be0,TC07-20260822T184349680910-run6-999928,TC07,end_to_end_recovery_lifecycle,6,post_recovery_verification,9,v41-TC07-6-9-eb59046f,0.2,NORMAL,NORMAL,False,available,available,201.0,0.194809,,False,,,,not_attempted,False,,True,cloud,0.194958,End-to-End Recovery Lifecycle
2026-08-22 18:44:11.128,4.1,TC07-batch-20260822T184151-4d9be0,TC07-20260822T184349680910-run6-999928,TC07,end_to_end_recovery_lifecycle,6,post_recovery_verification,10,v41-TC07-6-10-8c5f6c0b,0.2,NORMAL,NORMAL,False,available,available,201.0,0.206751,,False,,,,not_attempted,False,,True,cloud,0.206837,End-to-End Recovery Lifecycle
2026-08-22 18:44:16.797,4.1,TC07-batch-20260822T184151-4d9be0,TC07-20260822T184411764715-run7-11dd42,TC07,end_to_end_recovery_lifecycle,7,normal_baseline,1,v41-TC07-7-1-ba11a523,0.2,NORMAL,NORMAL,False,available,available,,5.014686,"ReadTimeout: HTTPConnectionPool(host='127.0.0.1', port=5000): Read timed out. (read timeout=5.0)",True,5.014686,,,not_attempted,False,,False,none,5.014749,End-to-End Recovery Lifecycle
2026-08-22 18:44:17.178,4.1,TC07-batch-20260822T184151-4d9be0,TC07-20260822T184411764715-run7-11dd42,TC07,end_to_end_recovery_lifecycle,7,normal_baseline,2,v41-TC07-7-2-6797dac8,0.2,NORMAL,NORMAL,False,available,available,201.0,0.179113,,False,,,,not_attempted,False,,True,cloud,0.179301,End-to-End Recovery Lifecycle
2026-08-22 18:44:17.653,4.1,TC07-batch-20260822T184151-4d9be0,TC07-20260822T184411764715-run7-11dd42,TC07,end_to_end_recovery_lifecycle,7,normal_baseline,3,v41-TC07-7-3-39875546,0.2,NORMAL,NORMAL,False,available,available,201.0,0.272371,,False,,,,not_attempted,False,,True,cloud,0.272513,End-to-End Recovery Lifecycle
2026-08-22 18:44:18.030,4.1,TC07-batch-20260822T184151-4d9be0,TC07-20260822T184411764715-run7-11dd42,TC07,end_to_end_recovery_lifecycle,7,normal_baseline,4,v41-TC07-7-4-f19c9c14,0.2,NORMAL,NORMAL,False,available,available,201.0,0.17572,,False,,,,not_attempted,False,,True,cloud,0.17579,End-to-End Recovery Lifecycle
2026-08-22 18:44:18.443,4.1,TC07-batch-20260822T184151-4d9be0,TC07-20260822T184411764715-run7-11dd42,TC07,end_to_end_recovery_lifecycle,7,normal_baseline,5,v41-TC07-7-5-c91c52ba,0.2,NORMAL,NORMAL,False,available,available,201.0,0.210554,,False,,,,not_attempted,False,,True,cloud,0.210666,End-to-End Recovery Lifecycle
2026-08-22 18:44:18.846,4.1,TC07-batch-20260822T184151-4d9be0,TC07-20260822T184411764715-run7-11dd42,TC07,end_to_end_recovery_lifecycle,7,normal_baseline,6,v41-TC07-7-6-2548ffde,0.2,NORMAL,NORMAL,False,available,available,201.0,0.200746,,False,,,,not_attempted,False,,True,cloud,0.20085,End-to-End Recovery Lifecycle
2026-08-22 18:44:19.259,4.1,TC07-batch-20260822T184151-4d9be0,TC07-20260822T184411764715-run7-11dd42,TC07,end_to_end_recovery_lifecycle,7,normal_baseline,7,v41-TC07-7-7-63998870,0.2,NORMAL,NORMAL,False,available,available,201.0,0.211699,,False,,,,not_attempted,False,,True,cloud,0.21189,End-to-End Recovery Lifecycle
2026-08-22 18:44:19.699,4.1,TC07-batch-20260822T184151-4d9be0,TC07-20260822T184411764715-run7-11dd42,TC07,end_to_end_recovery_lifecycle,7,normal_baseline,8,v41-TC07-7-8-bcbea63a,0.2,NORMAL,NORMAL,False,available,available,201.0,0.237934,,False,,,,not_attempted,False,,True,cloud,0.238056,End-to-End Recovery Lifecycle
2026-08-22 18:44:20.087,4.1,TC07-batch-20260822T184151-4d9be0,TC07-20260822T184411764715-run7-11dd42,TC07,end_to_end_recovery_lifecycle,7,normal_baseline,9,v41-TC07-7-9-d2a438df,0.2,NORMAL,NORMAL,False,available,available,201.0,0.186701,,False,,,,not_attempted,False,,True,cloud,0.186771,End-to-End Recovery Lifecycle
2026-08-22 18:44:20.499,4.1,TC07-batch-20260822T184151-4d9be0,TC07-20260822T184411764715-run7-11dd42,TC07,end_to_end_recovery_lifecycle,7,normal_baseline,10,v41-TC07-7-10-ace1b404,0.2,NORMAL,NORMAL,False,available,available,201.0,0.210226,,False,,,,not_attempted,False,,True,cloud,0.210335,End-to-End Recovery Lifecycle
2026-08-22 18:44:24.686,4.1,TC07-batch-20260822T184151-4d9be0,TC07-20260822T184411764715-run7-11dd42,TC07,end_to_end_recovery_lifecycle,7,cloud_outage,1,v41-TC07-7-1-4e0595b7,0.2,NORMAL,EDGE_DEGRADED,True,failed,available,,2.011789,"ConnectTimeout: HTTPConnectionPool(host='127.0.0.1', port=5000): Max retries exceeded with url: /add_order (Caused by ConnectTimeoutError(<HTTPConnection(host='127.0.0.1', port=5000) at 0x1471046a690>, 'Connection to 127.0.0.1 timed out. (connect timeout=2.0)'))",True,2.011789,201.0,1.358037,,True,3.369966,True,edge,3.36997,End-to-End Recovery Lifecycle
2026-08-22 18:44:25.088,4.1,TC07-batch-20260822T184151-4d9be0,TC07-20260822T184411764715-run7-11dd42,TC07,end_to_end_recovery_lifecycle,7,cloud_outage,2,v41-TC07-7-2-221d029f,0.2,EDGE_DEGRADED,EDGE_DEGRADED,True,failed,available,,,not_attempted,False,,201.0,0.200403,,False,,True,edge,0.200524,End-to-End Recovery Lifecycle
2026-08-22 18:44:25.501,4.1,TC07-batch-20260822T184151-4d9be0,TC07-20260822T184411764715-run7-11dd42,TC07,end_to_end_recovery_lifecycle,7,cloud_outage,3,v41-TC07-7-3-ac404007,0.2,EDGE_DEGRADED,EDGE_DEGRADED,True,failed,available,,,not_attempted,False,,201.0,0.211807,,False,,True,edge,0.211895,End-to-End Recovery Lifecycle
2026-08-22 18:44:25.899,4.1,TC07-batch-20260822T184151-4d9be0,TC07-20260822T184411764715-run7-11dd42,TC07,end_to_end_recovery_lifecycle,7,cloud_outage,4,v41-TC07-7-4-25bbeeca,0.2,EDGE_DEGRADED,EDGE_DEGRADED,True,failed,available,,,not_attempted,False,,201.0,0.196534,,False,,True,edge,0.196643,End-to-End Recovery Lifecycle
2026-08-22 18:44:26.299,4.1,TC07-batch-20260822T184151-4d9be0,TC07-20260822T184411764715-run7-11dd42,TC07,end_to_end_recovery_lifecycle,7,cloud_outage,5,v41-TC07-7-5-4df4ab34,0.2,EDGE_DEGRADED,EDGE_DEGRADED,True,failed,available,,,not_attempted,False,,201.0,0.198994,,False,,True,edge,0.199118,End-to-End Recovery Lifecycle
2026-08-22 18:44:26.710,4.1,TC07-batch-20260822T184151-4d9be0,TC07-20260822T184411764715-run7-11dd42,TC07,end_to_end_recovery_lifecycle,7,cloud_outage,6,v41-TC07-7-6-fb37ab8b,0.2,EDGE_DEGRADED,EDGE_DEGRADED,True,failed,available,,,not_attempted,False,,201.0,0.208543,,False,,True,edge,0.208651,End-to-End Recovery Lifecycle
2026-08-22 18:44:27.120,4.1,TC07-batch-20260822T184151-4d9be0,TC07-20260822T184411764715-run7-11dd42,TC07,end_to_end_recovery_lifecycle,7,cloud_outage,7,v41-TC07-7-7-e759e570,0.2,EDGE_DEGRADED,EDGE_DEGRADED,True,failed,available,,,not_attempted,False,,201.0,0.208805,,False,,True,edge,0.208936,End-to-End Recovery Lifecycle
2026-08-22 18:44:27.498,4.1,TC07-batch-20260822T184151-4d9be0,TC07-20260822T184411764715-run7-11dd42,TC07,end_to_end_recovery_lifecycle,7,cloud_outage,8,v41-TC07-7-8-3eb473c5,0.2,EDGE_DEGRADED,EDGE_DEGRADED,True,failed,available,,,not_attempted,False,,201.0,0.175452,,False,,True,edge,0.175544,End-to-End Recovery Lifecycle
2026-08-22 18:44:27.898,4.1,TC07-batch-20260822T184151-4d9be0,TC07-20260822T184411764715-run7-11dd42,TC07,end_to_end_recovery_lifecycle,7,cloud_outage,9,v41-TC07-7-9-ccafb73b,0.2,EDGE_DEGRADED,EDGE_DEGRADED,True,failed,available,,,not_attempted,False,,201.0,0.198964,,False,,True,edge,0.199072,End-to-End Recovery Lifecycle
2026-08-22 18:44:28.322,4.1,TC07-batch-20260822T184151-4d9be0,TC07-20260822T184411764715-run7-11dd42,TC07,end_to_end_recovery_lifecycle,7,cloud_outage,10,v41-TC07-7-10-ac853568,0.2,EDGE_DEGRADED,EDGE_DEGRADED,True,failed,available,,,not_attempted,False,,201.0,0.222233,,False,,True,edge,0.222504,End-to-End Recovery Lifecycle
2026-08-22 18:44:34.611,4.1,TC07-batch-20260822T184151-4d9be0,TC07-20260822T184411764715-run7-11dd42,TC07,end_to_end_recovery_lifecycle,7,post_recovery_verification,1,v41-TC07-7-1-856869c4,0.2,NORMAL,NORMAL,False,available,available,201.0,0.185759,,False,,,,not_attempted,False,,True,cloud,0.186072,End-to-End Recovery Lifecycle
2026-08-22 18:44:35.031,4.1,TC07-batch-20260822T184151-4d9be0,TC07-20260822T184411764715-run7-11dd42,TC07,end_to_end_recovery_lifecycle,7,post_recovery_verification,2,v41-TC07-7-2-e21516cf,0.2,NORMAL,NORMAL,False,available,available,201.0,0.219104,,False,,,,not_attempted,False,,True,cloud,0.219205,End-to-End Recovery Lifecycle
2026-08-22 18:44:35.432,4.1,TC07-batch-20260822T184151-4d9be0,TC07-20260822T184411764715-run7-11dd42,TC07,end_to_end_recovery_lifecycle,7,post_recovery_verification,3,v41-TC07-7-3-5a9c1f1e,0.2,NORMAL,NORMAL,False,available,available,201.0,0.198916,,False,,,,not_attempted,False,,True,cloud,0.198977,End-to-End Recovery Lifecycle
2026-08-22 18:44:35.822,4.1,TC07-batch-20260822T184151-4d9be0,TC07-20260822T184411764715-run7-11dd42,TC07,end_to_end_recovery_lifecycle,7,post_recovery_verification,4,v41-TC07-7-4-462a21ce,0.2,NORMAL,NORMAL,False,available,available,201.0,0.188312,,False,,,,not_attempted,False,,True,cloud,0.188673,End-to-End Recovery Lifecycle
2026-08-22 18:44:36.343,4.1,TC07-batch-20260822T184151-4d9be0,TC07-20260822T184411764715-run7-11dd42,TC07,end_to_end_recovery_lifecycle,7,post_recovery_verification,5,v41-TC07-7-5-d2c75da6,0.2,NORMAL,NORMAL,False,available,available,201.0,0.31801,,False,,,,not_attempted,False,,True,cloud,0.318111,End-to-End Recovery Lifecycle
2026-08-22 18:44:36.731,4.1,TC07-batch-20260822T184151-4d9be0,TC07-20260822T184411764715-run7-11dd42,TC07,end_to_end_recovery_lifecycle,7,post_recovery_verification,6,v41-TC07-7-6-8a84bda7,0.2,NORMAL,NORMAL,False,available,available,201.0,0.187567,,False,,,,not_attempted,False,,True,cloud,0.187637,End-to-End Recovery Lifecycle
2026-08-22 18:44:37.091,4.1,TC07-batch-20260822T184151-4d9be0,TC07-20260822T184411764715-run7-11dd42,TC07,end_to_end_recovery_lifecycle,7,post_recovery_verification,7,v41-TC07-7-7-1237b48c,0.2,NORMAL,NORMAL,False,available,available,201.0,0.158541,,False,,,,not_attempted,False,,True,cloud,0.158673,End-to-End Recovery Lifecycle
2026-08-22 18:44:37.560,4.1,TC07-batch-20260822T184151-4d9be0,TC07-20260822T184411764715-run7-11dd42,TC07,end_to_end_recovery_lifecycle,7,post_recovery_verification,8,v41-TC07-7-8-3eca701e,0.2,NORMAL,NORMAL,False,available,available,201.0,0.26763,,False,,,,not_attempted,False,,True,cloud,0.267703,End-to-End Recovery Lifecycle
2026-08-22 18:44:37.976,4.1,TC07-batch-20260822T184151-4d9be0,TC07-20260822T184411764715-run7-11dd42,TC07,end_to_end_recovery_lifecycle,7,post_recovery_verification,9,v41-TC07-7-9-46f8e17d,0.2,NORMAL,NORMAL,False,available,available,201.0,0.214538,,False,,,,not_attempted,False,,True,cloud,0.214654,End-to-End Recovery Lifecycle
2026-08-22 18:44:38.422,4.1,TC07-batch-20260822T184151-4d9be0,TC07-20260822T184411764715-run7-11dd42,TC07,end_to_end_recovery_lifecycle,7,post_recovery_verification,10,v41-TC07-7-10-c792b72b,0.2,NORMAL,NORMAL,False,available,available,201.0,0.245615,,False,,,,not_attempted,False,,True,cloud,0.245787,End-to-End Recovery Lifecycle
2026-08-22 18:44:39.420,4.1,TC07-batch-20260822T184151-4d9be0,TC07-20260822T184439061477-run8-9cf9e3,TC07,end_to_end_recovery_lifecycle,8,normal_baseline,1,v41-TC07-8-1-a6e4871d,0.2,NORMAL,NORMAL,False,available,available,201.0,0.325238,,False,,,,not_attempted,False,,True,cloud,0.325307,End-to-End Recovery Lifecycle
2026-08-22 18:44:39.809,4.1,TC07-batch-20260822T184151-4d9be0,TC07-20260822T184439061477-run8-9cf9e3,TC07,end_to_end_recovery_lifecycle,8,normal_baseline,2,v41-TC07-8-2-d4bfaa74,0.2,NORMAL,NORMAL,False,available,available,201.0,0.186929,,False,,,,not_attempted,False,,True,cloud,0.186998,End-to-End Recovery Lifecycle
2026-08-22 18:44:40.223,4.1,TC07-batch-20260822T184151-4d9be0,TC07-20260822T184439061477-run8-9cf9e3,TC07,end_to_end_recovery_lifecycle,8,normal_baseline,3,v41-TC07-8-3-dc6060be,0.2,NORMAL,NORMAL,False,available,available,201.0,0.212244,,False,,,,not_attempted,False,,True,cloud,0.212356,End-to-End Recovery Lifecycle
2026-08-22 18:44:40.754,4.1,TC07-batch-20260822T184151-4d9be0,TC07-20260822T184439061477-run8-9cf9e3,TC07,end_to_end_recovery_lifecycle,8,normal_baseline,4,v41-TC07-8-4-259ae54b,0.2,NORMAL,NORMAL,False,available,available,201.0,0.328797,,False,,,,not_attempted,False,,True,cloud,0.328859,End-to-End Recovery Lifecycle
2026-08-22 18:44:41.154,4.1,TC07-batch-20260822T184151-4d9be0,TC07-20260822T184439061477-run8-9cf9e3,TC07,end_to_end_recovery_lifecycle,8,normal_baseline,5,v41-TC07-8-5-902c5640,0.2,NORMAL,NORMAL,False,available,available,201.0,0.199347,,False,,,,not_attempted,False,,True,cloud,0.199417,End-to-End Recovery Lifecycle
2026-08-22 18:44:41.661,4.1,TC07-batch-20260822T184151-4d9be0,TC07-20260822T184439061477-run8-9cf9e3,TC07,end_to_end_recovery_lifecycle,8,normal_baseline,6,v41-TC07-8-6-016b5d83,0.2,NORMAL,NORMAL,False,available,available,201.0,0.305902,,False,,,,not_attempted,False,,True,cloud,0.306014,End-to-End Recovery Lifecycle
2026-08-22 18:44:42.054,4.1,TC07-batch-20260822T184151-4d9be0,TC07-20260822T184439061477-run8-9cf9e3,TC07,end_to_end_recovery_lifecycle,8,normal_baseline,7,v41-TC07-8-7-0330827c,0.2,NORMAL,NORMAL,False,available,available,201.0,0.191436,,False,,,,not_attempted,False,,True,cloud,0.191548,End-to-End Recovery Lifecycle
2026-08-22 18:44:42.488,4.1,TC07-batch-20260822T184151-4d9be0,TC07-20260822T184439061477-run8-9cf9e3,TC07,end_to_end_recovery_lifecycle,8,normal_baseline,8,v41-TC07-8-8-b35ad792,0.2,NORMAL,NORMAL,False,available,available,201.0,0.232856,,False,,,,not_attempted,False,,True,cloud,0.233022,End-to-End Recovery Lifecycle
2026-08-22 18:44:42.987,4.1,TC07-batch-20260822T184151-4d9be0,TC07-20260822T184439061477-run8-9cf9e3,TC07,end_to_end_recovery_lifecycle,8,normal_baseline,9,v41-TC07-8-9-3da91a2a,0.2,NORMAL,NORMAL,False,available,available,201.0,0.296332,,False,,,,not_attempted,False,,True,cloud,0.296404,End-to-End Recovery Lifecycle
2026-08-22 18:44:43.420,4.1,TC07-batch-20260822T184151-4d9be0,TC07-20260822T184439061477-run8-9cf9e3,TC07,end_to_end_recovery_lifecycle,8,normal_baseline,10,v41-TC07-8-10-d3f1e98d,0.2,NORMAL,NORMAL,False,available,available,201.0,0.231576,,False,,,,not_attempted,False,,True,cloud,0.231691,End-to-End Recovery Lifecycle
2026-08-22 18:44:46.655,4.1,TC07-batch-20260822T184151-4d9be0,TC07-20260822T184439061477-run8-9cf9e3,TC07,end_to_end_recovery_lifecycle,8,cloud_outage,1,v41-TC07-8-1-d260cafa,0.2,NORMAL,EDGE_DEGRADED,True,failed,available,,1.999295,"ConnectTimeout: HTTPConnectionPool(host='127.0.0.1', port=5000): Max retries exceeded with url: /add_order (Caused by ConnectTimeoutError(<HTTPConnection(host='127.0.0.1', port=5000) at 0x1471046a690>, 'Connection to 127.0.0.1 timed out. (connect timeout=2.0)'))",True,1.999295,201.0,0.296205,,True,2.295634,True,edge,2.295639,End-to-End Recovery Lifecycle
2026-08-22 18:44:47.066,4.1,TC07-batch-20260822T184151-4d9be0,TC07-20260822T184439061477-run8-9cf9e3,TC07,end_to_end_recovery_lifecycle,8,cloud_outage,2,v41-TC07-8-2-065a7fdb,0.2,EDGE_DEGRADED,EDGE_DEGRADED,True,failed,available,,,not_attempted,False,,201.0,0.209775,,False,,True,edge,0.209908,End-to-End Recovery Lifecycle
2026-08-22 18:44:47.478,4.1,TC07-batch-20260822T184151-4d9be0,TC07-20260822T184439061477-run8-9cf9e3,TC07,end_to_end_recovery_lifecycle,8,cloud_outage,3,v41-TC07-8-3-a9c4702e,0.2,EDGE_DEGRADED,EDGE_DEGRADED,True,failed,available,,,not_attempted,False,,201.0,0.209168,,False,,True,edge,0.209296,End-to-End Recovery Lifecycle
2026-08-22 18:44:47.988,4.1,TC07-batch-20260822T184151-4d9be0,TC07-20260822T184439061477-run8-9cf9e3,TC07,end_to_end_recovery_lifecycle,8,cloud_outage,4,v41-TC07-8-4-8db2fb59,0.2,EDGE_DEGRADED,EDGE_DEGRADED,True,failed,available,,,not_attempted,False,,201.0,0.307403,,False,,True,edge,0.307497,End-to-End Recovery Lifecycle
2026-08-22 18:44:48.360,4.1,TC07-batch-20260822T184151-4d9be0,TC07-20260822T184439061477-run8-9cf9e3,TC07,end_to_end_recovery_lifecycle,8,cloud_outage,5,v41-TC07-8-5-cd5173bd,0.2,EDGE_DEGRADED,EDGE_DEGRADED,True,failed,available,,,not_attempted,False,,201.0,0.170462,,False,,True,edge,0.170579,End-to-End Recovery Lifecycle
2026-08-22 18:44:48.784,4.1,TC07-batch-20260822T184151-4d9be0,TC07-20260822T184439061477-run8-9cf9e3,TC07,end_to_end_recovery_lifecycle,8,cloud_outage,6,v41-TC07-8-6-e5fa03e2,0.2,EDGE_DEGRADED,EDGE_DEGRADED,True,failed,available,,,not_attempted,False,,201.0,0.217791,,False,,True,edge,0.217951,End-to-End Recovery Lifecycle
2026-08-22 18:44:49.282,4.1,TC07-batch-20260822T184151-4d9be0,TC07-20260822T184439061477-run8-9cf9e3,TC07,end_to_end_recovery_lifecycle,8,cloud_outage,7,v41-TC07-8-7-0bbac46d,0.2,EDGE_DEGRADED,EDGE_DEGRADED,True,failed,available,,,not_attempted,False,,201.0,0.295551,,False,,True,edge,0.295665,End-to-End Recovery Lifecycle
2026-08-22 18:44:49.839,4.1,TC07-batch-20260822T184151-4d9be0,TC07-20260822T184439061477-run8-9cf9e3,TC07,end_to_end_recovery_lifecycle,8,cloud_outage,8,v41-TC07-8-8-55edecac,0.2,EDGE_DEGRADED,EDGE_DEGRADED,True,failed,available,,,not_attempted,False,,201.0,0.355879,,False,,True,edge,0.355976,End-to-End Recovery Lifecycle
2026-08-22 18:44:50.322,4.1,TC07-batch-20260822T184151-4d9be0,TC07-20260822T184439061477-run8-9cf9e3,TC07,end_to_end_recovery_lifecycle,8,cloud_outage,9,v41-TC07-8-9-953188f1,0.2,EDGE_DEGRADED,EDGE_DEGRADED,True,failed,available,,,not_attempted,False,,201.0,0.281818,,False,,True,edge,0.281923,End-to-End Recovery Lifecycle
2026-08-22 18:44:50.744,4.1,TC07-batch-20260822T184151-4d9be0,TC07-20260822T184439061477-run8-9cf9e3,TC07,end_to_end_recovery_lifecycle,8,cloud_outage,10,v41-TC07-8-10-76a85b9b,0.2,EDGE_DEGRADED,EDGE_DEGRADED,True,failed,available,,,not_attempted,False,,201.0,0.21853,,False,,True,edge,0.218691,End-to-End Recovery Lifecycle
2026-08-22 18:44:58.278,4.1,TC07-batch-20260822T184151-4d9be0,TC07-20260822T184439061477-run8-9cf9e3,TC07,end_to_end_recovery_lifecycle,8,post_recovery_verification,1,v41-TC07-8-1-7de0d904,0.2,NORMAL,NORMAL,False,available,available,201.0,0.211997,,False,,,,not_attempted,False,,True,cloud,0.212103,End-to-End Recovery Lifecycle
2026-08-22 18:44:58.684,4.1,TC07-batch-20260822T184151-4d9be0,TC07-20260822T184439061477-run8-9cf9e3,TC07,end_to_end_recovery_lifecycle,8,post_recovery_verification,2,v41-TC07-8-2-9ddcf8cd,0.2,NORMAL,NORMAL,False,available,available,201.0,0.204323,,False,,,,not_attempted,False,,True,cloud,0.204457,End-to-End Recovery Lifecycle
2026-08-22 18:44:59.099,4.1,TC07-batch-20260822T184151-4d9be0,TC07-20260822T184439061477-run8-9cf9e3,TC07,end_to_end_recovery_lifecycle,8,post_recovery_verification,3,v41-TC07-8-3-90a4c781,0.2,NORMAL,NORMAL,False,available,available,201.0,0.213147,,False,,,,not_attempted,False,,True,cloud,0.213268,End-to-End Recovery Lifecycle
2026-08-22 18:44:59.489,4.1,TC07-batch-20260822T184151-4d9be0,TC07-20260822T184439061477-run8-9cf9e3,TC07,end_to_end_recovery_lifecycle,8,post_recovery_verification,4,v41-TC07-8-4-8b4f4e30,0.2,NORMAL,NORMAL,False,available,available,201.0,0.188044,,False,,,,not_attempted,False,,True,cloud,0.188161,End-to-End Recovery Lifecycle
2026-08-22 18:44:59.928,4.1,TC07-batch-20260822T184151-4d9be0,TC07-20260822T184439061477-run8-9cf9e3,TC07,end_to_end_recovery_lifecycle,8,post_recovery_verification,5,v41-TC07-8-5-dae36707,0.2,NORMAL,NORMAL,False,available,available,201.0,0.236528,,False,,,,not_attempted,False,,True,cloud,0.236648,End-to-End Recovery Lifecycle
2026-08-22 18:45:00.536,4.1,TC07-batch-20260822T184151-4d9be0,TC07-20260822T184439061477-run8-9cf9e3,TC07,end_to_end_recovery_lifecycle,8,post_recovery_verification,6,v41-TC07-8-6-a7d70da0,0.2,NORMAL,NORMAL,False,available,available,201.0,0.406715,,False,,,,not_attempted,False,,True,cloud,0.406809,End-to-End Recovery Lifecycle
2026-08-22 18:45:00.957,4.1,TC07-batch-20260822T184151-4d9be0,TC07-20260822T184439061477-run8-9cf9e3,TC07,end_to_end_recovery_lifecycle,8,post_recovery_verification,7,v41-TC07-8-7-5af9d56b,0.2,NORMAL,NORMAL,False,available,available,201.0,0.219784,,False,,,,not_attempted,False,,True,cloud,0.219909,End-to-End Recovery Lifecycle
2026-08-22 18:45:01.411,4.1,TC07-batch-20260822T184151-4d9be0,TC07-20260822T184439061477-run8-9cf9e3,TC07,end_to_end_recovery_lifecycle,8,post_recovery_verification,8,v41-TC07-8-8-9434b6f6,0.2,NORMAL,NORMAL,False,available,available,201.0,0.252031,,False,,,,not_attempted,False,,True,cloud,0.252123,End-to-End Recovery Lifecycle
2026-08-22 18:45:01.833,4.1,TC07-batch-20260822T184151-4d9be0,TC07-20260822T184439061477-run8-9cf9e3,TC07,end_to_end_recovery_lifecycle,8,post_recovery_verification,9,v41-TC07-8-9-bfa14af3,0.2,NORMAL,NORMAL,False,available,available,201.0,0.22114,,False,,,,not_attempted,False,,True,cloud,0.221256,End-to-End Recovery Lifecycle
2026-08-22 18:45:02.243,4.1,TC07-batch-20260822T184151-4d9be0,TC07-20260822T184439061477-run8-9cf9e3,TC07,end_to_end_recovery_lifecycle,8,post_recovery_verification,10,v41-TC07-8-10-52e85e92,0.2,NORMAL,NORMAL,False,available,available,201.0,0.207569,,False,,,,not_attempted,False,,True,cloud,0.207639,End-to-End Recovery Lifecycle
2026-08-22 18:45:03.087,4.1,TC07-batch-20260822T184151-4d9be0,TC07-20260822T184502878370-run9-27309f,TC07,end_to_end_recovery_lifecycle,9,normal_baseline,1,v41-TC07-9-1-7acfcfe4,0.2,NORMAL,NORMAL,False,available,available,201.0,0.184735,,False,,,,not_attempted,False,,True,cloud,0.184836,End-to-End Recovery Lifecycle
2026-08-22 18:45:03.505,4.1,TC07-batch-20260822T184151-4d9be0,TC07-20260822T184502878370-run9-27309f,TC07,end_to_end_recovery_lifecycle,9,normal_baseline,2,v41-TC07-9-2-76cdd626,0.2,NORMAL,NORMAL,False,available,available,201.0,0.216183,,False,,,,not_attempted,False,,True,cloud,0.216436,End-to-End Recovery Lifecycle
2026-08-22 18:45:03.923,4.1,TC07-batch-20260822T184151-4d9be0,TC07-20260822T184502878370-run9-27309f,TC07,end_to_end_recovery_lifecycle,9,normal_baseline,3,v41-TC07-9-3-64d2d5e0,0.2,NORMAL,NORMAL,False,available,available,201.0,0.215309,,False,,,,not_attempted,False,,True,cloud,0.215486,End-to-End Recovery Lifecycle
2026-08-22 18:45:04.333,4.1,TC07-batch-20260822T184151-4d9be0,TC07-20260822T184502878370-run9-27309f,TC07,end_to_end_recovery_lifecycle,9,normal_baseline,4,v41-TC07-9-4-9b7b9bd4,0.2,NORMAL,NORMAL,False,available,available,201.0,0.207689,,False,,,,not_attempted,False,,True,cloud,0.207768,End-to-End Recovery Lifecycle
2026-08-22 18:45:04.850,4.1,TC07-batch-20260822T184151-4d9be0,TC07-20260822T184502878370-run9-27309f,TC07,end_to_end_recovery_lifecycle,9,normal_baseline,5,v41-TC07-9-5-ce5c295b,0.2,NORMAL,NORMAL,False,available,available,201.0,0.316456,,False,,,,not_attempted,False,,True,cloud,0.316563,End-to-End Recovery Lifecycle
2026-08-22 18:45:05.277,4.1,TC07-batch-20260822T184151-4d9be0,TC07-20260822T184502878370-run9-27309f,TC07,end_to_end_recovery_lifecycle,9,normal_baseline,6,v41-TC07-9-6-f9c35c15,0.2,NORMAL,NORMAL,False,available,available,201.0,0.224865,,False,,,,not_attempted,False,,True,cloud,0.224988,End-to-End Recovery Lifecycle
2026-08-22 18:45:05.688,4.1,TC07-batch-20260822T184151-4d9be0,TC07-20260822T184502878370-run9-27309f,TC07,end_to_end_recovery_lifecycle,9,normal_baseline,7,v41-TC07-9-7-d8b148a4,0.2,NORMAL,NORMAL,False,available,available,201.0,0.20962,,False,,,,not_attempted,False,,True,cloud,0.209705,End-to-End Recovery Lifecycle
2026-08-22 18:45:06.155,4.1,TC07-batch-20260822T184151-4d9be0,TC07-20260822T184502878370-run9-27309f,TC07,end_to_end_recovery_lifecycle,9,normal_baseline,8,v41-TC07-9-8-8b3d1a6b,0.2,NORMAL,NORMAL,False,available,available,201.0,0.265963,,False,,,,not_attempted,False,,True,cloud,0.266077,End-to-End Recovery Lifecycle
2026-08-22 18:45:06.566,4.1,TC07-batch-20260822T184151-4d9be0,TC07-20260822T184502878370-run9-27309f,TC07,end_to_end_recovery_lifecycle,9,normal_baseline,9,v41-TC07-9-9-f10f17f1,0.2,NORMAL,NORMAL,False,available,available,201.0,0.209558,,False,,,,not_attempted,False,,True,cloud,0.209647,End-to-End Recovery Lifecycle
2026-08-22 18:45:06.979,4.1,TC07-batch-20260822T184151-4d9be0,TC07-20260822T184502878370-run9-27309f,TC07,end_to_end_recovery_lifecycle,9,normal_baseline,10,v41-TC07-9-10-4e4db371,0.2,NORMAL,NORMAL,False,available,available,201.0,0.211146,,False,,,,not_attempted,False,,True,cloud,0.211332,End-to-End Recovery Lifecycle
2026-08-22 18:45:10.132,4.1,TC07-batch-20260822T184151-4d9be0,TC07-20260822T184502878370-run9-27309f,TC07,end_to_end_recovery_lifecycle,9,cloud_outage,1,v41-TC07-9-1-9d07dbda,0.2,NORMAL,EDGE_DEGRADED,True,failed,available,,2.012482,"ConnectTimeout: HTTPConnectionPool(host='127.0.0.1', port=5000): Max retries exceeded with url: /add_order (Caused by ConnectTimeoutError(<HTTPConnection(host='127.0.0.1', port=5000) at 0x1471046a7a0>, 'Connection to 127.0.0.1 timed out. (connect timeout=2.0)'))",True,2.012482,201.0,0.344588,,True,2.357456,True,edge,2.357459,End-to-End Recovery Lifecycle
2026-08-22 18:45:10.565,4.1,TC07-batch-20260822T184151-4d9be0,TC07-20260822T184502878370-run9-27309f,TC07,end_to_end_recovery_lifecycle,9,cloud_outage,2,v41-TC07-9-2-cd82010b,0.2,EDGE_DEGRADED,EDGE_DEGRADED,True,failed,available,,,not_attempted,False,,201.0,0.231495,,False,,True,edge,0.231584,End-to-End Recovery Lifecycle
2026-08-22 18:45:11.108,4.1,TC07-batch-20260822T184151-4d9be0,TC07-20260822T184502878370-run9-27309f,TC07,end_to_end_recovery_lifecycle,9,cloud_outage,3,v41-TC07-9-3-119598a8,0.2,EDGE_DEGRADED,EDGE_DEGRADED,True,failed,available,,,not_attempted,False,,201.0,0.341661,,False,,True,edge,0.341799,End-to-End Recovery Lifecycle
2026-08-22 18:45:11.534,4.1,TC07-batch-20260822T184151-4d9be0,TC07-20260822T184502878370-run9-27309f,TC07,end_to_end_recovery_lifecycle,9,cloud_outage,4,v41-TC07-9-4-3e9bc46f,0.2,EDGE_DEGRADED,EDGE_DEGRADED,True,failed,available,,,not_attempted,False,,201.0,0.225263,,False,,True,edge,0.225329,End-to-End Recovery Lifecycle
2026-08-22 18:45:11.928,4.1,TC07-batch-20260822T184151-4d9be0,TC07-20260822T184502878370-run9-27309f,TC07,end_to_end_recovery_lifecycle,9,cloud_outage,5,v41-TC07-9-5-63876468,0.2,EDGE_DEGRADED,EDGE_DEGRADED,True,failed,available,,,not_attempted,False,,201.0,0.191661,,False,,True,edge,0.191781,End-to-End Recovery Lifecycle
2026-08-22 18:45:12.444,4.1,TC07-batch-20260822T184151-4d9be0,TC07-20260822T184502878370-run9-27309f,TC07,end_to_end_recovery_lifecycle,9,cloud_outage,6,v41-TC07-9-6-6d196dec,0.2,EDGE_DEGRADED,EDGE_DEGRADED,True,failed,available,,,not_attempted,False,,201.0,0.311302,,False,,True,edge,0.3114,End-to-End Recovery Lifecycle
2026-08-22 18:45:12.845,4.1,TC07-batch-20260822T184151-4d9be0,TC07-20260822T184502878370-run9-27309f,TC07,end_to_end_recovery_lifecycle,9,cloud_outage,7,v41-TC07-9-7-0ff26b41,0.2,EDGE_DEGRADED,EDGE_DEGRADED,True,failed,available,,,not_attempted,False,,201.0,0.197898,,False,,True,edge,0.198043,End-to-End Recovery Lifecycle
2026-08-22 18:45:13.249,4.1,TC07-batch-20260822T184151-4d9be0,TC07-20260822T184502878370-run9-27309f,TC07,end_to_end_recovery_lifecycle,9,cloud_outage,8,v41-TC07-9-8-b27041af,0.2,EDGE_DEGRADED,EDGE_DEGRADED,True,failed,available,,,not_attempted,False,,201.0,0.203178,,False,,True,edge,0.203335,End-to-End Recovery Lifecycle
2026-08-22 18:45:13.792,4.1,TC07-batch-20260822T184151-4d9be0,TC07-20260822T184502878370-run9-27309f,TC07,end_to_end_recovery_lifecycle,9,cloud_outage,9,v41-TC07-9-9-31654321,0.2,EDGE_DEGRADED,EDGE_DEGRADED,True,failed,available,,,not_attempted,False,,201.0,0.340219,,False,,True,edge,0.340324,End-to-End Recovery Lifecycle
2026-08-22 18:45:14.211,4.1,TC07-batch-20260822T184151-4d9be0,TC07-20260822T184502878370-run9-27309f,TC07,end_to_end_recovery_lifecycle,9,cloud_outage,10,v41-TC07-9-10-bd86a5d6,0.2,EDGE_DEGRADED,EDGE_DEGRADED,True,failed,available,,,not_attempted,False,,201.0,0.217069,,False,,True,edge,0.217188,End-to-End Recovery Lifecycle
2026-08-22 18:45:22.005,4.1,TC07-batch-20260822T184151-4d9be0,TC07-20260822T184502878370-run9-27309f,TC07,end_to_end_recovery_lifecycle,9,post_recovery_verification,1,v41-TC07-9-1-51bb9858,0.2,NORMAL,NORMAL,False,available,available,201.0,0.215503,,False,,,,not_attempted,False,,True,cloud,0.215669,End-to-End Recovery Lifecycle
2026-08-22 18:45:22.433,4.1,TC07-batch-20260822T184151-4d9be0,TC07-20260822T184502878370-run9-27309f,TC07,end_to_end_recovery_lifecycle,9,post_recovery_verification,2,v41-TC07-9-2-ea2d07b6,0.2,NORMAL,NORMAL,False,available,available,201.0,0.225896,,False,,,,not_attempted,False,,True,cloud,0.226033,End-to-End Recovery Lifecycle
2026-08-22 18:45:22.834,4.1,TC07-batch-20260822T184151-4d9be0,TC07-20260822T184502878370-run9-27309f,TC07,end_to_end_recovery_lifecycle,9,post_recovery_verification,3,v41-TC07-9-3-9a469665,0.2,NORMAL,NORMAL,False,available,available,201.0,0.199218,,False,,,,not_attempted,False,,True,cloud,0.19932,End-to-End Recovery Lifecycle
2026-08-22 18:45:23.245,4.1,TC07-batch-20260822T184151-4d9be0,TC07-20260822T184502878370-run9-27309f,TC07,end_to_end_recovery_lifecycle,9,post_recovery_verification,4,v41-TC07-9-4-1dc962de,0.2,NORMAL,NORMAL,False,available,available,201.0,0.209416,,False,,,,not_attempted,False,,True,cloud,0.209511,End-to-End Recovery Lifecycle
2026-08-22 18:45:23.678,4.1,TC07-batch-20260822T184151-4d9be0,TC07-20260822T184502878370-run9-27309f,TC07,end_to_end_recovery_lifecycle,9,post_recovery_verification,5,v41-TC07-9-5-6b574da8,0.2,NORMAL,NORMAL,False,available,available,201.0,0.230859,,False,,,,not_attempted,False,,True,cloud,0.230975,End-to-End Recovery Lifecycle
2026-08-22 18:45:24.100,4.1,TC07-batch-20260822T184151-4d9be0,TC07-20260822T184502878370-run9-27309f,TC07,end_to_end_recovery_lifecycle,9,post_recovery_verification,6,v41-TC07-9-6-efcc30dd,0.2,NORMAL,NORMAL,False,available,available,201.0,0.219766,,False,,,,not_attempted,False,,True,cloud,0.219892,End-to-End Recovery Lifecycle
2026-08-22 18:45:24.532,4.1,TC07-batch-20260822T184151-4d9be0,TC07-20260822T184502878370-run9-27309f,TC07,end_to_end_recovery_lifecycle,9,post_recovery_verification,7,v41-TC07-9-7-b83df8ca,0.2,NORMAL,NORMAL,False,available,available,201.0,0.230078,,False,,,,not_attempted,False,,True,cloud,0.230191,End-to-End Recovery Lifecycle
2026-08-22 18:45:24.948,4.1,TC07-batch-20260822T184151-4d9be0,TC07-20260822T184502878370-run9-27309f,TC07,end_to_end_recovery_lifecycle,9,post_recovery_verification,8,v41-TC07-9-8-d8c20d98,0.2,NORMAL,NORMAL,False,available,available,201.0,0.214692,,False,,,,not_attempted,False,,True,cloud,0.214798,End-to-End Recovery Lifecycle
2026-08-22 18:45:25.466,4.1,TC07-batch-20260822T184151-4d9be0,TC07-20260822T184502878370-run9-27309f,TC07,end_to_end_recovery_lifecycle,9,post_recovery_verification,9,v41-TC07-9-9-a471cd59,0.2,NORMAL,NORMAL,False,available,available,201.0,0.316375,,False,,,,not_attempted,False,,True,cloud,0.316511,End-to-End Recovery Lifecycle
2026-08-22 18:45:25.878,4.1,TC07-batch-20260822T184151-4d9be0,TC07-20260822T184502878370-run9-27309f,TC07,end_to_end_recovery_lifecycle,9,post_recovery_verification,10,v41-TC07-9-10-2aa4f2a9,0.2,NORMAL,NORMAL,False,available,available,201.0,0.210218,,False,,,,not_attempted,False,,True,cloud,0.210337,End-to-End Recovery Lifecycle
2026-08-22 18:45:26.844,4.1,TC07-batch-20260822T184151-4d9be0,TC07-20260822T184526556295-run10-69bf45,TC07,end_to_end_recovery_lifecycle,10,normal_baseline,1,v41-TC07-10-1-6aa207cc,0.2,NORMAL,NORMAL,False,available,available,201.0,0.265988,,False,,,,not_attempted,False,,True,cloud,0.266087,End-to-End Recovery Lifecycle
2026-08-22 18:45:27.270,4.1,TC07-batch-20260822T184151-4d9be0,TC07-20260822T184526556295-run10-69bf45,TC07,end_to_end_recovery_lifecycle,10,normal_baseline,2,v41-TC07-10-2-f9128e46,0.2,NORMAL,NORMAL,False,available,available,201.0,0.224253,,False,,,,not_attempted,False,,True,cloud,0.224346,End-to-End Recovery Lifecycle
2026-08-22 18:45:28.924,4.1,TC07-batch-20260822T184151-4d9be0,TC07-20260822T184526556295-run10-69bf45,TC07,end_to_end_recovery_lifecycle,10,normal_baseline,3,v41-TC07-10-3-8c2e7749,0.2,NORMAL,NORMAL,False,available,available,201.0,1.452037,,False,,,,not_attempted,False,,True,cloud,1.452128,End-to-End Recovery Lifecycle
2026-08-22 18:45:29.376,4.1,TC07-batch-20260822T184151-4d9be0,TC07-20260822T184526556295-run10-69bf45,TC07,end_to_end_recovery_lifecycle,10,normal_baseline,4,v41-TC07-10-4-7b9f8f12,0.2,NORMAL,NORMAL,False,available,available,201.0,0.250929,,False,,,,not_attempted,False,,True,cloud,0.251022,End-to-End Recovery Lifecycle
2026-08-22 18:45:29.811,4.1,TC07-batch-20260822T184151-4d9be0,TC07-20260822T184526556295-run10-69bf45,TC07,end_to_end_recovery_lifecycle,10,normal_baseline,5,v41-TC07-10-5-b55ca74e,0.2,NORMAL,NORMAL,False,available,available,201.0,0.233887,,False,,,,not_attempted,False,,True,cloud,0.23411,End-to-End Recovery Lifecycle
2026-08-22 18:45:30.234,4.1,TC07-batch-20260822T184151-4d9be0,TC07-20260822T184526556295-run10-69bf45,TC07,end_to_end_recovery_lifecycle,10,normal_baseline,6,v41-TC07-10-6-c7a223f8,0.2,NORMAL,NORMAL,False,available,available,201.0,0.22061,,False,,,,not_attempted,False,,True,cloud,0.2207,End-to-End Recovery Lifecycle
2026-08-22 18:45:30.652,4.1,TC07-batch-20260822T184151-4d9be0,TC07-20260822T184526556295-run10-69bf45,TC07,end_to_end_recovery_lifecycle,10,normal_baseline,7,v41-TC07-10-7-bc8218b5,0.2,NORMAL,NORMAL,False,available,available,201.0,0.216153,,False,,,,not_attempted,False,,True,cloud,0.216309,End-to-End Recovery Lifecycle
2026-08-22 18:45:31.037,4.1,TC07-batch-20260822T184151-4d9be0,TC07-20260822T184526556295-run10-69bf45,TC07,end_to_end_recovery_lifecycle,10,normal_baseline,8,v41-TC07-10-8-41e921cf,0.2,NORMAL,NORMAL,False,available,available,201.0,0.184214,,False,,,,not_attempted,False,,True,cloud,0.184346,End-to-End Recovery Lifecycle
2026-08-22 18:45:31.467,4.1,TC07-batch-20260822T184151-4d9be0,TC07-20260822T184526556295-run10-69bf45,TC07,end_to_end_recovery_lifecycle,10,normal_baseline,9,v41-TC07-10-9-23c84a77,0.2,NORMAL,NORMAL,False,available,available,201.0,0.228341,,False,,,,not_attempted,False,,True,cloud,0.228463,End-to-End Recovery Lifecycle
2026-08-22 18:45:31.902,4.1,TC07-batch-20260822T184151-4d9be0,TC07-20260822T184526556295-run10-69bf45,TC07,end_to_end_recovery_lifecycle,10,normal_baseline,10,v41-TC07-10-10-999c8b05,0.2,NORMAL,NORMAL,False,available,available,201.0,0.233018,,False,,,,not_attempted,False,,True,cloud,0.233113,End-to-End Recovery Lifecycle
2026-08-22 18:45:35.181,4.1,TC07-batch-20260822T184151-4d9be0,TC07-20260822T184526556295-run10-69bf45,TC07,end_to_end_recovery_lifecycle,10,cloud_outage,1,v41-TC07-10-1-00442695,0.2,NORMAL,EDGE_DEGRADED,True,failed,available,,2.009252,"ConnectTimeout: HTTPConnectionPool(host='127.0.0.1', port=5000): Max retries exceeded with url: /add_order (Caused by ConnectTimeoutError(<HTTPConnection(host='127.0.0.1', port=5000) at 0x1471046bbd0>, 'Connection to 127.0.0.1 timed out. (connect timeout=2.0)'))",True,2.009252,201.0,0.225495,,True,2.234981,True,edge,2.234989,End-to-End Recovery Lifecycle
2026-08-22 18:45:35.605,4.1,TC07-batch-20260822T184151-4d9be0,TC07-20260822T184526556295-run10-69bf45,TC07,end_to_end_recovery_lifecycle,10,cloud_outage,2,v41-TC07-10-2-4a11b6d3,0.2,EDGE_DEGRADED,EDGE_DEGRADED,True,failed,available,,,not_attempted,False,,201.0,0.2217,,False,,True,edge,0.221841,End-to-End Recovery Lifecycle
2026-08-22 18:45:36.037,4.1,TC07-batch-20260822T184151-4d9be0,TC07-20260822T184526556295-run10-69bf45,TC07,end_to_end_recovery_lifecycle,10,cloud_outage,3,v41-TC07-10-3-f6860b6a,0.2,EDGE_DEGRADED,EDGE_DEGRADED,True,failed,available,,,not_attempted,False,,201.0,0.23045,,False,,True,edge,0.230575,End-to-End Recovery Lifecycle
2026-08-22 18:45:36.446,4.1,TC07-batch-20260822T184151-4d9be0,TC07-20260822T184526556295-run10-69bf45,TC07,end_to_end_recovery_lifecycle,10,cloud_outage,4,v41-TC07-10-4-cb8cfbad,0.2,EDGE_DEGRADED,EDGE_DEGRADED,True,failed,available,,,not_attempted,False,,201.0,0.207268,,False,,True,edge,0.207366,End-to-End Recovery Lifecycle
2026-08-22 18:45:36.856,4.1,TC07-batch-20260822T184151-4d9be0,TC07-20260822T184526556295-run10-69bf45,TC07,end_to_end_recovery_lifecycle,10,cloud_outage,5,v41-TC07-10-5-441dfd46,0.2,EDGE_DEGRADED,EDGE_DEGRADED,True,failed,available,,,not_attempted,False,,201.0,0.208466,,False,,True,edge,0.208604,End-to-End Recovery Lifecycle
2026-08-22 18:45:37.223,4.1,TC07-batch-20260822T184151-4d9be0,TC07-20260822T184526556295-run10-69bf45,TC07,end_to_end_recovery_lifecycle,10,cloud_outage,6,v41-TC07-10-6-472c6828,0.2,EDGE_DEGRADED,EDGE_DEGRADED,True,failed,available,,,not_attempted,False,,201.0,0.165245,,False,,True,edge,0.165333,End-to-End Recovery Lifecycle
2026-08-22 18:45:37.623,4.1,TC07-batch-20260822T184151-4d9be0,TC07-20260822T184526556295-run10-69bf45,TC07,end_to_end_recovery_lifecycle,10,cloud_outage,7,v41-TC07-10-7-e6e0341a,0.2,EDGE_DEGRADED,EDGE_DEGRADED,True,failed,available,,,not_attempted,False,,201.0,0.198886,,False,,True,edge,0.199009,End-to-End Recovery Lifecycle
2026-08-22 18:45:38.050,4.1,TC07-batch-20260822T184151-4d9be0,TC07-20260822T184526556295-run10-69bf45,TC07,end_to_end_recovery_lifecycle,10,cloud_outage,8,v41-TC07-10-8-5ea30f68,0.2,EDGE_DEGRADED,EDGE_DEGRADED,True,failed,available,,,not_attempted,False,,201.0,0.224867,,False,,True,edge,0.225053,End-to-End Recovery Lifecycle
2026-08-22 18:45:38.458,4.1,TC07-batch-20260822T184151-4d9be0,TC07-20260822T184526556295-run10-69bf45,TC07,end_to_end_recovery_lifecycle,10,cloud_outage,9,v41-TC07-10-9-b672b1f1,0.2,EDGE_DEGRADED,EDGE_DEGRADED,True,failed,available,,,not_attempted,False,,201.0,0.206087,,False,,True,edge,0.206267,End-to-End Recovery Lifecycle
2026-08-22 18:45:38.844,4.1,TC07-batch-20260822T184151-4d9be0,TC07-20260822T184526556295-run10-69bf45,TC07,end_to_end_recovery_lifecycle,10,cloud_outage,10,v41-TC07-10-10-5fcd568f,0.2,EDGE_DEGRADED,EDGE_DEGRADED,True,failed,available,,,not_attempted,False,,201.0,0.184312,,False,,True,edge,0.184406,End-to-End Recovery Lifecycle
2026-08-22 18:45:45.812,4.1,TC07-batch-20260822T184151-4d9be0,TC07-20260822T184526556295-run10-69bf45,TC07,end_to_end_recovery_lifecycle,10,post_recovery_verification,1,v41-TC07-10-1-e581e752,0.2,NORMAL,NORMAL,False,available,available,201.0,0.17196,,False,,,,not_attempted,False,,True,cloud,0.172025,End-to-End Recovery Lifecycle
2026-08-22 18:45:46.205,4.1,TC07-batch-20260822T184151-4d9be0,TC07-20260822T184526556295-run10-69bf45,TC07,end_to_end_recovery_lifecycle,10,post_recovery_verification,2,v41-TC07-10-2-5ba54449,0.2,NORMAL,NORMAL,False,available,available,201.0,0.19124,,False,,,,not_attempted,False,,True,cloud,0.19149,End-to-End Recovery Lifecycle
2026-08-22 18:45:46.601,4.1,TC07-batch-20260822T184151-4d9be0,TC07-20260822T184526556295-run10-69bf45,TC07,end_to_end_recovery_lifecycle,10,post_recovery_verification,3,v41-TC07-10-3-34fbadb4,0.2,NORMAL,NORMAL,False,available,available,201.0,0.193774,,False,,,,not_attempted,False,,True,cloud,0.193902,End-to-End Recovery Lifecycle
2026-08-22 18:45:46.989,4.1,TC07-batch-20260822T184151-4d9be0,TC07-20260822T184526556295-run10-69bf45,TC07,end_to_end_recovery_lifecycle,10,post_recovery_verification,4,v41-TC07-10-4-705338d9,0.2,NORMAL,NORMAL,False,available,available,201.0,0.186376,,False,,,,not_attempted,False,,True,cloud,0.186489,End-to-End Recovery Lifecycle
2026-08-22 18:45:47.382,4.1,TC07-batch-20260822T184151-4d9be0,TC07-20260822T184526556295-run10-69bf45,TC07,end_to_end_recovery_lifecycle,10,post_recovery_verification,5,v41-TC07-10-5-21566d4a,0.2,NORMAL,NORMAL,False,available,available,201.0,0.190781,,False,,,,not_attempted,False,,True,cloud,0.190986,End-to-End Recovery Lifecycle
2026-08-22 18:45:47.755,4.1,TC07-batch-20260822T184151-4d9be0,TC07-20260822T184526556295-run10-69bf45,TC07,end_to_end_recovery_lifecycle,10,post_recovery_verification,6,v41-TC07-10-6-9c393f81,0.2,NORMAL,NORMAL,False,available,available,201.0,0.170687,,False,,,,not_attempted,False,,True,cloud,0.170767,End-to-End Recovery Lifecycle
2026-08-22 18:45:48.146,4.1,TC07-batch-20260822T184151-4d9be0,TC07-20260822T184526556295-run10-69bf45,TC07,end_to_end_recovery_lifecycle,10,post_recovery_verification,7,v41-TC07-10-7-3e496857,0.2,NORMAL,NORMAL,False,available,available,201.0,0.189227,,False,,,,not_attempted,False,,True,cloud,0.189297,End-to-End Recovery Lifecycle
2026-08-22 18:45:48.545,4.1,TC07-batch-20260822T184151-4d9be0,TC07-20260822T184526556295-run10-69bf45,TC07,end_to_end_recovery_lifecycle,10,post_recovery_verification,8,v41-TC07-10-8-65187cc8,0.2,NORMAL,NORMAL,False,available,available,201.0,0.198147,,False,,,,not_attempted,False,,True,cloud,0.198229,End-to-End Recovery Lifecycle
2026-08-22 18:45:49.012,4.1,TC07-batch-20260822T184151-4d9be0,TC07-20260822T184526556295-run10-69bf45,TC07,end_to_end_recovery_lifecycle,10,post_recovery_verification,9,v41-TC07-10-9-ca32e640,0.2,NORMAL,NORMAL,False,available,available,201.0,0.26565,,False,,,,not_attempted,False,,True,cloud,0.265738,End-to-End Recovery Lifecycle
2026-08-22 18:45:49.367,4.1,TC07-batch-20260822T184151-4d9be0,TC07-20260822T184526556295-run10-69bf45,TC07,end_to_end_recovery_lifecycle,10,post_recovery_verification,10,v41-TC07-10-10-7dca3bf7,0.2,NORMAL,NORMAL,False,available,available,201.0,0.152721,,False,,,,not_attempted,False,,True,cloud,0.152791,End-to-End Recovery Lifecycle
